"Label","Barrow County, Georgia!!Total!!Estimate","Barrow County, Georgia!!Total!!Margin of Error","Barrow County, Georgia!!Public Coverage!!Estimate","Barrow County, Georgia!!Public Coverage!!Margin of Error","Barrow County, Georgia!!Percent Public Coverage!!Estimate","Barrow County, Georgia!!Percent Public Coverage!!Margin of Error","Bartow County, Georgia!!Total!!Estimate","Bartow County, Georgia!!Total!!Margin of Error","Bartow County, Georgia!!Public Coverage!!Estimate","Bartow County, Georgia!!Public Coverage!!Margin of Error","Bartow County, Georgia!!Percent Public Coverage!!Estimate","Bartow County, Georgia!!Percent Public Coverage!!Margin of Error","Bibb County, Georgia!!Total!!Estimate","Bibb County, Georgia!!Total!!Margin of Error","Bibb County, Georgia!!Public Coverage!!Estimate","Bibb County, Georgia!!Public Coverage!!Margin of Error","Bibb County, Georgia!!Percent Public Coverage!!Estimate","Bibb County, Georgia!!Percent Public Coverage!!Margin of Error","Bulloch County, Georgia!!Total!!Estimate","Bulloch County, Georgia!!Total!!Margin of Error","Bulloch County, Georgia!!Public Coverage!!Estimate","Bulloch County, Georgia!!Public Coverage!!Margin of Error","Bulloch County, Georgia!!Percent Public Coverage!!Estimate","Bulloch County, Georgia!!Percent Public Coverage!!Margin of Error","Carroll County, Georgia!!Total!!Estimate","Carroll County, Georgia!!Total!!Margin of Error","Carroll County, Georgia!!Public Coverage!!Estimate","Carroll County, Georgia!!Public Coverage!!Margin of Error","Carroll County, Georgia!!Percent Public Coverage!!Estimate","Carroll County, Georgia!!Percent Public Coverage!!Margin of Error","Catoosa County, Georgia!!Total!!Estimate","Catoosa County, Georgia!!Total!!Margin of Error","Catoosa County, Georgia!!Public Coverage!!Estimate","Catoosa County, Georgia!!Public Coverage!!Margin of Error","Catoosa County, Georgia!!Percent Public Coverage!!Estimate","Catoosa County, Georgia!!Percent Public Coverage!!Margin of Error","Chatham County, Georgia!!Total!!Estimate","Chatham County, Georgia!!Total!!Margin of Error","Chatham County, Georgia!!Public Coverage!!Estimate","Chatham County, Georgia!!Public Coverage!!Margin of Error","Chatham County, Georgia!!Percent Public Coverage!!Estimate","Chatham County, Georgia!!Percent Public Coverage!!Margin of Error","Cherokee County, Georgia!!Total!!Estimate","Cherokee County, Georgia!!Total!!Margin of Error","Cherokee County, Georgia!!Public Coverage!!Estimate","Cherokee County, Georgia!!Public Coverage!!Margin of Error","Cherokee County, Georgia!!Percent Public Coverage!!Estimate","Cherokee County, Georgia!!Percent Public Coverage!!Margin of Error","Clarke County, Georgia!!Total!!Estimate","Clarke County, Georgia!!Total!!Margin of Error","Clarke County, Georgia!!Public Coverage!!Estimate","Clarke County, Georgia!!Public Coverage!!Margin of Error","Clarke County, Georgia!!Percent Public Coverage!!Estimate","Clarke County, Georgia!!Percent Public Coverage!!Margin of Error","Clayton County, Georgia!!Total!!Estimate","Clayton County, Georgia!!Total!!Margin of Error","Clayton County, Georgia!!Public Coverage!!Estimate","Clayton County, Georgia!!Public Coverage!!Margin of Error","Clayton County, Georgia!!Percent Public Coverage!!Estimate","Clayton County, Georgia!!Percent Public Coverage!!Margin of Error","Cobb County, Georgia!!Total!!Estimate","Cobb County, Georgia!!Total!!Margin of Error","Cobb County, Georgia!!Public Coverage!!Estimate","Cobb County, Georgia!!Public Coverage!!Margin of Error","Cobb County, Georgia!!Percent Public Coverage!!Estimate","Cobb County, Georgia!!Percent Public Coverage!!Margin of Error","Columbia County, Georgia!!Total!!Estimate","Columbia County, Georgia!!Total!!Margin of Error","Columbia County, Georgia!!Public Coverage!!Estimate","Columbia County, Georgia!!Public Coverage!!Margin of Error","Columbia County, Georgia!!Percent Public Coverage!!Estimate","Columbia County, Georgia!!Percent Public Coverage!!Margin of Error","Coweta County, Georgia!!Total!!Estimate","Coweta County, Georgia!!Total!!Margin of Error","Coweta County, Georgia!!Public Coverage!!Estimate","Coweta County, Georgia!!Public Coverage!!Margin of Error","Coweta County, Georgia!!Percent Public Coverage!!Estimate","Coweta County, Georgia!!Percent Public Coverage!!Margin of Error","DeKalb County, Georgia!!Total!!Estimate","DeKalb County, Georgia!!Total!!Margin of Error","DeKalb County, Georgia!!Public Coverage!!Estimate","DeKalb County, Georgia!!Public Coverage!!Margin of Error","DeKalb County, Georgia!!Percent Public Coverage!!Estimate","DeKalb County, Georgia!!Percent Public Coverage!!Margin of Error","Dougherty County, Georgia!!Total!!Estimate","Dougherty County, Georgia!!Total!!Margin of Error","Dougherty County, Georgia!!Public Coverage!!Estimate","Dougherty County, Georgia!!Public Coverage!!Margin of Error","Dougherty County, Georgia!!Percent Public Coverage!!Estimate","Dougherty County, Georgia!!Percent Public Coverage!!Margin of Error","Douglas County, Georgia!!Total!!Estimate","Douglas County, Georgia!!Total!!Margin of Error","Douglas County, Georgia!!Public Coverage!!Estimate","Douglas County, Georgia!!Public Coverage!!Margin of Error","Douglas County, Georgia!!Percent Public Coverage!!Estimate","Douglas County, Georgia!!Percent Public Coverage!!Margin of Error","Fayette County, Georgia!!Total!!Estimate","Fayette County, Georgia!!Total!!Margin of Error","Fayette County, Georgia!!Public Coverage!!Estimate","Fayette County, Georgia!!Public Coverage!!Margin of Error","Fayette County, Georgia!!Percent Public Coverage!!Estimate","Fayette County, Georgia!!Percent Public Coverage!!Margin of Error","Floyd County, Georgia!!Total!!Estimate","Floyd County, Georgia!!Total!!Margin of Error","Floyd County, Georgia!!Public Coverage!!Estimate","Floyd County, Georgia!!Public Coverage!!Margin of Error","Floyd County, Georgia!!Percent Public Coverage!!Estimate","Floyd County, Georgia!!Percent Public Coverage!!Margin of Error","Forsyth County, Georgia!!Total!!Estimate","Forsyth County, Georgia!!Total!!Margin of Error","Forsyth County, Georgia!!Public Coverage!!Estimate","Forsyth County, Georgia!!Public Coverage!!Margin of Error","Forsyth County, Georgia!!Percent Public Coverage!!Estimate","Forsyth County, Georgia!!Percent Public Coverage!!Margin of Error","Fulton County, Georgia!!Total!!Estimate","Fulton County, Georgia!!Total!!Margin of Error","Fulton County, Georgia!!Public Coverage!!Estimate","Fulton County, Georgia!!Public Coverage!!Margin of Error","Fulton County, Georgia!!Percent Public Coverage!!Estimate","Fulton County, Georgia!!Percent Public Coverage!!Margin of Error","Glynn County, Georgia!!Total!!Estimate","Glynn County, Georgia!!Total!!Margin of Error","Glynn County, Georgia!!Public Coverage!!Estimate","Glynn County, Georgia!!Public Coverage!!Margin of Error","Glynn County, Georgia!!Percent Public Coverage!!Estimate","Glynn County, Georgia!!Percent Public Coverage!!Margin of Error","Gwinnett County, Georgia!!Total!!Estimate","Gwinnett County, Georgia!!Total!!Margin of Error","Gwinnett County, Georgia!!Public Coverage!!Estimate","Gwinnett County, Georgia!!Public Coverage!!Margin of Error","Gwinnett County, Georgia!!Percent Public Coverage!!Estimate","Gwinnett County, Georgia!!Percent Public Coverage!!Margin of Error","Hall County, Georgia!!Total!!Estimate","Hall County, Georgia!!Total!!Margin of Error","Hall County, Georgia!!Public Coverage!!Estimate","Hall County, Georgia!!Public Coverage!!Margin of Error","Hall County, Georgia!!Percent Public Coverage!!Estimate","Hall County, Georgia!!Percent Public Coverage!!Margin of Error","Henry County, Georgia!!Total!!Estimate","Henry County, Georgia!!Total!!Margin of Error","Henry County, Georgia!!Public Coverage!!Estimate","Henry County, Georgia!!Public Coverage!!Margin of Error","Henry County, Georgia!!Percent Public Coverage!!Estimate","Henry County, Georgia!!Percent Public Coverage!!Margin of Error","Houston County, Georgia!!Total!!Estimate","Houston County, Georgia!!Total!!Margin of Error","Houston County, Georgia!!Public Coverage!!Estimate","Houston County, Georgia!!Public Coverage!!Margin of Error","Houston County, Georgia!!Percent Public Coverage!!Estimate","Houston County, Georgia!!Percent Public Coverage!!Margin of Error","Jackson County, Georgia!!Total!!Estimate","Jackson County, Georgia!!Total!!Margin of Error","Jackson County, Georgia!!Public Coverage!!Estimate","Jackson County, Georgia!!Public Coverage!!Margin of Error","Jackson County, Georgia!!Percent Public Coverage!!Estimate","Jackson County, Georgia!!Percent Public Coverage!!Margin of Error","Lowndes County, Georgia!!Total!!Estimate","Lowndes County, Georgia!!Total!!Margin of Error","Lowndes County, Georgia!!Public Coverage!!Estimate","Lowndes County, Georgia!!Public Coverage!!Margin of Error","Lowndes County, Georgia!!Percent Public Coverage!!Estimate","Lowndes County, Georgia!!Percent Public Coverage!!Margin of Error","Muscogee County, Georgia!!Total!!Estimate","Muscogee County, Georgia!!Total!!Margin of Error","Muscogee County, Georgia!!Public Coverage!!Estimate","Muscogee County, Georgia!!Public Coverage!!Margin of Error","Muscogee County, Georgia!!Percent Public Coverage!!Estimate","Muscogee County, Georgia!!Percent Public Coverage!!Margin of Error","Newton County, Georgia!!Total!!Estimate","Newton County, Georgia!!Total!!Margin of Error","Newton County, Georgia!!Public Coverage!!Estimate","Newton County, Georgia!!Public Coverage!!Margin of Error","Newton County, Georgia!!Percent Public Coverage!!Estimate","Newton County, Georgia!!Percent Public Coverage!!Margin of Error","Paulding County, Georgia!!Total!!Estimate","Paulding County, Georgia!!Total!!Margin of Error","Paulding County, Georgia!!Public Coverage!!Estimate","Paulding County, Georgia!!Public Coverage!!Margin of Error","Paulding County, Georgia!!Percent Public Coverage!!Estimate","Paulding County, Georgia!!Percent Public Coverage!!Margin of Error","Richmond County, Georgia!!Total!!Estimate","Richmond County, Georgia!!Total!!Margin of Error","Richmond County, Georgia!!Public Coverage!!Estimate","Richmond County, Georgia!!Public Coverage!!Margin of Error","Richmond County, Georgia!!Percent Public Coverage!!Estimate","Richmond County, Georgia!!Percent Public Coverage!!Margin of Error","Rockdale County, Georgia!!Total!!Estimate","Rockdale County, Georgia!!Total!!Margin of Error","Rockdale County, Georgia!!Public Coverage!!Estimate","Rockdale County, Georgia!!Public Coverage!!Margin of Error","Rockdale County, Georgia!!Percent Public Coverage!!Estimate","Rockdale County, Georgia!!Percent Public Coverage!!Margin of Error","Spalding County, Georgia!!Total!!Estimate","Spalding County, Georgia!!Total!!Margin of Error","Spalding County, Georgia!!Public Coverage!!Estimate","Spalding County, Georgia!!Public Coverage!!Margin of Error","Spalding County, Georgia!!Percent Public Coverage!!Estimate","Spalding County, Georgia!!Percent Public Coverage!!Margin of Error","Troup County, Georgia!!Total!!Estimate","Troup County, Georgia!!Total!!Margin of Error","Troup County, Georgia!!Public Coverage!!Estimate","Troup County, Georgia!!Public Coverage!!Margin of Error","Troup County, Georgia!!Percent Public Coverage!!Estimate","Troup County, Georgia!!Percent Public Coverage!!Margin of Error","Walker County, Georgia!!Total!!Estimate","Walker County, Georgia!!Total!!Margin of Error","Walker County, Georgia!!Public Coverage!!Estimate","Walker County, Georgia!!Public Coverage!!Margin of Error","Walker County, Georgia!!Percent Public Coverage!!Estimate","Walker County, Georgia!!Percent Public Coverage!!Margin of Error","Walton County, Georgia!!Total!!Estimate","Walton County, Georgia!!Total!!Margin of Error","Walton County, Georgia!!Public Coverage!!Estimate","Walton County, Georgia!!Public Coverage!!Margin of Error","Walton County, Georgia!!Percent Public Coverage!!Estimate","Walton County, Georgia!!Percent Public Coverage!!Margin of Error","Whitfield County, Georgia!!Total!!Estimate","Whitfield County, Georgia!!Total!!Margin of Error","Whitfield County, Georgia!!Public Coverage!!Estimate","Whitfield County, Georgia!!Public Coverage!!Margin of Error","Whitfield County, Georgia!!Percent Public Coverage!!Estimate","Whitfield County, Georgia!!Percent Public Coverage!!Margin of Error","United States!!Total!!Estimate","United States!!Total!!Margin of Error","United States!!Public Coverage!!Estimate","United States!!Public Coverage!!Margin of Error","United States!!Percent Public Coverage!!Estimate","United States!!Percent Public Coverage!!Margin of Error"
"Civilian noninstitutionalized population","83,109","±278","26,216","±2,730","31.5%","±3.3","106,636","±728","31,098","±2,698","29.2%","±2.5","150,140","±872","65,110","±4,470","43.4%","±2.9","79,029","±270","21,649","±2,165","27.4%","±2.7","118,835","±720","37,952","±3,897","31.9%","±3.3","67,097","±396","22,223","±3,011","33.1%","±4.5","280,329","±1,529","95,069","±5,419","33.9%","±1.9","257,624","±679","64,397","±4,326","25.0%","±1.7","127,623","±348","35,487","±3,846","27.8%","±3.0","288,139","±1,480","106,313","±6,494","36.9%","±2.3","755,074","±1,384","176,969","±8,318","23.4%","±1.1","155,016","±756","38,145","±3,670","24.6%","±2.3","147,837","±741","38,784","±3,942","26.2%","±2.7","752,968","±1,553","217,342","±8,927","28.9%","±1.2","85,803","±906","38,494","±3,469","44.9%","±4.0","145,246","±856","36,541","±5,039","25.2%","±3.5","113,692","±658","33,212","±3,160","29.2%","±2.8","96,115","±953","35,428","±2,360","36.9%","±2.5","243,565","±547","41,407","±2,329","17.0%","±1.0","1,053,583","±1,481","272,475","±10,668","25.9%","±1.0","84,337","±868","30,683","±2,987","36.4%","±3.6","930,955","±962","218,398","±10,001","23.5%","±1.1","203,309","±687","63,049","±3,669","31.0%","±1.8","233,110","±794","57,957","±5,519","24.9%","±2.4","152,785","±1,568","46,095","±4,251","30.2%","±2.8","72,171","±666","21,666","±2,243","30.0%","±3.1","111,889","±1,345","41,602","±4,035","37.2%","±3.4","186,163","±1,921","68,732","±4,531","36.9%","±2.4","110,853","±1,049","33,045","±4,980","29.8%","±4.5","167,725","±774","47,584","±4,336","28.4%","±2.6","190,929","±1,866","83,717","±5,599","43.8%","±3.0","90,120","±734","33,238","±3,381","36.9%","±3.7","65,349","±1,253","26,442","±3,261","40.5%","±5.0","68,204","±1,134","26,310","±3,028","38.6%","±4.3","68,199","±1,015","28,116","±3,171","41.2%","±4.6","93,641","±866","31,422","±3,248","33.6%","±3.4","103,726","±1,032","34,307","±2,915","33.1%","±2.8","323,120,678","±17,674","114,314,962","±222,364","35.4%","±0.1"
"COVERAGE ALONE OR IN COMBINATION","","","","","","","","","","","","","","","","","","","","","","","","","","","","","","","","","","","","","","","","","","","","","","","","","","","","","","","","","","","","","","","","","","","","","","","","","","","","","","","","","","","","","","","","","","","","","","","","","","","","","","","","","","","","","","","","","","","","","","","","","","","","","","","","","","","","","","","","","","","","","","","","","","","","","","","","","","","","","","","","","","","","","","","","","","","","","","","","","","","","","","","","","","","","","","","","","","","","","","","","","","","","","","","","","","","","","","","","","","","","","","","","","","","",""
"    Medicare coverage alone or in combination","(X)","(X)","11,501","±1,100","13.8%","±1.3","(X)","(X)","18,014","±1,185","16.9%","±1.1","(X)","(X)","27,618","±1,165","18.4%","±0.8","(X)","(X)","10,239","±795","13.0%","±1.0","(X)","(X)","20,237","±1,592","17.0%","±1.3","(X)","(X)","14,014","±960","20.9%","±1.4","(X)","(X)","50,636","±2,177","18.1%","±0.8","(X)","(X)","40,896","±1,675","15.9%","±0.7","(X)","(X)","16,296","±1,287","12.8%","±1.0","(X)","(X)","34,292","±2,234","11.9%","±0.8","(X)","(X)","102,230","±3,445","13.5%","±0.5","(X)","(X)","23,534","±1,723","15.2%","±1.1","(X)","(X)","24,384","±1,792","16.5%","±1.2","(X)","(X)","105,107","±2,975","14.0%","±0.4","(X)","(X)","15,966","±838","18.6%","±0.9","(X)","(X)","17,603","±1,318","12.1%","±0.9","(X)","(X)","22,493","±1,009","19.8%","±0.9","(X)","(X)","19,249","±1,112","20.0%","±1.2","(X)","(X)","30,672","±1,204","12.6%","±0.5","(X)","(X)","134,519","±3,258","12.8%","±0.3","(X)","(X)","19,095","±1,207","22.6%","±1.4","(X)","(X)","102,148","±2,942","11.0%","±0.3","(X)","(X)","33,566","±1,574","16.5%","±0.8","(X)","(X)","30,099","±1,341","12.9%","±0.6","(X)","(X)","23,285","±2,403","15.2%","±1.6","(X)","(X)","13,220","±1,244","18.3%","±1.7","(X)","(X)","17,459","±1,461","15.6%","±1.3","(X)","(X)","33,520","±2,378","18.0%","±1.3","(X)","(X)","17,340","±1,346","15.6%","±1.2","(X)","(X)","23,261","±2,115","13.9%","±1.3","(X)","(X)","36,203","±1,976","19.0%","±1.0","(X)","(X)","15,460","±1,156","17.2%","±1.3","(X)","(X)","14,100","±1,001","21.6%","±1.6","(X)","(X)","12,841","±1,332","18.8%","±1.9","(X)","(X)","15,869","±1,231","23.3%","±1.8","(X)","(X)","18,640","±1,149","19.9%","±1.2","(X)","(X)","17,015","±1,345","16.4%","±1.3","(X)","(X)","58,327,219","±59,455","18.1%","±0.1"
"        Under 19","22,281","±376","133","±255","0.6%","±1.1","27,405","±1,049","53","±92","0.2%","±0.3","40,281","±1,135","0","±234","0.0%","±0.6","18,517","±1,473","0","±234","0.0%","±1.2","29,291","±661","274","±390","0.9%","±1.3","16,528","±963","460","±660","2.8%","±4.0","65,412","±1,501","119","±151","0.2%","±0.2","66,306","±1,122","532","±500","0.8%","±0.8","27,221","±1,224","0","±234","0.0%","±0.8","85,541","±1,238","639","±758","0.7%","±0.9","187,789","±1,500","2,718","±1,709","1.4%","±0.9","41,993","±1,454","73","±123","0.2%","±0.3","38,489","±782","161","±172","0.4%","±0.4","182,274","±1,381","835","±493","0.5%","±0.3","21,350","±673","158","±208","0.7%","±1.0","41,051","±2,303","0","±234","0.0%","±0.6","27,632","±750","0","±234","0.0%","±0.8","24,452","±651","0","±234","0.0%","±0.9","69,411","±915","389","±444","0.6%","±0.6","244,395","±2,180","1,221","±748","0.5%","±0.3","19,047","±560","0","±234","0.0%","±1.2","260,427","±2,161","1,531","±725","0.6%","±0.3","53,170","±583","771","±665","1.5%","±1.2","61,900","±837","0","±234","0.0%","±0.4","41,190","±837","1,547","±1,551","3.8%","±3.7","19,848","±535","46","±105","0.2%","±0.5","30,713","±1,240","92","±152","0.3%","±0.5","51,481","±812","1,449","±1,135","2.8%","±2.2","31,420","±1,500","278","±297","0.9%","±0.9","45,755","±1,124","1,058","±745","2.3%","±1.6","50,324","±1,873","208","±243","0.4%","±0.5","23,705","±1,075","241","±351","1.0%","±1.5","16,870","±567","58","±123","0.3%","±0.7","17,370","±500","0","±234","0.0%","±1.3","15,793","±492","0","±234","0.0%","±1.4","23,886","±502","94","±163","0.4%","±0.7","28,609","±900","378","±414","1.3%","±1.4","77,350,432","±52,527","475,670","±17,504","0.6%","±0.1"
"        19 to 64 years","50,493","±787","1,519","±730","3.0%","±1.4","63,321","±1,439","2,234","±757","3.5%","±1.2","86,286","±1,446","4,857","±1,044","5.6%","±1.2","51,641","±1,571","1,624","±621","3.1%","±1.2","73,249","±1,070","3,851","±1,355","5.3%","±1.8","38,852","±941","1,875","±707","4.8%","±1.8","169,511","±2,291","6,859","±1,741","4.0%","±1.0","153,357","±1,744","3,190","±1,074","2.1%","±0.7","86,291","±1,364","2,593","±1,033","3.0%","±1.2","175,014","±2,144","8,090","±1,862","4.6%","±1.1","472,383","±1,892","10,525","±2,411","2.2%","±0.5","91,178","±1,836","2,747","±1,270","3.0%","±1.4","87,878","±1,388","3,342","±1,581","3.8%","±1.8","474,356","±1,979","12,866","±2,610","2.7%","±0.6","50,068","±1,195","1,979","±729","4.0%","±1.4","86,847","±2,417","1,922","±925","2.2%","±1.1","64,447","±991","1,666","±879","2.6%","±1.4","55,241","±1,095","3,036","±1,044","5.5%","±1.9","143,863","±1,321","1,687","±601","1.2%","±0.4","684,188","±2,495","15,828","±2,723","2.3%","±0.4","47,914","±860","2,150","±1,093","4.5%","±2.3","572,974","±2,306","11,562","±2,345","2.0%","±0.4","119,482","±1,114","3,550","±1,098","3.0%","±0.9","143,378","±1,383","2,743","±936","1.9%","±0.7","91,883","±1,898","2,570","±1,286","2.8%","±1.4","41,676","±1,060","3,574","±1,134","8.6%","±2.6","66,802","±1,848","3,422","±1,393","5.1%","±2.1","108,251","±1,874","6,988","±1,693","6.5%","±1.6","64,981","±1,749","3,045","±1,227","4.7%","±1.9","104,204","±1,543","4,601","±1,824","4.4%","±1.8","111,990","±2,733","7,890","±1,776","7.0%","±1.5","52,850","±1,266","2,401","±883","4.5%","±1.7","36,470","±1,533","2,372","±890","6.5%","±2.4","40,467","±1,296","2,653","±1,110","6.6%","±2.7","39,742","±1,199","3,432","±1,136","8.6%","±2.8","55,039","±1,240","3,984","±1,065","7.2%","±1.9","60,348","±1,452","2,519","±776","4.2%","±1.3","192,987,829","±49,706","7,295,947","±48,655","3.8%","±0.1"
"        65 years and over","10,335","±714","9,849","±820","95.3%","±3.8","15,910","±877","15,727","±912","98.8%","±1.1","23,573","±469","22,761","±652","96.6%","±2.0","8,871","±441","8,615","±612","97.1%","±4.3","16,295","±607","16,112","±648","98.9%","±1.3","11,717","±214","11,679","±230","99.7%","±0.6","45,406","±804","43,658","±1,031","96.2%","±1.5","37,961","±1,090","37,174","±1,111","97.9%","±1.4","14,111","±534","13,703","±610","97.1%","±2.3","27,584","±851","25,563","±967","92.7%","±3.2","94,902","±578","88,987","±1,585","93.8%","±1.5","21,845","±954","20,714","±1,141","94.8%","±3.9","21,470","±791","20,881","±874","97.3%","±1.7","96,338","±483","91,406","±1,375","94.9%","±1.3","14,385","±432","13,829","±499","96.1%","±2.9","17,348","±690","15,681","±1,032","90.4%","±5.4","21,613","±574","20,827","±686","96.4%","±2.2","16,422","±456","16,213","±500","98.7%","±1.0","30,291","±555","28,596","±845","94.4%","±2.4","125,000","±853","117,470","±2,087","94.0%","±1.4","17,376","±441","16,945","±598","97.5%","±2.4","97,554","±699","89,055","±1,805","91.3%","±1.8","30,657","±753","29,245","±894","95.4%","±2.0","27,832","±809","27,356","±901","98.3%","±1.3","19,712","±641","19,168","±826","97.2%","±3.2","10,647","±733","9,600","±445","90.2%","±6.4","14,374","±214","13,945","±308","97.0%","±1.8","26,431","±591","25,083","±724","94.9%","±2.3","14,452","±306","14,017","±539","97.0%","±2.3","17,766","±723","17,602","±740","99.1%","±0.9","28,615","±555","28,105","±714","98.2%","±1.4","13,565","±446","12,818","±656","94.5%","±4.1","12,009","±721","11,670","±794","97.2%","±2.1","10,367","±630","10,188","±652","98.3%","±2.2","12,664","±550","12,437","±578","98.2%","±1.7","14,716","±885","14,562","±898","99.0%","±1.1","14,769","±705","14,118","±882","95.6%","±2.9","52,782,417","±26,301","50,555,602","±40,581","95.8%","±0.1"
"    Medicaid/means-tested public coverage alone or in combination","(X)","(X)","16,519","±2,699","19.9%","±3.3","(X)","(X)","15,389","±2,623","14.4%","±2.5","(X)","(X)","43,810","±4,786","29.2%","±3.2","(X)","(X)","11,831","±2,195","15.0%","±2.8","(X)","(X)","20,738","±3,825","17.5%","±3.2","(X)","(X)","9,901","±2,978","14.8%","±4.4","(X)","(X)","49,625","±5,483","17.7%","±1.9","(X)","(X)","26,991","±4,129","10.5%","±1.6","(X)","(X)","20,480","±3,617","16.0%","±2.8","(X)","(X)","76,956","±6,392","26.7%","±2.2","(X)","(X)","81,833","±7,815","10.8%","±1.0","(X)","(X)","10,654","±2,492","6.9%","±1.6","(X)","(X)","18,022","±3,620","12.2%","±2.4","(X)","(X)","126,739","±8,728","16.8%","±1.2","(X)","(X)","25,814","±3,675","30.1%","±4.2","(X)","(X)","19,990","±4,865","13.8%","±3.3","(X)","(X)","12,611","±3,076","11.1%","±2.7","(X)","(X)","18,823","±2,401","19.6%","±2.5","(X)","(X)","12,377","±2,161","5.1%","±0.9","(X)","(X)","154,698","±10,908","14.7%","±1.0","(X)","(X)","14,189","±2,860","16.8%","±3.4","(X)","(X)","126,451","±9,677","13.6%","±1.0","(X)","(X)","32,825","±3,782","16.1%","±1.9","(X)","(X)","28,031","±5,293","12.0%","±2.3","(X)","(X)","24,988","±4,034","16.4%","±2.7","(X)","(X)","10,397","±2,131","14.4%","±2.9","(X)","(X)","25,789","±3,720","23.0%","±3.2","(X)","(X)","40,616","±4,637","21.8%","±2.5","(X)","(X)","19,453","±5,028","17.5%","±4.5","(X)","(X)","25,505","±4,414","15.2%","±2.6","(X)","(X)","51,079","±5,546","26.8%","±2.9","(X)","(X)","16,677","±3,708","18.5%","±4.1","(X)","(X)","14,618","±3,200","22.4%","±4.9","(X)","(X)","15,782","±2,634","23.1%","±3.8","(X)","(X)","15,393","±2,970","22.6%","±4.4","(X)","(X)","14,191","±3,187","15.2%","±3.4","(X)","(X)","20,083","±2,827","19.4%","±2.7","(X)","(X)","64,077,172","±247,116","19.8%","±0.1"
"        Under 19","22,281","±376","9,276","±1,834","41.6%","±8.3","27,405","±1,049","9,321","±2,149","34.0%","±7.6","40,281","±1,135","26,158","±3,002","64.9%","±6.7","18,517","±1,473","8,049","±1,634","43.5%","±8.9","29,291","±661","12,262","±2,869","41.9%","±9.7","16,528","±963","3,925","±1,617","23.7%","±9.7","65,412","±1,501","27,541","±3,286","42.1%","±5.2","66,306","±1,122","17,157","±3,277","25.9%","±4.9","27,221","±1,224","10,871","±2,443","39.9%","±9.2","85,541","±1,238","48,968","±4,704","57.2%","±5.3","187,789","±1,500","53,914","±6,437","28.7%","±3.4","41,993","±1,454","4,756","±1,624","11.3%","±3.8","38,489","±782","9,185","±2,704","23.9%","±7.0","182,274","±1,381","79,133","±6,133","43.4%","±3.3","21,350","±673","13,450","±1,951","63.0%","±9.3","41,051","±2,303","11,146","±3,098","27.2%","±7.7","27,632","±750","5,673","±1,927","20.5%","±6.8","24,452","±651","10,921","±1,394","44.7%","±5.6","69,411","±915","7,653","±1,743","11.0%","±2.5","244,395","±2,180","84,330","±7,807","34.5%","±3.2","19,047","±560","7,885","±2,128","41.4%","±11.3","260,427","±2,161","86,217","±8,070","33.1%","±3.1","53,170","±583","21,637","±3,056","40.7%","±5.8","61,900","±837","15,285","±4,003","24.7%","±6.5","41,190","±837","11,953","±2,754","29.0%","±6.8","19,848","±535","5,286","±1,494","26.6%","±7.3","30,713","±1,240","15,836","±2,224","51.6%","±7.9","51,481","±812","20,851","±3,296","40.5%","±6.3","31,420","±1,500","11,331","±4,592","36.1%","±14.0","45,755","±1,124","13,624","±3,255","29.8%","±7.3","50,324","±1,873","26,470","±3,215","52.6%","±6.4","23,705","±1,075","10,209","±2,308","43.1%","±9.4","16,870","±567","8,577","±2,350","50.8%","±14.2","17,370","±500","9,542","±1,993","54.9%","±11.4","15,793","±492","7,722","±2,068","48.9%","±13.1","23,886","±502","7,024","±1,760","29.4%","±7.4","28,609","±900","14,058","±2,561","49.1%","±9.0","77,350,432","±52,527","29,101,514","±162,736","37.6%","±0.2"
"        19 to 64 years","50,493","±787","5,548","±1,419","11.0%","±2.8","63,321","±1,439","4,225","±1,479","6.7%","±2.3","86,286","±1,446","12,554","±2,471","14.5%","±2.9","51,641","±1,571","2,267","±929","4.4%","±1.8","73,249","±1,070","6,333","±1,849","8.6%","±2.5","38,852","±941","4,414","±1,839","11.4%","±4.7","169,511","±2,291","15,417","±2,641","9.1%","±1.5","153,357","±1,744","5,325","±1,723","3.5%","±1.1","86,291","±1,364","7,927","±2,074","9.2%","±2.4","175,014","±2,144","22,735","±2,798","13.0%","±1.6","472,383","±1,892","18,142","±3,493","3.8%","±0.7","91,178","±1,836","4,900","±2,025","5.4%","±2.2","87,878","±1,388","5,606","±1,576","6.4%","±1.8","474,356","±1,979","31,762","±4,181","6.7%","±0.9","50,068","±1,195","8,447","±2,113","16.9%","±4.2","86,847","±2,417","7,044","±2,462","8.1%","±2.8","64,447","±991","4,815","±1,597","7.5%","±2.5","55,241","±1,095","5,836","±1,441","10.6%","±2.6","143,863","±1,321","2,996","±999","2.1%","±0.7","684,188","±2,495","49,165","±6,357","7.2%","±0.9","47,914","±860","4,259","±1,430","8.9%","±3.0","572,974","±2,306","28,011","±3,961","4.9%","±0.7","119,482","±1,114","8,043","±1,726","6.7%","±1.4","143,378","±1,383","9,701","±2,407","6.8%","±1.7","91,883","±1,898","9,284","±2,436","10.1%","±2.7","41,676","±1,060","3,746","±991","9.0%","±2.3","66,802","±1,848","7,396","±2,031","11.1%","±3.0","108,251","±1,874","13,067","±1,906","12.1%","±1.8","64,981","±1,749","5,390","±1,326","8.3%","±2.0","104,204","±1,543","9,541","±2,467","9.2%","±2.4","111,990","±2,733","19,616","±3,535","17.5%","±3.3","52,850","±1,266","4,521","±1,746","8.6%","±3.3","36,470","±1,533","4,313","±1,222","11.8%","±3.3","40,467","±1,296","3,971","±1,367","9.8%","±3.3","39,742","±1,199","5,565","±1,837","14.0%","±4.6","55,039","±1,240","5,496","±1,627","10.0%","±2.9","60,348","±1,452","4,178","±1,129","6.9%","±1.9","192,987,829","±49,706","27,752,633","±101,714","14.4%","±0.1"
"        65 years and over","10,335","±714","1,695","±540","16.4%","±5.1","15,910","±877","1,843","±774","11.6%","±4.8","23,573","±469","5,098","±1,180","21.6%","±4.9","8,871","±441","1,515","±666","17.1%","±7.4","16,295","±607","2,143","±664","13.2%","±4.1","11,717","±214","1,562","±621","13.3%","±5.3","45,406","±804","6,667","±1,588","14.7%","±3.5","37,961","±1,090","4,509","±1,551","11.9%","±3.9","14,111","±534","1,682","±686","11.9%","±4.6","27,584","±851","5,253","±1,126","19.0%","±4.2","94,902","±578","9,777","±1,610","10.3%","±1.7","21,845","±954","998","±570","4.6%","±2.5","21,470","±791","3,231","±1,048","15.0%","±5.0","96,338","±483","15,844","±2,158","16.4%","±2.2","14,385","±432","3,917","±794","27.2%","±5.5","17,348","±690","1,800","±862","10.4%","±5.0","21,613","±574","2,123","±1,006","9.8%","±4.6","16,422","±456","2,066","±694","12.6%","±4.2","30,291","±555","1,728","±521","5.7%","±1.7","125,000","±853","21,203","±2,424","17.0%","±1.9","17,376","±441","2,045","±733","11.8%","±4.3","97,554","±699","12,223","±2,061","12.5%","±2.1","30,657","±753","3,145","±1,012","10.3%","±3.3","27,832","±809","3,045","±1,114","10.9%","±4.0","19,712","±641","3,751","±1,014","19.0%","±5.2","10,647","±733","1,365","±609","12.8%","±5.8","14,374","±214","2,557","±964","17.8%","±6.8","26,431","±591","6,698","±1,201","25.3%","±4.5","14,452","±306","2,732","±955","18.9%","±6.6","17,766","±723","2,340","±997","13.2%","±5.4","28,615","±555","4,993","±1,033","17.4%","±3.6","13,565","±446","1,947","±829","14.4%","±6.1","12,009","±721","1,728","±742","14.4%","±6.2","10,367","±630","2,269","±840","21.9%","±7.5","12,664","±550","2,106","±697","16.6%","±5.5","14,716","±885","1,671","±564","11.4%","±3.8","14,769","±705","1,847","±595","12.5%","±3.8","52,782,417","±26,301","7,223,025","±47,156","13.7%","±0.1"
"    VA health care coverage alone or in combination","(X)","(X)","1,860","±654","2.2%","±0.8","(X)","(X)","1,640","±623","1.5%","±0.6","(X)","(X)","3,186","±1,028","2.1%","±0.7","(X)","(X)","2,052","±841","2.6%","±1.1","(X)","(X)","2,155","±681","1.8%","±0.6","(X)","(X)","2,071","±1,043","3.1%","±1.6","(X)","(X)","9,221","±2,354","3.3%","±0.8","(X)","(X)","4,807","±2,220","1.9%","±0.9","(X)","(X)","3,116","±1,279","2.4%","±1.0","(X)","(X)","7,029","±1,847","2.4%","±0.6","(X)","(X)","14,260","±2,596","1.9%","±0.3","(X)","(X)","10,347","±2,701","6.7%","±1.7","(X)","(X)","3,888","±1,282","2.6%","±0.9","(X)","(X)","13,057","±2,206","1.7%","±0.3","(X)","(X)","2,889","±1,181","3.4%","±1.4","(X)","(X)","3,583","±1,194","2.5%","±0.8","(X)","(X)","3,092","±940","2.7%","±0.8","(X)","(X)","2,470","±847","2.6%","±0.9","(X)","(X)","2,293","±721","0.9%","±0.3","(X)","(X)","18,899","±3,880","1.8%","±0.4","(X)","(X)","2,827","±1,108","3.4%","±1.3","(X)","(X)","13,966","±2,664","1.5%","±0.3","(X)","(X)","4,085","±1,084","2.0%","±0.5","(X)","(X)","7,411","±1,638","3.2%","±0.7","(X)","(X)","6,450","±1,513","4.2%","±1.0","(X)","(X)","1,602","±696","2.2%","±1.0","(X)","(X)","3,440","±959","3.1%","±0.9","(X)","(X)","10,748","±1,670","5.8%","±0.9","(X)","(X)","1,451","±657","1.3%","±0.6","(X)","(X)","5,288","±1,605","3.2%","±1.0","(X)","(X)","11,538","±1,871","6.0%","±1.0","(X)","(X)","4,630","±1,525","5.1%","±1.7","(X)","(X)","2,059","±806","3.2%","±1.2","(X)","(X)","1,449","±680","2.1%","±1.0","(X)","(X)","1,426","±621","2.1%","±0.9","(X)","(X)","3,224","±1,479","3.4%","±1.6","(X)","(X)","1,211","±592","1.2%","±0.6","(X)","(X)","7,246,603","±56,543","2.2%","±0.1"
"        Under 19","22,281","±376","203","±296","0.9%","±1.3","27,405","±1,049","0","±234","0.0%","±0.8","40,281","±1,135","0","±234","0.0%","±0.6","18,517","±1,473","0","±234","0.0%","±1.2","29,291","±661","0","±234","0.0%","±0.8","16,528","±963","0","±234","0.0%","±1.4","65,412","±1,501","203","±317","0.3%","±0.5","66,306","±1,122","606","±1,003","0.9%","±1.5","27,221","±1,224","0","±234","0.0%","±0.8","85,541","±1,238","402","±346","0.5%","±0.4","187,789","±1,500","0","±234","0.0%","±0.1","41,993","±1,454","0","±234","0.0%","±0.5","38,489","±782","64","±123","0.2%","±0.3","182,274","±1,381","0","±234","0.0%","±0.1","21,350","±673","298","±505","1.4%","±2.4","41,051","±2,303","0","±234","0.0%","±0.6","27,632","±750","0","±234","0.0%","±0.8","24,452","±651","0","±234","0.0%","±0.9","69,411","±915","0","±234","0.0%","±0.3","244,395","±2,180","1,812","±1,704","0.7%","±0.7","19,047","±560","0","±234","0.0%","±1.2","260,427","±2,161","530","±699","0.2%","±0.3","53,170","±583","0","±234","0.0%","±0.4","61,900","±837","46","±89","0.1%","±0.1","41,190","±837","0","±234","0.0%","±0.5","19,848","±535","0","±234","0.0%","±1.1","30,713","±1,240","0","±234","0.0%","±0.7","51,481","±812","202","±232","0.4%","±0.5","31,420","±1,500","0","±234","0.0%","±0.7","45,755","±1,124","0","±234","0.0%","±0.5","50,324","±1,873","349","±471","0.7%","±0.9","23,705","±1,075","314","±380","1.3%","±1.6","16,870","±567","0","±234","0.0%","±1.3","17,370","±500","0","±234","0.0%","±1.3","15,793","±492","0","±234","0.0%","±1.4","23,886","±502","675","±770","2.8%","±3.2","28,609","±900","0","±234","0.0%","±0.8","77,350,432","±52,527","127,505","±8,949","0.2%","±0.1"
"        19 to 64 years","50,493","±787","939","±523","1.9%","±1.0","63,321","±1,439","760","±473","1.2%","±0.7","86,286","±1,446","1,147","±658","1.3%","±0.8","51,641","±1,571","1,544","±809","3.0%","±1.6","73,249","±1,070","1,551","±635","2.1%","±0.9","38,852","±941","1,251","±928","3.2%","±2.4","169,511","±2,291","5,064","±1,984","3.0%","±1.2","153,357","±1,744","2,266","±1,203","1.5%","±0.8","86,291","±1,364","2,244","±1,153","2.6%","±1.3","175,014","±2,144","4,954","±1,602","2.8%","±0.9","472,383","±1,892","7,554","±2,175","1.6%","±0.5","91,178","±1,836","6,934","±2,378","7.6%","±2.6","87,878","±1,388","2,166","±1,087","2.5%","±1.2","474,356","±1,979","8,442","±1,693","1.8%","±0.4","50,068","±1,195","1,564","±751","3.1%","±1.5","86,847","±2,417","1,657","±994","1.9%","±1.1","64,447","±991","1,570","±809","2.4%","±1.3","55,241","±1,095","1,123","±586","2.0%","±1.1","143,863","±1,321","917","±443","0.6%","±0.3","684,188","±2,495","11,332","±2,802","1.7%","±0.4","47,914","±860","850","±560","1.8%","±1.2","572,974","±2,306","8,764","±2,171","1.5%","±0.4","119,482","±1,114","1,741","±719","1.5%","±0.6","143,378","±1,383","4,788","±1,393","3.3%","±1.0","91,883","±1,898","3,772","±1,240","4.1%","±1.4","41,676","±1,060","1,257","±653","3.0%","±1.6","66,802","±1,848","2,231","±940","3.3%","±1.4","108,251","±1,874","7,038","±1,484","6.5%","±1.4","64,981","±1,749","687","±525","1.1%","±0.8","104,204","±1,543","3,586","±1,364","3.4%","±1.3","111,990","±2,733","6,657","±1,660","5.9%","±1.5","52,850","±1,266","3,183","±1,363","6.0%","±2.6","36,470","±1,533","770","±577","2.1%","±1.6","40,467","±1,296","807","±598","2.0%","±1.5","39,742","±1,199","650","±481","1.6%","±1.2","55,039","±1,240","1,390","±702","2.5%","±1.3","60,348","±1,452","603","±440","1.0%","±0.7","192,987,829","±49,706","3,239,267","±39,806","1.7%","±0.1"
"        65 years and over","10,335","±714","718","±404","6.9%","±3.7","15,910","±877","880","±413","5.5%","±2.7","23,573","±469","2,039","±696","8.6%","±2.9","8,871","±441","508","±347","5.7%","±3.9","16,295","±607","604","±390","3.7%","±2.4","11,717","±214","820","±418","7.0%","±3.5","45,406","±804","3,954","±1,045","8.7%","±2.3","37,961","±1,090","1,935","±881","5.1%","±2.4","14,111","±534","872","±523","6.2%","±3.7","27,584","±851","1,673","±646","6.1%","±2.3","94,902","±578","6,706","±1,349","7.1%","±1.4","21,845","±954","3,413","±1,163","15.6%","±5.3","21,470","±791","1,658","±585","7.7%","±2.7","96,338","±483","4,615","±1,141","4.8%","±1.2","14,385","±432","1,027","±485","7.1%","±3.4","17,348","±690","1,926","±733","11.1%","±4.2","21,613","±574","1,522","±594","7.0%","±2.8","16,422","±456","1,347","±553","8.2%","±3.3","30,291","±555","1,376","±600","4.5%","±2.0","125,000","±853","5,755","±1,300","4.6%","±1.0","17,376","±441","1,977","±857","11.4%","±4.9","97,554","±699","4,672","±1,230","4.8%","±1.3","30,657","±753","2,344","±681","7.6%","±2.2","27,832","±809","2,577","±809","9.3%","±2.9","19,712","±641","2,678","±666","13.6%","±3.4","10,647","±733","345","±224","3.2%","±2.1","14,374","±214","1,209","±516","8.4%","±3.6","26,431","±591","3,508","±734","13.3%","±2.8","14,452","±306","764","±402","5.3%","±2.8","17,766","±723","1,702","±809","9.6%","±4.5","28,615","±555","4,532","±948","15.8%","±3.2","13,565","±446","1,133","±568","8.4%","±4.2","12,009","±721","1,289","±551","10.7%","±4.5","10,367","±630","642","±311","6.2%","±3.0","12,664","±550","776","±448","6.1%","±3.6","14,716","±885","1,159","±601","7.9%","±4.0","14,769","±705","608","±384","4.1%","±2.5","52,782,417","±26,301","3,879,831","±34,202","7.4%","±0.1"
"PUBLIC HEALTH INSURANCE ALONE OR IN COMBINATION","","","","","","","","","","","","","","","","","","","","","","","","","","","","","","","","","","","","","","","","","","","","","","","","","","","","","","","","","","","","","","","","","","","","","","","","","","","","","","","","","","","","","","","","","","","","","","","","","","","","","","","","","","","","","","","","","","","","","","","","","","","","","","","","","","","","","","","","","","","","","","","","","","","","","","","","","","","","","","","","","","","","","","","","","","","","","","","","","","","","","","","","","","","","","","","","","","","","","","","","","","","","","","","","","","","","","","","","","","","","","","","","","","","",""
"    Below 138 percent of the poverty threshold","10,723","±2,868","7,532","±2,373","70.2%","±8.9","23,711","±4,895","11,124","±2,474","46.9%","±8.8","48,887","±5,610","31,482","±4,434","64.4%","±4.3","21,006","±3,612","7,661","±2,279","36.5%","±8.4","23,017","±5,252","14,212","±3,651","61.7%","±8.0","11,691","±3,584","7,768","±2,663","66.4%","±11.4","61,379","±6,511","33,134","±4,809","54.0%","±4.9","28,709","±6,851","13,210","±4,076","46.0%","±7.4","45,027","±4,326","16,779","±3,591","37.3%","±6.5","70,834","±8,534","38,684","±6,198","54.6%","±5.5","108,162","±10,560","48,761","±7,879","45.1%","±5.3","10,332","±3,560","4,272","±1,873","41.3%","±14.3","22,063","±4,862","11,178","±3,453","50.7%","±9.5","136,439","±12,451","69,122","±8,954","50.7%","±4.2","32,534","±4,973","19,348","±3,913","59.5%","±6.4","21,965","±5,275","9,162","±3,127","41.7%","±10.6","9,581","±3,572","4,724","±1,979","49.3%","±12.3","22,752","±3,350","12,746","±2,406","56.0%","±7.5","15,816","±3,507","7,005","±1,634","44.3%","±7.8","184,256","±14,901","100,715","±9,446","54.7%","±4.0","15,894","±3,436","9,611","±2,463","60.5%","±8.6","141,324","±14,189","62,353","±8,288","44.1%","±3.6","39,739","±6,488","18,497","±3,761","46.5%","±6.6","27,733","±6,665","11,781","±4,210","42.5%","±10.9","28,733","±5,541","16,072","±3,610","55.9%","±10.0","14,482","±3,141","7,085","±1,652","48.9%","±8.4","34,010","±4,759","15,459","±2,788","45.5%","±7.4","49,205","±5,139","31,814","±3,969","64.7%","±5.2","27,977","±7,251","9,037","±2,556","32.3%","±13.7","16,810","±4,285","10,700","±3,225","63.7%","±10.1","54,659","±6,578","34,119","±5,386","62.4%","±6.2","23,697","±5,400","11,921","±3,168","50.3%","±9.8","15,175","±3,583","9,441","±3,049","62.2%","±11.8","21,264","±4,306","11,427","±3,245","53.7%","±9.2","17,506","±3,923","12,485","±3,178","71.3%","±7.1","14,942","±2,771","9,062","±2,302","60.6%","±11.1","24,314","±4,540","13,926","±3,290","57.3%","±7.8","58,863,556","±320,047","37,755,246","±214,053","64.1%","±0.1"
"    At or above 138 percent of the poverty threshold","71,804","±3,032","18,203","±2,566","25.4%","±3.2","82,330","±4,841","19,440","±2,855","23.6%","±3.2","97,296","±5,443","32,409","±3,456","33.3%","±3.1","50,369","±3,245","13,230","±2,201","26.3%","±3.7","93,154","±5,332","23,495","±2,862","25.2%","±3.0","55,362","±3,632","14,455","±1,793","26.1%","±3.5","212,532","±6,524","61,053","±4,818","28.7%","±2.0","227,952","±6,962","50,852","±4,739","22.3%","±1.9","71,042","±4,525","18,505","±1,790","26.0%","±2.7","215,667","±8,563","66,973","±6,072","31.1%","±2.3","637,583","±10,494","126,045","±6,783","19.8%","±1.0","143,955","±3,812","33,597","±3,809","23.3%","±2.4","125,774","±4,875","27,606","±2,963","21.9%","±2.3","606,873","±12,736","145,485","±9,287","24.0%","±1.2","51,475","±5,041","18,943","±2,737","36.8%","±4.3","122,262","±5,221","26,745","±4,137","21.9%","±3.4","103,360","±3,747","28,341","±3,108","27.4%","±2.9","71,017","±3,479","22,258","±2,329","31.3%","±3.0","227,373","±3,567","34,244","±2,122","15.1%","±0.9","845,049","±14,698","171,558","±9,635","20.3%","±1.1","68,211","±3,621","20,840","±1,911","30.6%","±3.1","788,300","±14,084","155,243","±8,403","19.7%","±1.0","162,394","±6,601","44,466","±3,128","27.4%","±1.6","205,117","±6,705","45,916","±4,432","22.4%","±2.1","123,469","±5,664","29,882","±3,684","24.2%","±2.7","57,483","±3,248","14,443","±2,101","25.1%","±3.4","76,333","±4,678","25,543","±4,192","33.5%","±5.1","135,049","±5,092","36,612","±3,650","27.1%","±2.6","82,043","±7,274","23,584","±4,509","28.7%","±3.9","150,730","±4,157","36,826","±4,319","24.4%","±2.7","134,285","±7,105","49,312","±4,703","36.7%","±3.1","66,239","±5,433","21,133","±2,443","31.9%","±3.5","49,607","±3,670","16,434","±2,190","33.1%","±4.2","45,954","±4,027","14,230","±2,158","31.0%","±4.8","50,219","±4,001","15,325","±2,246","30.5%","±4.0","78,322","±2,839","22,141","±2,125","28.3%","±2.8","78,482","±4,814","20,262","±3,136","25.8%","±3.5","260,361,035","±323,117","75,602,901","±165,164","29.0%","±0.1"
"    Worked full-time, year-round (19-64 years)","28,760","±2,278","1,218","±607","4.2%","±2.1","36,440","±3,112","1,087","±602","3.0%","±1.7","45,993","±2,780","2,978","±1,081","6.5%","±2.4","22,292","±2,130","1,634","±807","7.3%","±3.5","40,094","±2,652","2,243","±985","5.6%","±2.4","20,521","±2,043","543","±376","2.6%","±1.8","97,195","±4,828","6,721","±1,964","6.9%","±2.0","93,537","±4,267","1,767","±748","1.9%","±0.8","36,426","±2,715","1,890","±1,062","5.2%","±2.8","98,365","±4,099","7,053","±1,848","7.2%","±1.8","299,888","±6,885","8,479","±2,341","2.8%","±0.8","57,102","±3,877","6,532","±2,277","11.4%","±3.9","55,146","±3,129","2,331","±893","4.2%","±1.6","287,383","±6,807","9,827","±2,141","3.4%","±0.7","23,950","±2,366","2,453","±1,150","10.2%","±5.0","53,069","±3,185","2,715","±1,509","5.1%","±2.9","36,839","±1,874","1,557","±861","4.2%","±2.4","29,478","±2,130","1,107","±528","3.8%","±1.8","90,701","±2,847","1,870","±759","2.1%","±0.8","417,017","±9,487","18,665","±3,846","4.5%","±0.9","29,575","±2,420","934","±649","3.2%","±2.3","351,484","±8,405","9,450","±1,918","2.7%","±0.5","70,921","±3,295","2,614","±823","3.7%","±1.1","88,536","±4,001","4,292","±1,657","4.8%","±1.9","54,175","±3,711","4,676","±1,704","8.6%","±3.0","24,653","±1,738","1,273","±642","5.2%","±2.6","31,983","±2,436","3,622","±1,393","11.3%","±4.2","54,364","±3,195","5,186","±1,206","9.5%","±2.3","36,323","±2,837","1,309","±818","3.6%","±2.2","64,011","±4,145","4,474","±1,261","7.0%","±2.0","56,935","±4,356","6,004","±1,770","10.5%","±3.2","30,153","±2,114","2,831","±1,085","9.4%","±3.4","20,119","±2,186","1,344","±775","6.7%","±3.8","20,115","±1,970","980","±625","4.9%","±3.1","19,444","±2,168","987","±690","5.1%","±3.6","30,571","±2,034","2,044","±770","6.7%","±2.5","36,811","±2,605","1,044","±682","2.8%","±1.9","109,214,198","±121,195","8,067,480","±59,599","7.4%","±0.1"
"    Under 6","7,057","±692","3,105","±653","44.0%","±9.3","7,887","±1,198","2,836","±893","36.0%","±10.4","11,789","±940","7,674","±1,591","65.1%","±11.7","5,476","±767","2,741","±780","50.1%","±11.9","9,537","±1,316","6,298","±1,856","66.0%","±14.9","5,248","±885","1,767","±1,202","33.7%","±19.1","20,097","±1,377","7,952","±1,518","39.6%","±6.9","17,932","±1,354","5,546","±1,705","30.9%","±8.4","8,722","±1,374","3,673","±1,497","42.1%","±18.0","26,166","±1,302","16,771","±2,312","64.1%","±8.2","55,930","±1,735","18,566","±3,184","33.2%","±5.6","10,508","±1,282","744","±448","7.1%","±4.4","10,693","±1,038","3,903","±1,421","36.5%","±12.2","61,366","±2,275","29,775","±3,194","48.5%","±4.8","7,066","±776","4,431","±875","62.7%","±11.9","9,702","±584","2,812","±1,109","29.0%","±11.3","6,718","±662","1,483","±654","22.1%","±9.3","6,783","±1,027","3,344","±876","49.3%","±10.0","17,131","±855","2,083","±757","12.2%","±4.3","74,241","±2,662","28,796","±3,984","38.8%","±4.9","4,484","±816","2,099","±1,097","46.8%","±18.0","75,496","±2,394","30,643","±3,810","40.6%","±4.9","16,681","±1,233","9,199","±1,479","55.1%","±8.2","16,158","±1,402","5,946","±2,291","36.8%","±12.1","11,673","±1,214","3,080","±1,312","26.4%","±11.1","6,142","±669","2,289","±891","37.3%","±14.5","9,824","±896","5,969","±1,336","60.8%","±13.1","16,721","±1,049","7,641","±1,593","45.7%","±9.2","9,464","±1,067","4,316","±2,191","45.6%","±20.3","11,672","±504","4,498","±1,545","38.5%","±12.8","15,455","±1,237","9,447","±1,554","61.1%","±10.5","5,232","±863","1,801","±1,074","34.4%","±17.1","5,345","±824","3,483","±1,359","65.2%","±22.5","5,801","±690","3,363","±951","58.0%","±15.5","4,308","±588","2,614","±775","60.7%","±16.7","6,308","±698","2,362","±735","37.4%","±11.5","10,129","±1,244","6,229","±1,582","61.5%","±11.1","23,282,008","±42,108","9,826,492","±73,182","42.2%","±0.3"
"    6 to 18 years","15,224","±803","6,304","±1,559","41.4%","±9.7","19,518","±1,568","6,538","±2,078","33.5%","±9.5","28,492","±1,531","18,484","±2,412","64.9%","±7.0","13,041","±1,535","5,308","±1,262","40.7%","±9.8","19,754","±1,526","6,159","±1,481","31.2%","±8.2","11,280","±1,168","2,158","±1,014","19.1%","±9.1","45,315","±1,910","19,835","±2,834","43.8%","±6.2","48,374","±1,834","12,656","±2,878","26.2%","±5.9","18,499","±1,827","7,198","±1,454","38.9%","±8.4","59,375","±1,754","32,957","±3,854","55.5%","±6.1","131,859","±2,564","37,174","±4,765","28.2%","±3.5","31,485","±1,874","4,012","±1,568","12.7%","±4.8","27,796","±1,414","5,346","±2,072","19.2%","±7.2","120,908","±2,799","49,779","±5,284","41.2%","±4.3","14,284","±817","9,475","±1,465","66.3%","±9.8","31,349","±2,312","8,334","±2,812","26.6%","±9.2","20,914","±1,005","4,190","±1,474","20.0%","±7.0","17,669","±1,161","7,577","±1,351","42.9%","±6.6","52,280","±1,319","5,894","±1,478","11.3%","±2.8","170,154","±3,549","58,035","±6,035","34.1%","±3.4","14,563","±1,005","5,786","±1,812","39.7%","±12.2","184,931","±3,641","56,574","±6,307","30.6%","±3.4","36,489","±1,327","13,160","±2,302","36.1%","±6.5","45,742","±1,676","9,385","±2,929","20.5%","±6.5","29,517","±1,622","9,406","±2,474","31.9%","±8.1","13,706","±808","3,043","±893","22.2%","±6.2","20,889","±1,372","9,867","±1,629","47.2%","±8.3","34,760","±1,271","13,890","±2,549","40.0%","±6.9","21,956","±1,923","7,090","±3,351","32.3%","±13.9","34,083","±1,207","9,562","±2,794","28.1%","±8.4","34,869","±2,212","17,234","±2,776","49.4%","±7.5","18,473","±1,323","8,963","±1,692","48.5%","±8.3","11,525","±960","5,152","±1,627","44.7%","±14.5","11,569","±847","6,179","±1,602","53.4%","±12.7","11,485","±748","5,108","±1,903","44.5%","±16.2","17,578","±773","5,337","±1,663","30.4%","±9.0","18,480","±1,645","8,161","±2,237","44.2%","±11.7","54,068,424","±63,346","19,618,243","±120,744","36.3%","±0.2"
"    19 to 25 years","7,357","±1,261","960","±616","13.0%","±7.2","9,956","±1,383","746","±522","7.5%","±5.3","14,409","±1,499","2,272","±1,026","15.8%","±7.2","18,456","±1,827","1,350","±590","7.3%","±3.1","14,088","±1,408","665","±616","4.7%","±4.4","5,581","±1,338","505","±578","9.0%","±9.5","30,718","±2,387","2,047","±973","6.7%","±3.1","19,378","±1,688","944","±637","4.9%","±3.2","31,309","±1,623","1,968","±1,120","6.3%","±3.5","29,721","±2,686","3,074","±1,011","10.3%","±3.6","67,572","±2,665","3,303","±1,483","4.9%","±2.2","12,375","±1,915","1,547","±950","12.5%","±7.7","11,785","±1,458","399","±402","3.4%","±3.4","69,650","±2,572","5,228","±1,789","7.5%","±2.6","10,280","±1,427","474","±305","4.6%","±3.1","13,461","±2,196","1,040","±777","7.7%","±5.3","8,635","±1,277","1,107","±871","12.8%","±9.7","8,856","±1,375","129","±233","1.5%","±2.7","15,853","±1,329","946","±690","6.0%","±4.3","110,086","±4,488","9,113","±2,287","8.3%","±2.1","6,741","±1,626","281","±286","4.2%","±4.1","83,808","±2,930","4,920","±1,745","5.9%","±2.1","18,988","±1,468","1,957","±715","10.3%","±3.9","22,527","±1,622","1,914","±1,096","8.5%","±4.9","16,765","±1,601","1,994","±1,046","11.9%","±6.1","3,157","±445","454","±288","14.4%","±9.2","16,998","±2,398","2,631","±1,290","15.5%","±7.7","16,498","±1,399","2,313","±940","14.0%","±6.1","8,443","±1,422","407","±433","4.8%","±5.4","14,995","±1,771","1,187","±845","7.9%","±5.6","18,987","±2,332","3,704","±1,320","19.5%","±7.4","7,717","±1,427","1,639","±1,021","21.2%","±13.8","4,985","±1,255","437","±533","8.8%","±9.8","6,389","±1,251","415","±421","6.5%","±6.0","5,405","±993","1,204","±761","22.3%","±13.8","6,767","±965","845","±473","12.5%","±7.2","11,125","±1,276","490","±341","4.4%","±3.2","29,667,712","±59,633","4,978,662","±43,422","16.8%","±0.1"
"    26 to 34 years","10,425","±664","1,908","±877","18.3%","±8.2","11,814","±1,335","721","±491","6.1%","±4.1","18,133","±1,015","2,984","±1,043","16.5%","±5.7","9,708","±1,532","757","±493","7.8%","±4.9","14,784","±1,421","2,034","±1,056","13.8%","±7.2","7,067","±1,320","1,662","±1,155","23.5%","±14.1","39,129","±2,568","4,823","±1,358","12.3%","±3.6","28,513","±2,105","1,386","±800","4.9%","±2.8","17,793","±2,039","2,996","±1,648","16.8%","±8.0","37,896","±3,167","5,454","±1,885","14.4%","±4.7","98,667","±2,639","6,308","±1,809","6.4%","±1.9","19,072","±2,224","2,014","±1,444","10.6%","±7.2","16,037","±1,572","2,109","±894","13.2%","±5.4","110,987","±2,376","9,157","±2,141","8.3%","±1.9","9,577","±1,503","2,204","±1,138","23.0%","±12.0","14,742","±1,973","1,534","±1,225","10.4%","±8.1","8,419","±1,382","1,215","±829","14.4%","±8.9","10,804","±1,579","1,562","±733","14.5%","±7.0","21,007","±1,917","461","±345","2.2%","±1.7","161,315","±4,385","16,423","±3,128","10.2%","±1.9","9,764","±1,770","794","±633","8.1%","±6.9","111,896","±2,507","8,249","±2,029","7.4%","±1.8","22,185","±1,236","2,941","±1,085","13.3%","±4.8","25,180","±1,448","3,687","±1,360","14.6%","±5.6","16,905","±2,162","2,535","±1,437","15.0%","±8.5","10,147","±811","1,665","±757","16.4%","±7.1","15,294","±1,753","2,487","±944","16.3%","±6.2","23,503","±1,812","2,740","±1,090","11.7%","±4.6","14,430","±2,372","1,184","±586","8.2%","±4.6","17,159","±1,533","1,890","±1,143","11.0%","±6.7","24,564","±1,539","4,816","±1,747","19.6%","±7.3","8,955","±1,880","1,384","±809","15.5%","±8.6","6,862","±1,967","2,002","±1,111","29.2%","±13.6","10,596","±1,346","817","±594","7.7%","±5.4","7,365","±614","1,327","±903","18.0%","±11.8","11,720","±1,374","2,043","±1,264","17.4%","±9.8","9,981","±1,479","1,218","±636","12.2%","±6.8","39,837,331","±52,474","7,043,779","±47,067","17.7%","±0.1"
"    35 to 44 years","12,425","±1,174","948","±508","7.6%","±4.1","13,423","±1,351","645","±404","4.8%","±3.1","17,382","±587","2,011","±810","11.6%","±4.7","7,910","±886","330","±381","4.2%","±4.6","17,086","±1,642","2,688","±1,240","15.7%","±7.2","7,962","±350","1,039","±553","13.0%","±7.0","33,732","±1,810","4,606","±1,356","13.7%","±4.0","36,305","±1,783","2,249","±1,326","6.2%","±3.7","12,123","±1,686","1,257","±861","10.4%","±6.6","39,055","±2,030","6,924","±1,838","17.7%","±4.7","105,922","±596","5,098","±1,546","4.8%","±1.5","21,417","±2,484","2,696","±1,528","12.6%","±6.9","18,972","±1,182","943","±456","5.0%","±2.4","107,319","±707","7,702","±2,305","7.2%","±2.1","10,107","±1,285","2,045","±862","20.2%","±8.8","20,266","±1,350","1,511","±1,107","7.5%","±5.3","14,637","±1,238","733","±576","5.0%","±3.9","10,285","±1,140","1,113","±533","10.8%","±5.4","39,811","±1,184","871","±392","2.2%","±1.0","148,381","±827","9,815","±2,380","6.6%","±1.6","9,519","±892","1,297","±919","13.6%","±9.8","132,352","±532","7,123","±1,978","5.4%","±1.5","24,598","±1,026","1,366","±666","5.6%","±2.7","30,493","±1,139","2,167","±1,135","7.1%","±3.7","19,501","±1,533","3,365","±1,336","17.3%","±6.9","9,861","±882","1,640","±715","16.6%","±7.0","12,682","±953","2,534","±1,096","20.0%","±8.6","23,999","±1,153","3,713","±1,062","15.5%","±4.4","13,668","±1,484","1,415","±890","10.4%","±6.6","25,859","±1,537","3,148","±1,157","12.2%","±4.4","21,918","±822","3,937","±1,347","18.0%","±6.0","11,671","±1,283","1,816","±653","15.6%","±5.8","6,808","±1,029","652","±484","9.6%","±6.8","7,303","±1,024","1,144","±724","15.7%","±9.4","8,527","±1,063","718","±542","8.4%","±6.5","10,972","±1,028","1,158","±725","10.6%","±6.5","14,942","±1,290","359","±407","2.4%","±2.7","41,051,376","±34,501","6,551,625","±51,313","16.0%","±0.1"
"    45 to 54 years","10,990","±1,114","1,178","±668","10.7%","±5.8","14,579","±1,608","900","±617","6.2%","±4.1","17,431","±561","2,894","±966","16.6%","±5.5","7,743","±877","809","±463","10.4%","±5.7","13,928","±1,127","1,037","±547","7.4%","±3.9","9,432","±760","1,390","±779","14.7%","±8.6","31,863","±1,546","4,138","±1,557","13.0%","±4.8","37,163","±1,374","1,582","±763","4.3%","±2.0","13,460","±2,417","2,609","±1,289","19.4%","±7.7","35,647","±1,886","6,849","±1,401","19.2%","±4.0","106,236","±504","6,465","±2,057","6.1%","±1.9","19,410","±931","2,950","±1,214","15.2%","±6.3","21,564","±1,429","2,463","±1,195","11.4%","±5.3","96,796","±482","8,827","±1,614","9.1%","±1.7","9,513","±1,111","2,261","±905","23.8%","±9.0","20,645","±1,091","2,331","±1,148","11.3%","±5.7","16,138","±951","1,677","±906","10.4%","±5.7","14,239","±1,467","2,439","±1,041","17.1%","±6.6","40,116","±902","1,234","±499","3.1%","±1.2","144,513","±531","14,987","±3,194","10.4%","±2.2","10,263","±1,024","1,468","±638","14.3%","±6.4","135,074","±396","9,616","±2,263","7.1%","±1.7","28,697","±877","1,970","±607","6.9%","±2.1","36,191","±1,097","3,114","±1,253","8.6%","±3.5","19,373","±1,038","2,474","±902","12.8%","±4.8","9,658","±871","783","±468","8.1%","±4.7","10,115","±715","1,874","±889","18.5%","±8.5","22,062","±1,208","4,653","±1,143","21.1%","±4.8","15,252","±1,166","834","±521","5.5%","±3.4","26,455","±1,531","5,114","±1,724","19.3%","±5.9","22,193","±830","6,392","±1,690","28.8%","±7.7","12,140","±961","1,093","±633","9.0%","±5.0","9,050","±1,020","1,733","±793","19.1%","±8.3","7,315","±978","1,624","±651","22.2%","±8.4","8,381","±337","2,093","±771","25.0%","±9.1","13,541","±1,009","2,063","±936","15.2%","±6.7","12,336","±1,045","975","±473","7.9%","±4.0","40,357,454","±36,371","6,481,034","±50,339","16.1%","±0.1"
"    55 to 64 years","9,296","±752","1,964","±735","21.1%","±8.2","13,549","±794","2,985","±1,110","22.0%","±8.3","18,931","±321","6,030","±1,307","31.9%","±6.8","7,824","±434","1,739","±653","22.2%","±8.2","13,363","±603","2,959","±893","22.1%","±6.3","8,810","±627","2,023","±1,189","23.0%","±13.5","34,069","±823","8,010","±1,659","23.5%","±4.9","31,998","±1,017","2,775","±968","8.7%","±3.0","11,606","±497","2,083","±667","17.9%","±5.7","32,695","±749","8,721","±1,713","26.7%","±5.1","93,986","±845","10,645","±2,215","11.3%","±2.3","18,904","±916","3,468","±1,025","18.3%","±5.3","19,520","±701","2,740","±1,236","14.0%","±6.3","89,604","±707","15,468","±2,646","17.3%","±3.0","10,591","±90","3,775","±828","35.6%","±7.8","17,733","±545","3,298","±1,059","18.6%","±6.1","16,618","±419","1,939","±687","11.7%","±4.1","11,057","±324","3,005","±778","27.2%","±6.7","27,076","±572","1,322","±422","4.9%","±1.6","119,893","±636","17,729","±2,413","14.8%","±2.0","11,627","±103","2,013","±812","17.3%","±6.9","109,844","±443","12,218","±2,423","11.1%","±2.2","25,014","±758","3,211","±761","12.8%","±3.1","28,987","±765","4,388","±1,470","15.1%","±5.1","19,339","±338","3,996","±1,436","20.7%","±7.4","8,853","±495","2,192","±716","24.8%","±7.4","11,713","±312","2,295","±785","19.6%","±6.7","22,189","±736","8,672","±1,302","39.1%","±5.7","13,188","±463","3,782","±977","28.7%","±7.5","19,736","±1,015","4,583","±1,701","23.2%","±8.5","24,328","±583","9,940","±1,145","40.9%","±5.0","12,367","±373","3,453","±1,010","27.9%","±8.0","8,765","±672","1,313","±644","15.0%","±6.9","8,864","±579","2,580","±1,020","29.1%","±11.4","10,064","±563","2,615","±891","26.0%","±8.9","12,039","±873","3,052","±960","25.4%","±7.1","11,964","±741","2,757","±704","23.0%","±5.6","42,073,956","±22,830","9,195,349","±47,462","21.9%","±0.1"
"    65 to 74 years","6,745","±651","6,259","±764","92.8%","±5.8","9,567","±841","9,395","±859","98.2%","±1.8","13,845","±231","13,166","±512","95.1%","±3.2","5,541","±537","5,285","±655","95.4%","±6.8","9,797","±638","9,614","±686","98.1%","±2.2","6,792","±169","6,754","±181","99.4%","±1.0","27,478","±590","25,786","±919","93.8%","±2.5","25,047","±1,124","24,494","±1,063","97.8%","±1.8","8,983","±671","8,575","±635","95.5%","±3.6","18,988","±790","17,197","±1,008","90.6%","±4.6","59,941","±953","55,306","±1,410","92.3%","±1.8","13,684","±1,034","13,030","±946","95.2%","±3.6","13,424","±766","12,893","±816","96.0%","±2.4","60,401","±1,144","55,803","±1,616","92.4%","±2.1","8,688","±313","8,225","±349","94.7%","±4.3","10,655","±971","9,067","±1,019","85.1%","±8.3","13,060","±552","12,315","±568","94.3%","±3.4","10,030","±513","9,922","±528","98.9%","±1.2","18,206","±641","16,799","±841","92.3%","±3.3","77,495","±1,009","70,726","±1,792","91.3%","±2.1","10,858","±499","10,427","±635","96.0%","±3.8","63,845","±573","57,044","±1,903","89.3%","±2.7","18,125","±858","16,779","±932","92.6%","±3.3","17,863","±501","17,387","±617","97.3%","±2.0","11,977","±946","11,510","±1,027","96.1%","±5.1","6,806","±716","5,872","±358","86.3%","±9.5","8,360","±472","8,083","±457","96.7%","±2.5","15,656","±621","14,641","±591","93.5%","±3.6","9,505","±728","9,156","±776","96.3%","±3.0","11,729","±571","11,565","±596","98.6%","±1.4","17,827","±614","17,459","±758","97.9%","±1.8","8,664","±354","8,308","±432","95.9%","±3.6","6,568","±684","6,317","±779","96.2%","±4.0","6,931","±663","6,752","±699","97.4%","±3.3","7,234","±428","7,109","±434","98.3%","±1.8","9,467","±788","9,385","±793","99.1%","±1.5","8,199","±570","7,749","±572","94.5%","±4.1","31,216,223","±24,889","29,391,999","±36,432","94.2%","±0.1"
"    75 years and over","3,590","±309","3,590","±309","100.0%","±6.1","6,343","±938","6,332","±937","99.8%","±0.3","9,728","±396","9,595","±409","98.6%","±1.4","3,330","±511","3,330","±511","100.0%","±6.6","6,498","±741","6,498","±741","100.0%","±3.4","4,925","±125","4,925","±125","100.0%","±4.5","17,928","±506","17,872","±512","99.7%","±0.4","12,914","±680","12,765","±688","98.8%","±1.4","5,128","±755","5,128","±755","100.0%","±4.3","8,596","±651","8,366","±682","97.3%","±2.9","34,961","±967","34,104","±1,170","97.5%","±1.7","8,161","±469","7,684","±656","94.2%","±8.1","8,046","±632","7,988","±633","99.3%","±1.2","35,937","±1,111","35,603","±1,131","99.1%","±0.9","5,697","±282","5,604","±323","98.4%","±2.7","6,693","±959","6,614","±936","98.8%","±2.1","8,553","±633","8,553","±633","100.0%","±2.6","6,392","±408","6,337","±418","99.1%","±1.4","12,085","±629","11,797","±587","97.6%","±2.4","47,505","±1,124","46,851","±1,352","98.6%","±1.6","6,518","±644","6,518","±644","100.0%","±3.4","33,709","±934","32,011","±1,269","95.0%","±2.3","12,532","±347","12,466","±363","99.5%","±0.9","9,969","±480","9,969","±480","100.0%","±2.3","7,735","±823","7,735","±823","100.0%","±2.9","3,841","±241","3,728","±268","97.1%","±3.6","6,014","±459","5,862","±442","97.5%","±3.4","10,775","±331","10,469","±406","97.2%","±2.4","4,947","±706","4,861","±745","98.3%","±3.0","6,037","±373","6,037","±373","100.0%","±3.7","10,788","±430","10,788","±430","100.0%","±2.1","4,901","±256","4,781","±286","97.6%","±2.6","5,441","±824","5,353","±836","98.4%","±2.7","3,436","±453","3,436","±453","100.0%","±6.4","5,430","±328","5,328","±374","98.1%","±3.2","5,249","±411","5,177","±424","98.6%","±1.5","6,570","±681","6,369","±768","96.9%","±3.9","21,566,194","±17,007","21,227,779","±20,794","98.4%","±0.1"
"COVERAGE ALONE","","","","","","","","","","","","","","","","","","","","","","","","","","","","","","","","","","","","","","","","","","","","","","","","","","","","","","","","","","","","","","","","","","","","","","","","","","","","","","","","","","","","","","","","","","","","","","","","","","","","","","","","","","","","","","","","","","","","","","","","","","","","","","","","","","","","","","","","","","","","","","","","","","","","","","","","","","","","","","","","","","","","","","","","","","","","","","","","","","","","","","","","","","","","","","","","","","","","","","","","","","","","","","","","","","","","","","","","","","","","","","","","","","","",""
"    Public health insurance alone","(X)","(X)","16,844","±2,762","20.3%","±3.3","(X)","(X)","19,630","±2,897","18.4%","±2.7","(X)","(X)","40,727","±4,083","27.1%","±2.7","(X)","(X)","12,520","±2,398","15.8%","±3.0","(X)","(X)","22,237","±3,744","18.7%","±3.1","(X)","(X)","11,317","±2,931","16.9%","±4.4","(X)","(X)","55,889","±5,199","19.9%","±1.8","(X)","(X)","33,331","±4,738","12.9%","±1.8","(X)","(X)","21,998","±3,766","17.2%","±3.0","(X)","(X)","74,622","±6,271","25.9%","±2.2","(X)","(X)","92,159","±7,985","12.2%","±1.1","(X)","(X)","14,941","±2,826","9.6%","±1.8","(X)","(X)","20,069","±3,793","13.6%","±2.6","(X)","(X)","140,434","±9,376","18.7%","±1.2","(X)","(X)","26,131","±3,616","30.5%","±4.2","(X)","(X)","21,586","±4,557","14.9%","±3.1","(X)","(X)","13,811","±2,431","12.1%","±2.2","(X)","(X)","18,567","±2,278","19.3%","±2.4","(X)","(X)","20,636","±2,505","8.5%","±1.0","(X)","(X)","169,422","±9,665","16.1%","±0.9","(X)","(X)","15,144","±2,737","18.0%","±3.2","(X)","(X)","141,706","±9,450","15.2%","±1.0","(X)","(X)","37,303","±3,444","18.3%","±1.7","(X)","(X)","29,864","±5,126","12.8%","±2.2","(X)","(X)","21,555","±3,488","14.1%","±2.3","(X)","(X)","10,931","±1,949","15.1%","±2.7","(X)","(X)","15,296","±2,999","13.7%","±2.6","(X)","(X)","34,924","±4,138","18.8%","±2.2","(X)","(X)","18,927","±4,785","17.1%","±4.3","(X)","(X)","25,351","±4,186","15.1%","±2.5","(X)","(X)","50,339","±4,925","26.4%","±2.6","(X)","(X)","17,897","±3,266","19.9%","±3.6","(X)","(X)","14,830","±3,070","22.7%","±4.7","(X)","(X)","16,381","±2,515","24.0%","±3.6","(X)","(X)","17,325","±3,366","25.4%","±4.9","(X)","(X)","17,394","±3,008","18.6%","±3.2","(X)","(X)","22,500","±2,920","21.7%","±2.8","(X)","(X)","66,648,290","±271,268","20.6%","±0.1"
"        Medicare coverage alone","(X)","(X)","4,112","±1,024","4.9%","±1.2","(X)","(X)","8,139","±1,444","7.6%","±1.4","(X)","(X)","8,984","±1,541","6.0%","±1.0","(X)","(X)","3,358","±931","4.2%","±1.2","(X)","(X)","6,427","±1,590","5.4%","±1.3","(X)","(X)","4,673","±1,185","7.0%","±1.8","(X)","(X)","18,838","±2,509","6.7%","±0.9","(X)","(X)","15,041","±2,720","5.8%","±1.1","(X)","(X)","4,959","±908","3.9%","±0.7","(X)","(X)","14,919","±2,335","5.2%","±0.8","(X)","(X)","30,396","±3,279","4.0%","±0.4","(X)","(X)","7,728","±1,830","5.0%","±1.2","(X)","(X)","7,677","±1,497","5.2%","±1.0","(X)","(X)","38,227","±3,908","5.1%","±0.5","(X)","(X)","5,550","±977","6.5%","±1.1","(X)","(X)","6,126","±1,434","4.2%","±1.0","(X)","(X)","5,910","±1,034","5.2%","±0.9","(X)","(X)","5,861","±1,043","6.1%","±1.1","(X)","(X)","12,084","±1,574","5.0%","±0.6","(X)","(X)","47,684","±3,282","4.5%","±0.3","(X)","(X)","5,021","±1,245","6.0%","±1.5","(X)","(X)","41,327","±3,537","4.4%","±0.4","(X)","(X)","10,884","±1,674","5.4%","±0.8","(X)","(X)","9,627","±1,840","4.1%","±0.8","(X)","(X)","4,777","±1,971","3.1%","±1.3","(X)","(X)","4,595","±1,112","6.4%","±1.5","(X)","(X)","3,766","±1,057","3.4%","±0.9","(X)","(X)","10,070","±2,047","5.4%","±1.1","(X)","(X)","5,516","±1,167","5.0%","±1.1","(X)","(X)","7,948","±1,892","4.7%","±1.1","(X)","(X)","9,093","±1,621","4.8%","±0.8","(X)","(X)","4,468","±1,132","5.0%","±1.3","(X)","(X)","4,015","±971","6.1%","±1.5","(X)","(X)","4,395","±965","6.4%","±1.4","(X)","(X)","5,640","±1,342","8.3%","±1.9","(X)","(X)","7,471","±1,295","8.0%","±1.4","(X)","(X)","6,903","±1,199","6.7%","±1.2","(X)","(X)","18,577,302","±74,794","5.7%","±0.1"
"        Medicaid/means tested coverage alone","(X)","(X)","12,636","±2,356","15.2%","±2.8","(X)","(X)","11,491","±2,566","10.8%","±2.4","(X)","(X)","31,574","±4,041","21.0%","±2.7","(X)","(X)","8,544","±2,421","10.8%","±3.1","(X)","(X)","15,719","±3,407","13.2%","±2.9","(X)","(X)","5,973","±2,551","8.9%","±3.8","(X)","(X)","34,996","±4,579","12.5%","±1.6","(X)","(X)","17,848","±3,491","6.9%","±1.4","(X)","(X)","15,924","±3,462","12.5%","±2.7","(X)","(X)","57,989","±6,138","20.1%","±2.1","(X)","(X)","60,419","±7,261","8.0%","±1.0","(X)","(X)","6,691","±2,061","4.3%","±1.3","(X)","(X)","11,721","±3,060","7.9%","±2.1","(X)","(X)","98,962","±7,979","13.1%","±1.1","(X)","(X)","19,996","±3,534","23.3%","±4.1","(X)","(X)","14,650","±4,351","10.1%","±3.0","(X)","(X)","7,679","±2,299","6.8%","±2.0","(X)","(X)","12,593","±1,989","13.1%","±2.1","(X)","(X)","8,421","±1,833","3.5%","±0.8","(X)","(X)","114,355","±9,981","10.9%","±0.9","(X)","(X)","9,824","±2,436","11.6%","±2.9","(X)","(X)","98,014","±8,239","10.5%","±0.9","(X)","(X)","25,795","±3,464","12.7%","±1.7","(X)","(X)","18,466","±4,669","7.9%","±2.0","(X)","(X)","16,228","±3,430","10.6%","±2.3","(X)","(X)","6,235","±1,679","8.6%","±2.3","(X)","(X)","10,538","±2,725","9.4%","±2.4","(X)","(X)","23,814","±3,759","12.8%","±2.0","(X)","(X)","13,332","±4,766","12.0%","±4.3","(X)","(X)","16,505","±3,840","9.8%","±2.3","(X)","(X)","39,017","±4,854","20.4%","±2.6","(X)","(X)","11,875","±3,341","13.2%","±3.7","(X)","(X)","10,785","±3,062","16.5%","±4.7","(X)","(X)","11,824","±2,306","17.3%","±3.3","(X)","(X)","11,346","±2,912","16.6%","±4.3","(X)","(X)","9,713","±2,951","10.4%","±3.1","(X)","(X)","15,494","±2,651","14.9%","±2.6","(X)","(X)","47,213,006","±239,196","14.6%","±0.1"
"        VA health care coverage alone","(X)","(X)","96","±127","0.1%","±0.2","(X)","(X)","0","±234","0.0%","±0.2","(X)","(X)","169","±190","0.1%","±0.1","(X)","(X)","618","±551","0.8%","±0.7","(X)","(X)","91","±144","0.1%","±0.1","(X)","(X)","671","±890","1.0%","±1.3","(X)","(X)","2,055","±1,785","0.7%","±0.6","(X)","(X)","442","±482","0.2%","±0.2","(X)","(X)","1,115","±970","0.9%","±0.8","(X)","(X)","1,714","±945","0.6%","±0.3","(X)","(X)","1,344","±626","0.2%","±0.1","(X)","(X)","522","±409","0.3%","±0.3","(X)","(X)","671","±458","0.5%","±0.3","(X)","(X)","3,245","±1,201","0.4%","±0.2","(X)","(X)","585","±836","0.7%","±1.0","(X)","(X)","810","±807","0.6%","±0.6","(X)","(X)","222","±284","0.2%","±0.2","(X)","(X)","113","±100","0.1%","±0.1","(X)","(X)","131","±153","0.1%","±0.1","(X)","(X)","7,383","±3,213","0.7%","±0.3","(X)","(X)","299","±359","0.4%","±0.4","(X)","(X)","2,365","±1,071","0.3%","±0.1","(X)","(X)","624","±513","0.3%","±0.3","(X)","(X)","1,771","±1,151","0.8%","±0.5","(X)","(X)","550","±519","0.4%","±0.3","(X)","(X)","101","±123","0.1%","±0.2","(X)","(X)","992","±565","0.9%","±0.5","(X)","(X)","1,040","±580","0.6%","±0.3","(X)","(X)","79","±161","0.1%","±0.1","(X)","(X)","898","±591","0.5%","±0.4","(X)","(X)","2,229","±1,093","1.2%","±0.6","(X)","(X)","1,554","±1,041","1.7%","±1.2","(X)","(X)","30","±41","0.0%","±0.1","(X)","(X)","162","±262","0.2%","±0.4","(X)","(X)","339","±379","0.5%","±0.6","(X)","(X)","210","±277","0.2%","±0.3","(X)","(X)","103","±140","0.1%","±0.1","(X)","(X)","857,982","±22,044","0.3%","±0.1"