"Label","Ascension Parish, Louisiana!!Total!!Estimate","Ascension Parish, Louisiana!!Total!!Margin of Error","Ascension Parish, Louisiana!!Women with births in the past 12 months!!Number!!Estimate","Ascension Parish, Louisiana!!Women with births in the past 12 months!!Number!!Margin of Error","Ascension Parish, Louisiana!!Women with births in the past 12 months!!Percent Distribution!!Estimate","Ascension Parish, Louisiana!!Women with births in the past 12 months!!Percent Distribution!!Margin of Error","Ascension Parish, Louisiana!!Women with births in the past 12 months!!Rate per 1,000 women!!Estimate","Ascension Parish, Louisiana!!Women with births in the past 12 months!!Rate per 1,000 women!!Margin of Error","Ascension Parish, Louisiana!!Percent of women who had a birth in the past 12 months who were unmarried!!Estimate","Ascension Parish, Louisiana!!Percent of women who had a birth in the past 12 months who were unmarried!!Margin of Error","Bossier Parish, Louisiana!!Total!!Estimate","Bossier Parish, Louisiana!!Total!!Margin of Error","Bossier Parish, Louisiana!!Women with births in the past 12 months!!Number!!Estimate","Bossier Parish, Louisiana!!Women with births in the past 12 months!!Number!!Margin of Error","Bossier Parish, Louisiana!!Women with births in the past 12 months!!Percent Distribution!!Estimate","Bossier Parish, Louisiana!!Women with births in the past 12 months!!Percent Distribution!!Margin of Error","Bossier Parish, Louisiana!!Women with births in the past 12 months!!Rate per 1,000 women!!Estimate","Bossier Parish, Louisiana!!Women with births in the past 12 months!!Rate per 1,000 women!!Margin of Error","Bossier Parish, Louisiana!!Percent of women who had a birth in the past 12 months who were unmarried!!Estimate","Bossier Parish, Louisiana!!Percent of women who had a birth in the past 12 months who were unmarried!!Margin of Error","Caddo Parish, Louisiana!!Total!!Estimate","Caddo Parish, Louisiana!!Total!!Margin of Error","Caddo Parish, Louisiana!!Women with births in the past 12 months!!Number!!Estimate","Caddo Parish, Louisiana!!Women with births in the past 12 months!!Number!!Margin of Error","Caddo Parish, Louisiana!!Women with births in the past 12 months!!Percent Distribution!!Estimate","Caddo Parish, Louisiana!!Women with births in the past 12 months!!Percent Distribution!!Margin of Error","Caddo Parish, Louisiana!!Women with births in the past 12 months!!Rate per 1,000 women!!Estimate","Caddo Parish, Louisiana!!Women with births in the past 12 months!!Rate per 1,000 women!!Margin of Error","Caddo Parish, Louisiana!!Percent of women who had a birth in the past 12 months who were unmarried!!Estimate","Caddo Parish, Louisiana!!Percent of women who had a birth in the past 12 months who were unmarried!!Margin of Error","Calcasieu Parish, Louisiana!!Total!!Estimate","Calcasieu Parish, Louisiana!!Total!!Margin of Error","Calcasieu Parish, Louisiana!!Women with births in the past 12 months!!Number!!Estimate","Calcasieu Parish, Louisiana!!Women with births in the past 12 months!!Number!!Margin of Error","Calcasieu Parish, Louisiana!!Women with births in the past 12 months!!Percent Distribution!!Estimate","Calcasieu Parish, Louisiana!!Women with births in the past 12 months!!Percent Distribution!!Margin of Error","Calcasieu Parish, Louisiana!!Women with births in the past 12 months!!Rate per 1,000 women!!Estimate","Calcasieu Parish, Louisiana!!Women with births in the past 12 months!!Rate per 1,000 women!!Margin of Error","Calcasieu Parish, Louisiana!!Percent of women who had a birth in the past 12 months who were unmarried!!Estimate","Calcasieu Parish, Louisiana!!Percent of women who had a birth in the past 12 months who were unmarried!!Margin of Error","East Baton Rouge Parish, Louisiana!!Total!!Estimate","East Baton Rouge Parish, Louisiana!!Total!!Margin of Error","East Baton Rouge Parish, Louisiana!!Women with births in the past 12 months!!Number!!Estimate","East Baton Rouge Parish, Louisiana!!Women with births in the past 12 months!!Number!!Margin of Error","East Baton Rouge Parish, Louisiana!!Women with births in the past 12 months!!Percent Distribution!!Estimate","East Baton Rouge Parish, Louisiana!!Women with births in the past 12 months!!Percent Distribution!!Margin of Error","East Baton Rouge Parish, Louisiana!!Women with births in the past 12 months!!Rate per 1,000 women!!Estimate","East Baton Rouge Parish, Louisiana!!Women with births in the past 12 months!!Rate per 1,000 women!!Margin of Error","East Baton Rouge Parish, Louisiana!!Percent of women who had a birth in the past 12 months who were unmarried!!Estimate","East Baton Rouge Parish, Louisiana!!Percent of women who had a birth in the past 12 months who were unmarried!!Margin of Error","Iberia Parish, Louisiana!!Total!!Estimate","Iberia Parish, Louisiana!!Total!!Margin of Error","Iberia Parish, Louisiana!!Women with births in the past 12 months!!Number!!Estimate","Iberia Parish, Louisiana!!Women with births in the past 12 months!!Number!!Margin of Error","Iberia Parish, Louisiana!!Women with births in the past 12 months!!Percent Distribution!!Estimate","Iberia Parish, Louisiana!!Women with births in the past 12 months!!Percent Distribution!!Margin of Error","Iberia Parish, Louisiana!!Women with births in the past 12 months!!Rate per 1,000 women!!Estimate","Iberia Parish, Louisiana!!Women with births in the past 12 months!!Rate per 1,000 women!!Margin of Error","Iberia Parish, Louisiana!!Percent of women who had a birth in the past 12 months who were unmarried!!Estimate","Iberia Parish, Louisiana!!Percent of women who had a birth in the past 12 months who were unmarried!!Margin of Error","Jefferson Parish, Louisiana!!Total!!Estimate","Jefferson Parish, Louisiana!!Total!!Margin of Error","Jefferson Parish, Louisiana!!Women with births in the past 12 months!!Number!!Estimate","Jefferson Parish, Louisiana!!Women with births in the past 12 months!!Number!!Margin of Error","Jefferson Parish, Louisiana!!Women with births in the past 12 months!!Percent Distribution!!Estimate","Jefferson Parish, Louisiana!!Women with births in the past 12 months!!Percent Distribution!!Margin of Error","Jefferson Parish, Louisiana!!Women with births in the past 12 months!!Rate per 1,000 women!!Estimate","Jefferson Parish, Louisiana!!Women with births in the past 12 months!!Rate per 1,000 women!!Margin of Error","Jefferson Parish, Louisiana!!Percent of women who had a birth in the past 12 months who were unmarried!!Estimate","Jefferson Parish, Louisiana!!Percent of women who had a birth in the past 12 months who were unmarried!!Margin of Error","Lafayette Parish, Louisiana!!Total!!Estimate","Lafayette Parish, Louisiana!!Total!!Margin of Error","Lafayette Parish, Louisiana!!Women with births in the past 12 months!!Number!!Estimate","Lafayette Parish, Louisiana!!Women with births in the past 12 months!!Number!!Margin of Error","Lafayette Parish, Louisiana!!Women with births in the past 12 months!!Percent Distribution!!Estimate","Lafayette Parish, Louisiana!!Women with births in the past 12 months!!Percent Distribution!!Margin of Error","Lafayette Parish, Louisiana!!Women with births in the past 12 months!!Rate per 1,000 women!!Estimate","Lafayette Parish, Louisiana!!Women with births in the past 12 months!!Rate per 1,000 women!!Margin of Error","Lafayette Parish, Louisiana!!Percent of women who had a birth in the past 12 months who were unmarried!!Estimate","Lafayette Parish, Louisiana!!Percent of women who had a birth in the past 12 months who were unmarried!!Margin of Error","Lafourche Parish, Louisiana!!Total!!Estimate","Lafourche Parish, Louisiana!!Total!!Margin of Error","Lafourche Parish, Louisiana!!Women with births in the past 12 months!!Number!!Estimate","Lafourche Parish, Louisiana!!Women with births in the past 12 months!!Number!!Margin of Error","Lafourche Parish, Louisiana!!Women with births in the past 12 months!!Percent Distribution!!Estimate","Lafourche Parish, Louisiana!!Women with births in the past 12 months!!Percent Distribution!!Margin of Error","Lafourche Parish, Louisiana!!Women with births in the past 12 months!!Rate per 1,000 women!!Estimate","Lafourche Parish, Louisiana!!Women with births in the past 12 months!!Rate per 1,000 women!!Margin of Error","Lafourche Parish, Louisiana!!Percent of women who had a birth in the past 12 months who were unmarried!!Estimate","Lafourche Parish, Louisiana!!Percent of women who had a birth in the past 12 months who were unmarried!!Margin of Error","Livingston Parish, Louisiana!!Total!!Estimate","Livingston Parish, Louisiana!!Total!!Margin of Error","Livingston Parish, Louisiana!!Women with births in the past 12 months!!Number!!Estimate","Livingston Parish, Louisiana!!Women with births in the past 12 months!!Number!!Margin of Error","Livingston Parish, Louisiana!!Women with births in the past 12 months!!Percent Distribution!!Estimate","Livingston Parish, Louisiana!!Women with births in the past 12 months!!Percent Distribution!!Margin of Error","Livingston Parish, Louisiana!!Women with births in the past 12 months!!Rate per 1,000 women!!Estimate","Livingston Parish, Louisiana!!Women with births in the past 12 months!!Rate per 1,000 women!!Margin of Error","Livingston Parish, Louisiana!!Percent of women who had a birth in the past 12 months who were unmarried!!Estimate","Livingston Parish, Louisiana!!Percent of women who had a birth in the past 12 months who were unmarried!!Margin of Error","Orleans Parish, Louisiana!!Total!!Estimate","Orleans Parish, Louisiana!!Total!!Margin of Error","Orleans Parish, Louisiana!!Women with births in the past 12 months!!Number!!Estimate","Orleans Parish, Louisiana!!Women with births in the past 12 months!!Number!!Margin of Error","Orleans Parish, Louisiana!!Women with births in the past 12 months!!Percent Distribution!!Estimate","Orleans Parish, Louisiana!!Women with births in the past 12 months!!Percent Distribution!!Margin of Error","Orleans Parish, Louisiana!!Women with births in the past 12 months!!Rate per 1,000 women!!Estimate","Orleans Parish, Louisiana!!Women with births in the past 12 months!!Rate per 1,000 women!!Margin of Error","Orleans Parish, Louisiana!!Percent of women who had a birth in the past 12 months who were unmarried!!Estimate","Orleans Parish, Louisiana!!Percent of women who had a birth in the past 12 months who were unmarried!!Margin of Error","Ouachita Parish, Louisiana!!Total!!Estimate","Ouachita Parish, Louisiana!!Total!!Margin of Error","Ouachita Parish, Louisiana!!Women with births in the past 12 months!!Number!!Estimate","Ouachita Parish, Louisiana!!Women with births in the past 12 months!!Number!!Margin of Error","Ouachita Parish, Louisiana!!Women with births in the past 12 months!!Percent Distribution!!Estimate","Ouachita Parish, Louisiana!!Women with births in the past 12 months!!Percent Distribution!!Margin of Error","Ouachita Parish, Louisiana!!Women with births in the past 12 months!!Rate per 1,000 women!!Estimate","Ouachita Parish, Louisiana!!Women with births in the past 12 months!!Rate per 1,000 women!!Margin of Error","Ouachita Parish, Louisiana!!Percent of women who had a birth in the past 12 months who were unmarried!!Estimate","Ouachita Parish, Louisiana!!Percent of women who had a birth in the past 12 months who were unmarried!!Margin of Error","Rapides Parish, Louisiana!!Total!!Estimate","Rapides Parish, Louisiana!!Total!!Margin of Error","Rapides Parish, Louisiana!!Women with births in the past 12 months!!Number!!Estimate","Rapides Parish, Louisiana!!Women with births in the past 12 months!!Number!!Margin of Error","Rapides Parish, Louisiana!!Women with births in the past 12 months!!Percent Distribution!!Estimate","Rapides Parish, Louisiana!!Women with births in the past 12 months!!Percent Distribution!!Margin of Error","Rapides Parish, Louisiana!!Women with births in the past 12 months!!Rate per 1,000 women!!Estimate","Rapides Parish, Louisiana!!Women with births in the past 12 months!!Rate per 1,000 women!!Margin of Error","Rapides Parish, Louisiana!!Percent of women who had a birth in the past 12 months who were unmarried!!Estimate","Rapides Parish, Louisiana!!Percent of women who had a birth in the past 12 months who were unmarried!!Margin of Error","St. Landry Parish, Louisiana!!Total!!Estimate","St. Landry Parish, Louisiana!!Total!!Margin of Error","St. Landry Parish, Louisiana!!Women with births in the past 12 months!!Number!!Estimate","St. Landry Parish, Louisiana!!Women with births in the past 12 months!!Number!!Margin of Error","St. Landry Parish, Louisiana!!Women with births in the past 12 months!!Percent Distribution!!Estimate","St. Landry Parish, Louisiana!!Women with births in the past 12 months!!Percent Distribution!!Margin of Error","St. Landry Parish, Louisiana!!Women with births in the past 12 months!!Rate per 1,000 women!!Estimate","St. Landry Parish, Louisiana!!Women with births in the past 12 months!!Rate per 1,000 women!!Margin of Error","St. Landry Parish, Louisiana!!Percent of women who had a birth in the past 12 months who were unmarried!!Estimate","St. Landry Parish, Louisiana!!Percent of women who had a birth in the past 12 months who were unmarried!!Margin of Error","St. Tammany Parish, Louisiana!!Total!!Estimate","St. Tammany Parish, Louisiana!!Total!!Margin of Error","St. Tammany Parish, Louisiana!!Women with births in the past 12 months!!Number!!Estimate","St. Tammany Parish, Louisiana!!Women with births in the past 12 months!!Number!!Margin of Error","St. Tammany Parish, Louisiana!!Women with births in the past 12 months!!Percent Distribution!!Estimate","St. Tammany Parish, Louisiana!!Women with births in the past 12 months!!Percent Distribution!!Margin of Error","St. Tammany Parish, Louisiana!!Women with births in the past 12 months!!Rate per 1,000 women!!Estimate","St. Tammany Parish, Louisiana!!Women with births in the past 12 months!!Rate per 1,000 women!!Margin of Error","St. Tammany Parish, Louisiana!!Percent of women who had a birth in the past 12 months who were unmarried!!Estimate","St. Tammany Parish, Louisiana!!Percent of women who had a birth in the past 12 months who were unmarried!!Margin of Error","Tangipahoa Parish, Louisiana!!Total!!Estimate","Tangipahoa Parish, Louisiana!!Total!!Margin of Error","Tangipahoa Parish, Louisiana!!Women with births in the past 12 months!!Number!!Estimate","Tangipahoa Parish, Louisiana!!Women with births in the past 12 months!!Number!!Margin of Error","Tangipahoa Parish, Louisiana!!Women with births in the past 12 months!!Percent Distribution!!Estimate","Tangipahoa Parish, Louisiana!!Women with births in the past 12 months!!Percent Distribution!!Margin of Error","Tangipahoa Parish, Louisiana!!Women with births in the past 12 months!!Rate per 1,000 women!!Estimate","Tangipahoa Parish, Louisiana!!Women with births in the past 12 months!!Rate per 1,000 women!!Margin of Error","Tangipahoa Parish, Louisiana!!Percent of women who had a birth in the past 12 months who were unmarried!!Estimate","Tangipahoa Parish, Louisiana!!Percent of women who had a birth in the past 12 months who were unmarried!!Margin of Error","Terrebonne Parish, Louisiana!!Total!!Estimate","Terrebonne Parish, Louisiana!!Total!!Margin of Error","Terrebonne Parish, Louisiana!!Women with births in the past 12 months!!Number!!Estimate","Terrebonne Parish, Louisiana!!Women with births in the past 12 months!!Number!!Margin of Error","Terrebonne Parish, Louisiana!!Women with births in the past 12 months!!Percent Distribution!!Estimate","Terrebonne Parish, Louisiana!!Women with births in the past 12 months!!Percent Distribution!!Margin of Error","Terrebonne Parish, Louisiana!!Women with births in the past 12 months!!Rate per 1,000 women!!Estimate","Terrebonne Parish, Louisiana!!Women with births in the past 12 months!!Rate per 1,000 women!!Margin of Error","Terrebonne Parish, Louisiana!!Percent of women who had a birth in the past 12 months who were unmarried!!Estimate","Terrebonne Parish, Louisiana!!Percent of women who had a birth in the past 12 months who were unmarried!!Margin of Error","United States!!Total!!Estimate","United States!!Total!!Margin of Error","United States!!Women with births in the past 12 months!!Number!!Estimate","United States!!Women with births in the past 12 months!!Number!!Margin of Error","United States!!Women with births in the past 12 months!!Percent Distribution!!Estimate","United States!!Women with births in the past 12 months!!Percent Distribution!!Margin of Error","United States!!Women with births in the past 12 months!!Rate per 1,000 women!!Estimate","United States!!Women with births in the past 12 months!!Rate per 1,000 women!!Margin of Error","United States!!Percent of women who had a birth in the past 12 months who were unmarried!!Estimate","United States!!Percent of women who had a birth in the past 12 months who were unmarried!!Margin of Error"
"Women 15 to 50 years","30,963","±1,110","1,724","±828","(X)","(X)","56","±27","19.2%","±18.1","30,263","±1,115","725","±396","(X)","(X)","24","±13","22.1%","±18.1","57,368","±1,137","3,687","±1,272","(X)","(X)","64","±22","49.2%","±19.0","47,460","±660","3,072","±1,018","(X)","(X)","65","±21","75.2%","±14.9","114,428","±1,002","4,902","±1,524","(X)","(X)","43","±13","66.4%","±13.1","N","N","N","N","(X)","(X)","N","N","N","N","98,269","±1,377","4,192","±1,119","(X)","(X)","43","±11","35.8%","±14.2","63,022","±1,081","3,501","±1,392","(X)","(X)","56","±22","50.5%","±22.0","22,113","±493","1,314","±501","(X)","(X)","59","±23","36.1%","±20.5","35,136","±1,333","972","±519","(X)","(X)","28","±15","45.6%","±25.9","101,833","±741","4,517","±1,162","(X)","(X)","44","±11","66.4%","±12.2","37,256","±695","3,137","±1,212","(X)","(X)","84","±33","77.0%","±14.6","29,933","±788","1,558","±897","(X)","(X)","52","±30","42.3%","±24.8","17,158","±504","1,228","±659","(X)","(X)","72","±38","59.1%","±29.8","58,544","±1,035","3,619","±1,197","(X)","(X)","62","±21","37.3%","±19.0","33,029","±1,334","2,179","±867","(X)","(X)","66","±27","31.4%","±22.8","N","N","N","N","(X)","(X)","N","N","N","N","76,879,571","±47,490","3,877,882","±31,847","(X)","(X)","50","±1","32.8%","±0.5"
"    15 to 19 years","3,377","±1,122","0","±224","0.0%","±11.3","0","±60","-","**","3,062","±935","0","±224","0.0%","±24.5","0","±65","-","**","7,503","±346","188","±228","5.1%","±6.1","25","±30","100.0%","±54.7","6,491","±738","0","±224","0.0%","±6.5","0","±31","-","**","16,065","±651","100","±165","2.0%","±3.4","6","±10","100.0%","±74.9","N","N","N","N","N","N","N","N","N","N","10,666","±1,109","31","±54","0.7%","±1.3","3","±5","0.0%","±100.0","7,407","±709","23","±47","0.7%","±1.4","3","±6","100.0%","±100.0","2,596","±440","33","±59","2.5%","±4.6","13","±23","100.0%","±100.0","5,238","±1,295","0","±224","0.0%","±19.1","0","±39","-","**","10,562","±222","2","±4","0.0%","±0.1","0","±1","100.0%","±100.0","5,740","±887","0","±224","0.0%","±6.4","0","±35","-","**","4,523","±680","0","±224","0.0%","±12.4","0","±45","-","**","2,075","±660","0","±224","0.0%","±15.5","0","±95","-","**","8,703","±437","250","±286","6.9%","±7.7","29","±33","100.0%","±47.4","4,126","±1,126","0","±224","0.0%","±9.1","0","±49","-","**","N","N","N","N","N","N","N","N","N","N","10,449,871","±27,410","110,459","±6,740","2.8%","±0.2","11","±1","86.4%","±2.1"
"    20 to 34 years","13,060","±989","1,465","±786","85.0%","±16.6","112","±63","16.4%","±19.3","13,683","±704","480","±303","66.2%","±22.3","35","±22","20.2%","±20.3","24,118","±632","2,873","±1,152","77.9%","±13.8","119","±46","53.3%","±21.8","21,177","±888","2,810","±980","91.5%","±9.1","133","±46","76.0%","±15.4","54,898","±770","3,992","±1,469","81.4%","±10.2","73","±27","79.1%","±12.6","N","N","N","N","N","N","N","N","N","N","43,853","±1,029","3,319","±1,028","79.2%","±10.7","76","±23","34.6%","±15.5","28,317","±1,012","3,233","±1,373","92.3%","±7.0","114","±48","52.1%","±23.2","9,874","±869","1,157","±500","88.1%","±11.2","117","±54","36.0%","±24.0","14,944","±882","669","±450","68.8%","±25.1","45","±30","66.2%","±29.2","48,106","±181","3,801","±1,134","84.1%","±7.4","79","±24","72.5%","±13.1","15,896","±745","2,854","±1,138","91.0%","±11.5","180","±72","74.7%","±16.1","12,145","±967","990","±676","63.5%","±23.7","82","±53","66.6%","±28.9","7,609","±889","1,092","±639","88.9%","±13.5","144","±82","66.5%","±31.2","21,611","±929","3,059","±1,075","84.5%","±9.8","142","±49","36.0%","±19.4","14,597","±1,452","2,029","±856","93.1%","±7.2","139","±61","33.7%","±24.1","N","N","N","N","N","N","N","N","N","N","32,933,396","±29,410","2,773,193","±28,655","71.5%","±0.4","84","±1","34.9%","±0.6"
"    35 to 50 years","14,526","±733","259","±285","15.0%","±16.6","18","±20","35.1%","±49.1","13,518","±826","245","±216","33.8%","±22.3","18","±16","25.7%","±40.5","25,747","±957","626","±489","17.0%","±12.8","24","±19","15.0%","±22.2","19,792","±688","262","±285","8.5%","±9.1","13","±14","66.0%","±49.8","43,465","±1,188","810","±440","16.5%","±9.0","19","±10","0.0%","±22.3","N","N","N","N","N","N","N","N","N","N","43,750","±1,168","842","±480","20.1%","±10.8","19","±11","42.0%","±33.3","27,298","±1,081","245","±232","7.0%","±6.9","9","±8","25.3%","±43.4","9,643","±769","124","±125","9.4%","±10.0","13","±13","20.2%","±39.6","14,954","±744","303","±272","31.2%","±25.1","20","±18","0.0%","±43.0","43,165","±734","714","±330","15.8%","±7.4","17","±8","33.9%","±22.2","15,620","±572","283","±370","9.0%","±11.5","18","±24","100.0%","±44.5","13,265","±668","568","±471","36.5%","±23.7","43","±36","0.0%","±29.7","7,474","±717","136","±164","11.1%","±13.5","18","±22","0.0%","±64.3","28,230","±1,328","310","±245","8.6%","±6.8","11","±9","0.0%","±42.6","14,306","±1,054","150","±157","6.9%","±7.2","10","±11","0.0%","±61.2","N","N","N","N","N","N","N","N","N","N","33,496,304","±37,663","994,230","±18,203","25.6%","±0.4","30","±1","20.9%","±0.9"
"    RACE AND HISPANIC OR LATINO ORIGIN","","","","","","","","","","","","","","","","","","","","","","","","","","","","","","","","","","","","","","","","","","","","","","","","","","","","","","","","","","","","","","","","","","","","","","","","","","","","","","","","","","","","","","","","","","","","","","","","","","","","","","","","","","","","","","","","","","","","","","","","","","","","","","","","","","","","","","","","","","","","","","","","","","","","","","","","","","","","","","","","","","","","","","","","","","","","","","","","","","","",""
"        One race","N","N","N","N","N","N","N","N","N","N","N","N","N","N","N","N","N","N","N","N","N","N","N","N","N","N","N","N","N","N","N","N","N","N","N","N","N","N","N","N","N","N","N","N","N","N","N","N","N","N","N","N","N","N","N","N","N","N","N","N","N","N","N","N","N","N","N","N","N","N","N","N","N","N","N","N","N","N","N","N","N","N","N","N","N","N","N","N","N","N","N","N","N","N","N","N","N","N","N","N","N","N","N","N","N","N","N","N","N","N","N","N","N","N","N","N","N","N","N","N","N","N","N","N","N","N","N","N","N","N","N","N","N","N","N","N","N","N","N","N","N","N","N","N","N","N","N","N","N","N","N","N","N","N","N","N","N","N","N","N","N","N","N","N","N","N","N","N","N","N","74,179,173","±60,015","3,743,194","±29,640","96.5%","±0.2","50","±1","32.5%","±0.5"
"            White","20,703","±657","1,346","±690","78.1%","±22.0","65","±33","17.8%","±20.2","20,853","±883","413","±335","57.0%","±28.4","20","±16","15.3%","±25.7","23,291","±764","1,712","±900","46.4%","±19.2","74","±39","35.5%","±30.4","31,986","±642","1,939","±830","63.1%","±16.1","61","±26","70.1%","±19.7","48,289","±934","1,866","±660","38.1%","±12.5","39","±14","30.8%","±19.5","8,683","±513","580","±607","N","N","67","±71","37.9%","±43.8","56,237","±1,945","3,113","±995","74.3%","±14.7","55","±18","28.7%","±16.2","40,625","±831","2,249","±1,074","64.2%","±20.4","55","±27","43.3%","±25.9","17,430","±479","1,206","±513","91.8%","±14.9","69","±30","30.3%","±20.6","29,936","±643","972","±519","100.0%","±19.1","32","±17","45.6%","±25.9","35,543","±770","1,227","±436","27.2%","±9.5","35","±12","20.4%","±15.8","19,769","±680","968","±600","30.9%","±17.2","49","±30","37.5%","±35.4","18,476","±839","455","±384","29.2%","±21.1","25","±21","27.7%","±41.2","9,266","±405","454","±343","37.0%","±24.8","49","±37","34.8%","±32.4","45,820","±861","2,753","±980","76.1%","±14.2","60","±21","25.6%","±23.2","20,003","±917","1,319","±647","60.5%","±21.0","66","±32","3.4%","±6.2","17,398","±1,104","888","±516","N","N","51","±30","19.3%","±30.7","52,648,175","±49,905","2,628,122","±24,041","67.8%","±0.5","50","±1","26.8%","±0.5"
"            Black or African American","N","N","N","N","N","N","N","N","N","N","7,831","±728","232","±184","32.0%","±24.4","30","±24","41.8%","±36.7","31,332","±736","1,502","±800","40.7%","±17.1","48","±26","80.4%","±19.7","12,524","±371","1,011","±586","32.9%","±16.0","81","±47","82.0%","±21.6","58,134","±1,064","2,936","±1,329","59.9%","±13.3","51","±23","87.9%","±15.4","N","N","N","N","N","N","N","N","N","N","31,404","±1,026","889","±674","21.2%","±14.2","28","±22","68.5%","±41.8","18,579","±1,108","973","±839","27.8%","±21.0","52","±45","75.2%","±32.7","N","N","N","N","N","N","N","N","N","N","N","N","N","N","N","N","N","N","N","N","58,004","±990","3,111","±1,068","68.9%","±10.1","54","±19","85.5%","±13.0","15,476","±158","2,125","±1,033","67.7%","±17.5","137","±67","96.6%","±7.5","9,992","±412","1,082","±762","69.4%","±21.1","108","±76","49.3%","±31.4","7,536","±413","774","±557","63.0%","±24.8","103","±74","73.4%","±37.6","9,082","±866","866","±601","23.9%","±14.2","95","±65","74.4%","±35.7","12,097","±1,512","860","±591","39.5%","±21.0","71","±49","74.3%","±39.1","N","N","N","N","N","N","N","N","N","N","10,908,109","±36,892","567,631","±17,150","14.6%","±0.4","52","±2","62.9%","±1.5"
"            American Indian and Alaska Native","N","N","N","N","N","N","N","N","N","N","N","N","N","N","N","N","N","N","N","N","N","N","N","N","N","N","N","N","N","N","N","N","N","N","N","N","N","N","N","N","N","N","N","N","N","N","N","N","N","N","N","N","N","N","N","N","N","N","N","N","N","N","N","N","N","N","N","N","N","N","N","N","N","N","N","N","N","N","N","N","N","N","N","N","N","N","N","N","N","N","N","N","N","N","N","N","N","N","N","N","N","N","N","N","N","N","N","N","N","N","N","N","N","N","N","N","N","N","N","N","N","N","N","N","N","N","N","N","N","N","N","N","N","N","N","N","N","N","N","N","N","N","N","N","N","N","N","N","N","N","N","N","N","N","N","N","N","N","N","N","N","N","N","N","N","N","N","N","N","N","708,275","±12,660","35,367","±3,250","0.9%","±0.1","50","±4","58.9%","±4.0"
"            Asian","N","N","N","N","N","N","N","N","N","N","N","N","N","N","N","N","N","N","N","N","N","N","N","N","N","N","N","N","N","N","N","N","N","N","N","N","N","N","N","N","N","N","N","N","N","N","N","N","N","N","N","N","N","N","N","N","N","N","N","N","N","N","N","N","N","N","N","N","N","N","N","N","N","N","N","N","N","N","N","N","N","N","N","N","N","N","N","N","N","N","N","N","N","N","N","N","N","N","N","N","3,368","±339","40","±74","0.9%","±1.6","12","±22","0.0%","±100.0","N","N","N","N","N","N","N","N","N","N","N","N","N","N","N","N","N","N","N","N","N","N","N","N","N","N","N","N","N","N","N","N","N","N","N","N","N","N","N","N","N","N","N","N","N","N","N","N","N","N","N","N","N","N","N","N","N","N","N","N","5,281,751","±17,006","252,552","±7,950","6.5%","±0.2","48","±1","10.0%","±1.1"
"            Native Hawaiian and Other Pacific Islander","N","N","N","N","N","N","N","N","N","N","N","N","N","N","N","N","N","N","N","N","N","N","N","N","N","N","N","N","N","N","N","N","N","N","N","N","N","N","N","N","N","N","N","N","N","N","N","N","N","N","N","N","N","N","N","N","N","N","N","N","N","N","N","N","N","N","N","N","N","N","N","N","N","N","N","N","N","N","N","N","N","N","N","N","N","N","N","N","N","N","N","N","N","N","N","N","N","N","N","N","N","N","N","N","N","N","N","N","N","N","N","N","N","N","N","N","N","N","N","N","N","N","N","N","N","N","N","N","N","N","N","N","N","N","N","N","N","N","N","N","N","N","N","N","N","N","N","N","N","N","N","N","N","N","N","N","N","N","N","N","N","N","N","N","N","N","N","N","N","N","172,393","±7,116","10,025","±2,004","0.3%","±0.1","58","±11","50.5%","±9.9"
"            Some other race","N","N","N","N","N","N","N","N","N","N","N","N","N","N","N","N","N","N","N","N","N","N","N","N","N","N","N","N","N","N","N","N","N","N","N","N","N","N","N","N","N","N","N","N","N","N","N","N","N","N","N","N","N","N","N","N","N","N","N","N","N","N","N","N","N","N","N","N","N","N","N","N","N","N","N","N","N","N","N","N","N","N","N","N","N","N","N","N","N","N","N","N","N","N","N","N","N","N","N","N","N","N","N","N","N","N","N","N","N","N","N","N","N","N","N","N","N","N","N","N","N","N","N","N","N","N","N","N","N","N","N","N","N","N","N","N","N","N","N","N","N","N","N","N","N","N","N","N","N","N","N","N","N","N","N","N","N","N","N","N","N","N","N","N","N","N","N","N","N","N","4,460,470","±44,318","249,497","±9,284","6.4%","±0.2","56","±2","41.1%","±2.0"
"        Two or more races","N","N","N","N","N","N","N","N","N","N","N","N","N","N","N","N","N","N","N","N","N","N","N","N","N","N","N","N","N","N","N","N","N","N","N","N","N","N","N","N","N","N","N","N","N","N","N","N","N","N","N","N","N","N","N","N","N","N","N","N","N","N","N","N","N","N","N","N","N","N","N","N","N","N","N","N","N","N","N","N","N","N","N","N","N","N","N","N","N","N","N","N","N","N","N","N","N","N","N","N","N","N","N","N","N","N","N","N","N","N","N","N","N","N","N","N","N","N","N","N","N","N","N","N","N","N","N","N","N","N","N","N","N","N","N","N","N","N","N","N","N","N","N","N","N","N","N","N","N","N","N","N","N","N","N","N","N","N","N","N","N","N","N","N","N","N","N","N","N","N","2,700,398","±41,258","134,688","±7,753","3.5%","±0.2","50","±3","40.7%","±2.4"
"        Hispanic or Latino origin (of any race)","N","N","N","N","N","N","N","N","N","N","N","N","N","N","N","N","N","N","N","N","1,646","±148","263","±222","7.1%","±6.9","160","±138","59.7%","±55.6","N","N","N","N","N","N","N","N","N","N","4,801","±299","239","±289","4.9%","±6.0","50","±61","57.7%","±43.6","N","N","N","N","N","N","N","N","N","N","15,119","±831","1,189","±643","28.4%","±12.4","79","±43","38.4%","±29.8","3,751","±547","119","±140","3.4%","±4.0","32","±37","100.0%","±68.7","N","N","N","N","N","N","N","N","N","N","N","N","N","N","N","N","N","N","N","N","5,450","±194","262","±245","5.8%","±5.5","48","±45","27.9%","±37.5","N","N","N","N","N","N","N","N","N","N","N","N","N","N","N","N","N","N","N","N","N","N","N","N","N","N","N","N","N","N","N","N","N","N","N","N","N","N","N","N","N","N","N","N","N","N","N","N","N","N","N","N","N","N","N","N","N","N","N","N","15,869,681","±22,244","864,844","±18,065","22.3%","±0.4","54","±1","40.4%","±1.0"
"        White alone, not Hispanic or Latino","20,038","±388","1,346","±690","78.1%","±22.0","67","±34","17.8%","±20.2","18,952","±434","413","±335","57.0%","±28.4","22","±18","15.3%","±25.7","22,522","±641","1,523","±882","41.3%","±17.4","68","±39","29.5%","±33.3","30,454","±359","1,780","±796","57.9%","±17.0","58","±26","67.4%","±20.9","45,800","±556","1,727","±634","35.2%","±12.0","38","±14","31.0%","±20.4","8,625","±494","580","±607","N","N","67","±71","37.9%","±43.8","45,225","±851","2,025","±742","48.3%","±14.7","45","±17","21.6%","±17.9","37,491","±584","2,192","±1,054","62.6%","±20.1","58","±28","41.8%","±26.0","16,834","±446","966","±432","73.5%","±23.2","57","±26","13.0%","±13.3","28,991","±258","930","±508","95.7%","±7.1","32","±18","47.6%","±26.8","32,076","±358","1,046","±347","23.2%","±7.8","33","±11","16.9%","±17.8","19,632","±674","922","±599","29.4%","±17.3","47","±31","39.4%","±36.7","17,637","±581","455","±384","29.2%","±21.1","26","±22","27.7%","±41.2","9,046","±363","454","±343","37.0%","±24.8","50","±38","34.8%","±32.4","43,142","±680","2,753","±980","76.1%","±14.2","64","±23","25.6%","±23.2","18,927","±628","1,319","±647","60.5%","±21.0","70","±34","3.4%","±6.2","16,471","±405","888","±516","N","N","54","±31","19.3%","±30.7","42,308,780","±20,070","2,066,688","±21,543","53.3%","±0.5","49","±1","23.6%","±0.6"
"    NATIVITY","","","","","","","","","","","","","","","","","","","","","","","","","","","","","","","","","","","","","","","","","","","","","","","","","","","","","","","","","","","","","","","","","","","","","","","","","","","","","","","","","","","","","","","","","","","","","","","","","","","","","","","","","","","","","","","","","","","","","","","","","","","","","","","","","","","","","","","","","","","","","","","","","","","","","","","","","","","","","","","","","","","","","","","","","","","","","","","","","","","",""
"        Native","N","N","N","N","N","N","N","N","N","N","28,409","±987","725","±396","100.0%","±24.5","26","±14","22.1%","±18.1","56,135","±1,318","3,424","±1,331","92.9%","±6.9","61","±23","48.4%","±19.7","45,664","±742","2,913","±990","94.8%","±8.3","64","±21","73.8%","±15.5","105,932","±1,646","4,774","±1,539","97.4%","±3.6","45","±14","66.1%","±13.4","N","N","N","N","N","N","N","N","N","N","83,221","±2,317","2,470","±871","58.9%","±12.9","30","±10","42.3%","±17.5","59,403","±1,163","3,501","±1,392","100.0%","±5.8","59","±23","50.5%","±22.0","21,484","±571","1,074","±410","81.7%","±19.1","50","±19","21.8%","±15.6","33,508","±1,511","972","±519","100.0%","±19.1","29","±15","45.6%","±25.9","96,547","±1,190","4,277","±1,169","94.7%","±5.1","44","±12","68.4%","±12.4","35,733","±1,029","3,064","±1,229","97.7%","±4.7","86","±34","78.8%","±13.9","28,811","±805","1,537","±890","98.7%","±2.4","53","±31","42.9%","±24.9","16,890","±528","1,228","±659","100.0%","±15.5","73","±39","59.1%","±29.8","55,928","±1,442","3,619","±1,197","100.0%","±5.6","65","±22","37.3%","±19.0","31,988","±1,571","2,179","±867","100.0%","±9.1","68","±27","31.4%","±22.8","N","N","N","N","N","N","N","N","N","N","64,041,016","±73,247","3,144,037","±31,873","81.1%","±0.4","49","±1","35.7%","±0.6"
"        Foreign born","N","N","N","N","N","N","N","N","N","N","1,854","±890","0","±224","0.0%","±24.5","0","±106","-","**","1,233","±507","263","±222","7.1%","±6.9","213","±165","59.7%","±55.6","1,796","±512","159","±260","5.2%","±8.3","89","±139","100.0%","±59.4","8,496","±1,629","128","±170","2.6%","±3.6","15","±20","78.1%","±48.2","N","N","N","N","N","N","N","N","N","N","15,048","±2,301","1,722","±699","41.1%","±12.9","114","±44","26.5%","±21.7","3,619","±1,121","0","±224","0.0%","±5.8","0","±56","-","**","629","±271","240","±275","18.3%","±19.1","382","±444","100.0%","±48.4","1,628","±678","0","±224","0.0%","±19.1","0","±120","-","**","5,286","±1,000","240","±225","5.3%","±5.1","45","±41","30.4%","±43.1","1,523","±913","73","±133","2.3%","±4.7","48","±90","0.0%","±87.7","1,122","±499","21","±35","1.3%","±2.4","19","±34","0.0%","±100.0","268","±245","0","±224","0.0%","±15.5","0","±458","-","**","2,616","±1,042","0","±224","0.0%","±5.6","0","±76","-","**","1,041","±790","0","±224","0.0%","±9.1","0","±180","-","**","N","N","N","N","N","N","N","N","N","N","12,838,555","±65,782","733,845","±15,201","18.9%","±0.4","57","±1","20.2%","±0.9"
"    EDUCATIONAL ATTAINMENT","","","","","","","","","","","","","","","","","","","","","","","","","","","","","","","","","","","","","","","","","","","","","","","","","","","","","","","","","","","","","","","","","","","","","","","","","","","","","","","","","","","","","","","","","","","","","","","","","","","","","","","","","","","","","","","","","","","","","","","","","","","","","","","","","","","","","","","","","","","","","","","","","","","","","","","","","","","","","","","","","","","","","","","","","","","","","","","","","","","",""
"        Less than high school graduate","3,826","±1,110","198","±363","11.5%","±18.9","52","±89","0.0%","±53.3","N","N","N","N","N","N","N","N","N","N","11,589","±1,785","426","±365","11.6%","±9.4","37","±32","100.0%","±36.1","8,839","±1,618","915","±787","29.8%","±21.5","104","±82","93.6%","±14.9","15,603","±1,781","633","±629","12.9%","±12.8","41","±39","100.0%","±27.3","N","N","N","N","N","N","N","N","N","N","15,341","±1,723","146","±191","3.5%","±4.6","10","±12","30.8%","±58.9","8,167","±1,045","160","±188","4.6%","±5.7","20","±23","100.0%","±59.2","3,962","±880","342","±265","26.0%","±17.5","86","±64","41.2%","±54.3","7,388","±1,995","0","±224","0.0%","±19.1","0","±28","-","**","14,597","±1,952","727","±586","16.1%","±13.2","50","±39","90.0%","±17.6","6,137","±986","511","±405","16.3%","±13.2","83","±62","88.6%","±20.4","5,590","±1,034","90","±132","5.8%","±7.5","16","±23","100.0%","±79.0","N","N","N","N","N","N","N","N","N","N","10,160","±1,334","602","±520","16.6%","±12.1","59","±50","100.0%","±28.4","4,434","±1,529","285","±391","13.1%","±17.7","64","±84","15.8%","±42.1","4,880","±1,287","0","±224","0.0%","±19.4","0","±42","-","**","12,354,406","±61,002","423,188","±13,965","10.9%","±0.3","34","±1","52.1%","±1.6"
"        High school graduate (includes equivalency)","9,900","±2,194","74","±131","4.3%","±7.9","7","±13","0.0%","±87.1","N","N","N","N","N","N","N","N","N","N","14,583","±2,568","1,894","±917","51.4%","±17.7","130","±58","73.3%","±23.4","13,002","±2,333","1,000","±550","32.6%","±17.1","77","±40","62.4%","±27.0","22,811","±3,117","1,828","±1,106","37.3%","±16.0","80","±47","95.6%","±5.9","N","N","N","N","N","N","N","N","N","N","21,066","±2,875","1,360","±697","32.4%","±13.8","65","±31","41.4%","±25.6","13,180","±2,425","788","±691","22.5%","±19.1","60","±51","59.6%","±46.9","7,575","±1,297","405","±319","30.8%","±20.2","53","±41","59.3%","±43.8","10,582","±2,189","534","±410","54.9%","±25.8","50","±38","83.0%","±27.9","17,207","±2,547","542","±368","12.0%","±7.6","31","±21","92.3%","±14.3","9,887","±1,762","1,069","±883","34.1%","±22.9","108","±84","95.9%","±10.2","8,595","±1,830","463","±442","29.7%","±21.1","54","±54","91.1%","±15.6","N","N","N","N","N","N","N","N","N","N","10,453","±2,069","1,053","±766","29.1%","±17.5","101","±70","42.5%","±40.4","10,618","±1,841","627","±603","28.8%","±22.8","59","±58","87.9%","±29.7","10,308","±2,328","592","±456","62.1%","±38.7","57","±47","39.9%","±35.8","16,058,268","±79,183","899,106","±16,148","23.2%","±0.4","56","±1","50.1%","±1.2"
"        Some college or associate's degree","10,259","±2,107","661","±477","38.3%","±22.3","64","±50","35.7%","±35.6","N","N","N","N","N","N","N","N","N","N","18,114","±2,457","892","±697","24.2%","±16.6","49","±36","0.0%","±20.6","16,132","±1,812","852","±556","27.7%","±15.7","53","±34","88.0%","±15.5","39,437","±4,113","1,195","±772","24.4%","±13.5","30","±20","70.0%","±32.6","N","N","N","N","N","N","N","N","N","N","30,940","±3,204","1,351","±838","32.2%","±16.4","44","±26","35.0%","±28.8","19,861","±2,701","1,375","±945","39.3%","±20.6","69","±45","63.4%","±35.1","5,942","±1,400","169","±165","12.9%","±12.6","28","±27","40.2%","±52.2","7,936","±1,966","239","±252","24.6%","±22.9","30","±30","0.0%","±48.5","31,697","±2,617","1,677","±964","37.1%","±17.3","53","±29","88.3%","±11.1","10,715","±1,934","476","±431","15.2%","±13.6","44","±39","76.9%","±35.6","10,320","±1,962","588","±456","37.7%","±23.2","57","±44","16.3%","±26.8","N","N","N","N","N","N","N","N","N","N","17,956","±2,551","787","±600","21.7%","±16.0","44","±33","28.8%","±35.4","11,029","±1,662","287","±278","13.2%","±12.7","26","±26","30.7%","±46.2","7,364","±1,546","267","±417","28.0%","±39.2","36","±56","0.0%","±45.9","23,726,891","±70,345","1,176,144","±20,007","30.3%","±0.5","50","±1","39.2%","±0.8"
"        Bachelor's degree","4,885","±1,320","702","±572","40.7%","±25.6","144","±108","13.5%","±22.8","N","N","N","N","N","N","N","N","N","N","8,121","±1,572","326","±390","8.8%","±10.0","40","±47","0.0%","±41.5","6,199","±1,425","305","±284","9.9%","±9.8","49","±44","26.2%","±36.4","25,616","±2,750","790","±368","16.1%","±7.8","31","±14","4.8%","±8.9","N","N","N","N","N","N","N","N","N","N","21,457","±3,019","651","±478","15.5%","±11.0","30","±22","47.2%","±42.0","16,438","±1,992","1,033","±713","29.5%","±18.1","63","±42","25.8%","±37.7","3,143","±929","291","±236","22.1%","±16.4","93","±72","0.0%","±43.9","7,475","±1,709","85","±154","8.7%","±16.4","11","±20","0.0%","±81.3","22,643","±2,063","618","±452","13.7%","±9.5","27","±20","32.7%","±37.8","6,969","±1,401","749","±634","23.9%","±19.3","107","±87","76.2%","±36.1","4,018","±1,195","356","±420","22.8%","±23.6","89","±96","14.3%","±29.6","N","N","N","N","N","N","N","N","N","N","11,776","±1,779","963","±475","26.6%","±13.7","82","±40","7.6%","±11.7","4,203","±1,445","695","±596","31.9%","±24.0","165","±135","0.0%","±25.4","3,013","±1,200","94","±166","9.9%","±18.7","31","±54","0.0%","±77.3","16,023,912","±78,212","848,593","±16,439","21.9%","±0.4","53","±1","12.2%","±0.6"
"        Graduate or professional degree","2,093","±948","89","±178","5.2%","±10.6","43","±80","0.0%","±79.4","N","N","N","N","N","N","N","N","N","N","4,961","±1,307","149","±199","4.0%","±5.5","30","±39","0.0%","±61.4","3,288","±1,063","0","±224","0.0%","±6.5","0","±61","-","**","10,961","±2,025","456","±351","9.3%","±7.5","42","±32","0.0%","±34.6","N","N","N","N","N","N","N","N","N","N","9,465","±1,970","684","±369","16.3%","±9.1","72","±40","16.7%","±26.8","5,376","±1,599","145","±182","4.1%","±5.2","27","±33","0.0%","±62.2","1,491","±601","107","±147","8.1%","±11.3","72","±102","23.4%","±56.6","1,755","±889","114","±150","11.7%","±15.5","65","±81","0.0%","±70.2","15,689","±1,718","953","±488","21.1%","±10.2","61","±29","17.1%","±25.4","3,548","±1,327","332","±371","10.6%","±11.6","94","±96","0.0%","±41.1","1,410","±581","61","±106","3.9%","±7.0","43","±70","0.0%","±95.9","N","N","N","N","N","N","N","N","N","N","8,199","±1,983","214","±187","5.9%","±5.5","26","±22","0.0%","±51.2","2,745","±1,187","285","±326","13.1%","±15.7","104","±118","0.0%","±44.4","1,413","±840","0","±224","0.0%","±19.4","0","±136","-","**","8,716,094","±57,883","530,851","±11,241","13.7%","±0.3","61","±1","6.8%","±0.5"
"POVERTY STATUS IN THE PAST 12 MONTHS","","","","","","","","","","","","","","","","","","","","","","","","","","","","","","","","","","","","","","","","","","","","","","","","","","","","","","","","","","","","","","","","","","","","","","","","","","","","","","","","","","","","","","","","","","","","","","","","","","","","","","","","","","","","","","","","","","","","","","","","","","","","","","","","","","","","","","","","","","","","","","","","","","","","","","","","","","","","","","","","","","","","","","","","","","","","","","","","","","","",""
"    Women 15 to 50 years for whom poverty status is determined","30,963","±1,110","1,724","±828","(X)","(X)","56","±27","19.2%","±18.1","30,229","±1,110","725","±396","(X)","(X)","24","±13","22.1%","±18.1","56,618","±1,289","3,687","±1,272","(X)","(X)","65","±22","49.2%","±19.0","46,626","±733","3,046","±1,009","(X)","(X)","65","±22","75.0%","±14.9","110,748","±1,384","4,902","±1,524","(X)","(X)","44","±14","66.4%","±13.1","N","N","N","N","(X)","(X)","N","N","N","N","98,119","±1,387","4,192","±1,119","(X)","(X)","43","±11","35.8%","±14.2","61,389","±1,299","3,501","±1,392","(X)","(X)","57","±23","50.5%","±22.0","21,437","±627","1,314","±501","(X)","(X)","61","±24","36.1%","±20.5","34,999","±1,333","972","±519","(X)","(X)","28","±15","45.6%","±25.9","97,175","±1,485","4,517","±1,162","(X)","(X)","46","±12","66.4%","±12.2","36,276","±802","3,137","±1,212","(X)","(X)","86","±33","77.0%","±14.6","29,402","±856","1,530","±895","(X)","(X)","52","±30","41.2%","±25.4","17,158","±504","1,228","±659","(X)","(X)","72","±38","59.1%","±29.8","58,312","±1,035","3,619","±1,197","(X)","(X)","62","±21","37.3%","±19.0","31,415","±1,473","2,179","±867","(X)","(X)","69","±28","31.4%","±22.8","26,904","±2,051","953","±554","(X)","(X)","35","±21","24.8%","±30.8","75,108,636","±51,346","3,865,281","±31,905","(X)","(X)","51","±1","32.6%","±0.5"
"        Below 100 percent of poverty level","2,907","±1,356","0","±224","0.0%","±11.3","0","±69","-","**","6,155","±1,568","95","±113","13.1%","±14.8","15","±19","62.1%","±53.6","14,131","±2,427","1,665","±882","45.2%","±18.9","118","±60","61.8%","±27.3","10,915","±2,298","1,345","±905","44.2%","±22.1","123","±79","100.0%","±14.3","23,291","±3,331","1,563","±909","31.9%","±15.3","67","±39","100.0%","±12.4","N","N","N","N","N","N","N","N","N","N","14,045","±2,547","1,357","±798","32.4%","±14.3","97","±55","49.3%","±31.3","12,656","±2,714","682","±629","19.5%","±16.0","54","±47","100.0%","±25.8","5,157","±1,377","506","±330","38.5%","±21.2","98","±69","82.2%","±27.5","3,944","±1,529","382","±403","39.3%","±31.3","97","±102","100.0%","±38.3","22,986","±2,323","1,093","±542","24.2%","±10.9","48","±23","82.6%","±20.8","8,262","±1,707","1,230","±708","39.2%","±21.6","149","±82","96.3%","±7.0","6,318","±1,579","399","±390","26.1%","±19.8","63","±60","95.0%","±9.8","4,660","±1,079","186","±214","15.1%","±17.2","40","±49","55.9%","±55.9","8,914","±2,263","925","±684","25.6%","±17.8","104","±73","42.7%","±39.5","8,121","±2,018","574","±520","26.3%","±23.9","71","±63","44.9%","±44.6","8,119","±2,087","236","±273","24.8%","±30.8","29","±36","100.0%","±48.8","10,710,505","±73,562","792,565","±18,706","20.5%","±0.4","74","±2","67.5%","±1.2"
"        100 to 199 percent of poverty level","2,864","±1,490","0","±224","0.0%","±11.3","0","±70","-","**","6,969","±2,390","181","±182","25.0%","±21.9","26","±27","55.8%","±55.8","11,381","±2,622","927","±831","25.1%","±19.4","81","±69","66.1%","±42.5","8,345","±1,917","641","±460","21.0%","±15.4","77","±52","90.8%","±16.8","18,964","±3,467","499","±525","10.2%","±10.5","26","±27","42.7%","±52.9","N","N","N","N","N","N","N","N","N","N","19,507","±2,834","898","±641","21.4%","±14.2","46","±32","14.5%","±23.8","9,271","±2,357","670","±624","19.1%","±15.9","72","±64","50.3%","±50.1","3,110","±1,059","242","±307","18.4%","±22.3","78","±93","13.6%","±25.3","4,760","±2,192","61","±119","6.3%","±12.7","13","±26","100.0%","±95.9","15,718","±2,281","826","±604","18.3%","±14.1","53","±37","73.0%","±27.6","8,101","±2,111","982","±844","31.3%","±21.7","121","±102","92.6%","±18.8","6,977","±1,983","600","±619","39.2%","±27.7","86","±86","33.5%","±48.5","4,939","±1,119","630","±567","51.3%","±32.3","128","±108","81.3%","±36.9","7,375","±1,739","1,152","±899","31.8%","±19.6","156","±112","82.9%","±17.4","5,006","±1,651","463","±633","21.2%","±25.8","92","±123","92.0%","±25.7","3,650","±1,344","267","±417","28.0%","±39.2","73","±113","0.0%","±45.9","12,757,677","±81,695","777,748","±15,747","20.1%","±0.4","61","±1","41.3%","±1.1"
"        200 percent or more above poverty level","25,192","±2,140","1,724","±828","100.0%","±11.3","68","±34","19.2%","±18.1","17,105","±2,188","449","±311","61.9%","±22.7","26","±18","0.0%","±35.0","31,106","±3,119","1,095","±595","29.7%","±14.0","35","±19","15.7%","±19.6","27,366","±2,804","1,060","±571","34.8%","±17.2","39","±21","33.7%","±28.5","68,493","±4,138","2,840","±1,176","57.9%","±15.8","41","±17","52.1%","±19.2","N","N","N","N","N","N","N","N","N","N","64,567","±3,706","1,937","±686","46.2%","±15.7","30","±11","36.3%","±23.1","39,462","±2,752","2,149","±1,053","61.4%","±20.9","54","±27","34.9%","±29.3","13,170","±1,523","566","±341","43.1%","±21.1","43","±25","4.4%","±9.1","26,295","±3,113","529","±332","54.4%","±25.9","20","±13","0.0%","±31.3","58,471","±2,472","2,598","±1,119","57.5%","±16.1","44","±19","57.5%","±22.0","19,913","±2,071","925","±581","29.5%","±16.8","46","±29","34.7%","±34.9","16,107","±1,925","531","±430","34.7%","±23.8","33","±27","9.6%","±15.9","7,559","±1,392","412","±371","33.6%","±28.1","55","±45","26.7%","±37.9","42,023","±2,548","1,542","±678","42.6%","±17.6","37","±16","0.0%","±12.6","18,288","±2,219","1,142","±619","52.4%","±23.4","62","±35","0.0%","±16.5","15,135","±2,657","450","±373","47.2%","±28.5","30","±24","0.0%","±34.9","51,640,454","±111,133","2,294,968","±25,665","59.4%","±0.5","44","±1","17.6%","±0.5"
"LABOR FORCE STATUS","","","","","","","","","","","","","","","","","","","","","","","","","","","","","","","","","","","","","","","","","","","","","","","","","","","","","","","","","","","","","","","","","","","","","","","","","","","","","","","","","","","","","","","","","","","","","","","","","","","","","","","","","","","","","","","","","","","","","","","","","","","","","","","","","","","","","","","","","","","","","","","","","","","","","","","","","","","","","","","","","","","","","","","","","","","","","","","","","","","",""
"    Women 16 to 50 years","30,085","±1,136","1,724","±828","(X)","(X)","57","±27","19.2%","±18.1","29,419","±1,176","725","±396","(X)","(X)","25","±13","22.1%","±18.1","55,642","±1,458","3,687","±1,272","(X)","(X)","66","±23","49.2%","±19.0","46,396","±657","3,072","±1,018","(X)","(X)","66","±22","75.2%","±14.9","112,714","±1,279","4,902","±1,524","(X)","(X)","43","±14","66.4%","±13.1","15,051","±867","773","±598","(X)","(X)","51","±40","35.8%","±39.3","95,371","±1,367","4,192","±1,119","(X)","(X)","44","±12","35.8%","±14.2","61,475","±1,224","3,501","±1,392","(X)","(X)","57","±22","50.5%","±22.0","21,634","±599","1,314","±501","(X)","(X)","61","±24","36.1%","±20.5","34,341","±1,409","972","±519","(X)","(X)","28","±15","45.6%","±25.9","99,712","±951","4,517","±1,162","(X)","(X)","45","±12","66.4%","±12.2","36,285","±801","3,137","±1,212","(X)","(X)","86","±33","77.0%","±14.6","29,345","±881","1,558","±897","(X)","(X)","53","±30","42.3%","±24.8","16,942","±513","1,228","±659","(X)","(X)","72","±39","59.1%","±29.8","56,253","±1,231","3,619","±1,197","(X)","(X)","64","±22","37.3%","±19.0","32,428","±1,180","2,179","±867","(X)","(X)","67","±27","31.4%","±22.8","26,238","±2,044","953","±554","(X)","(X)","36","±21","24.8%","±30.8","74,826,006","±52,632","3,872,204","±31,895","(X)","(X)","52","±1","32.7%","±0.5"
"        In labor force","22,672","±2,051","1,405","±782","81.5%","±16.3","62","±35","17.1%","±20.5","20,947","±1,415","394","±268","54.3%","±22.5","19","±13","14.7%","±18.8","37,503","±2,472","1,916","±863","52.0%","±17.9","51","±23","67.7%","±19.9","28,602","±2,339","1,698","±698","55.3%","±18.7","59","±24","70.0%","±19.3","82,522","±3,841","3,536","±1,358","72.1%","±11.4","43","±16","62.8%","±17.3","9,330","±1,473","380","±522","49.2%","±48.6","41","±54","57.9%","±50.2","74,944","±2,943","2,788","±947","66.5%","±16.3","37","±12","41.7%","±18.2","47,627","±2,166","2,458","±1,151","70.2%","±19.7","52","±25","46.4%","±26.2","14,928","±1,300","613","±395","46.7%","±26.8","41","±26","21.7%","±26.8","22,674","±2,033","431","±317","44.3%","±28.8","19","±14","14.2%","±24.8","75,776","±2,637","3,298","±1,018","73.0%","±15.1","44","±13","58.0%","±16.1","25,261","±2,115","1,408","±637","44.9%","±18.4","56","±25","80.7%","±18.1","20,965","±1,748","1,443","±871","92.6%","±9.8","69","±40","43.7%","±27.5","10,356","±1,238","924","±615","75.2%","±23.8","89","±58","67.3%","±34.6","40,107","±2,444","2,448","±963","67.6%","±15.9","61","±24","44.9%","±21.7","22,668","±1,875","1,643","±766","75.4%","±24.3","72","±34","38.9%","±27.9","19,119","±2,395","244","±308","25.6%","±35.7","13","±16","70.1%","±45.1","55,265,605","±90,158","2,548,687","±29,159","65.8%","±0.5","46","±1","33.2%","±0.6"
"PUBLIC ASSISTANCE INCOME IN THE PAST 12 MONTHS","","","","","","","","","","","","","","","","","","","","","","","","","","","","","","","","","","","","","","","","","","","","","","","","","","","","","","","","","","","","","","","","","","","","","","","","","","","","","","","","","","","","","","","","","","","","","","","","","","","","","","","","","","","","","","","","","","","","","","","","","","","","","","","","","","","","","","","","","","","","","","","","","","","","","","","","","","","","","","","","","","","","","","","","","","","","","","","","","","","",""
"    Women 15 to 50 years","N","N","N","N","(X)","(X)","N","N","N","N","30,263","±1,115","725","±396","(X)","(X)","24","±13","22.1%","±18.1","57,368","±1,137","3,687","±1,272","(X)","(X)","64","±22","49.2%","±19.0","47,460","±660","3,072","±1,018","(X)","(X)","65","±21","75.2%","±14.9","114,428","±1,002","4,902","±1,524","(X)","(X)","43","±13","66.4%","±13.1","N","N","N","N","(X)","(X)","N","N","N","N","98,269","±1,377","4,192","±1,119","(X)","(X)","43","±11","35.8%","±14.2","N","N","N","N","(X)","(X)","N","N","N","N","22,113","±493","1,314","±501","(X)","(X)","59","±23","36.1%","±20.5","N","N","N","N","(X)","(X)","N","N","N","N","101,833","±741","4,517","±1,162","(X)","(X)","44","±11","66.4%","±12.2","37,256","±695","3,137","±1,212","(X)","(X)","84","±33","77.0%","±14.6","N","N","N","N","(X)","(X)","N","N","N","N","N","N","N","N","(X)","(X)","N","N","N","N","58,544","±1,035","3,619","±1,197","(X)","(X)","62","±21","37.3%","±19.0","N","N","N","N","(X)","(X)","N","N","N","N","N","N","N","N","(X)","(X)","N","N","N","N","76,879,571","±47,490","3,877,882","±31,847","(X)","(X)","50","±1","32.8%","±0.5"
"        Received public assistance income","N","N","N","N","N","N","N","N","N","N","1,603","±784","0","±224","0.0%","±24.5","0","±121","-","**","1,152","±590","79","±140","2.1%","±3.7","69","±116","100.0%","±84.3","427","±319","46","±78","1.5%","±2.6","108","±193","100.0%","±100.0","1,034","±758","282","±301","5.8%","±6.3","273","±277","100.0%","±44.6","N","N","N","N","N","N","N","N","N","N","619","±452","0","±224","0.0%","±4.8","0","±278","-","**","N","N","N","N","N","N","N","N","N","N","284","±247","42","±80","3.2%","±6.2","148","±273","0.0%","±100.0","N","N","N","N","N","N","N","N","N","N","1,315","±567","122","±152","2.7%","±3.4","93","±118","100.0%","±67.8","788","±540","0","±224","0.0%","±6.4","0","±229","-","**","N","N","N","N","N","N","N","N","N","N","N","N","N","N","N","N","N","N","N","N","723","±568","190","±328","5.3%","±8.9","263","±392","0.0%","±54.4","N","N","N","N","N","N","N","N","N","N","N","N","N","N","N","N","N","N","N","N","1,339,850","±18,859","149,594","±8,884","3.9%","±0.2","112","±7","70.3%","±2.3"
"        Did not receive public assistance income","N","N","N","N","N","N","N","N","N","N","28,660","±1,441","725","±396","100.0%","±24.5","25","±14","22.1%","±18.1","56,216","±1,304","3,608","±1,265","97.9%","±3.7","64","±22","48.1%","±19.3","47,033","±730","3,026","±1,025","98.5%","±2.6","64","±22","74.8%","±15.2","113,394","±1,303","4,620","±1,507","94.2%","±6.3","41","±13","64.4%","±14.1","N","N","N","N","N","N","N","N","N","N","97,650","±1,417","4,192","±1,119","100.0%","±4.8","43","±11","35.8%","±14.2","N","N","N","N","N","N","N","N","N","N","21,829","±555","1,272","±501","96.8%","±6.2","58","±23","37.3%","±20.8","N","N","N","N","N","N","N","N","N","N","100,518","±897","4,395","±1,151","97.3%","±3.4","44","±12","65.5%","±12.8","36,468","±860","3,137","±1,212","100.0%","±6.4","86","±33","77.0%","±14.6","N","N","N","N","N","N","N","N","N","N","N","N","N","N","N","N","N","N","N","N","57,821","±1,159","3,429","±1,168","94.7%","±8.9","59","±20","39.4%","±19.5","N","N","N","N","N","N","N","N","N","N","N","N","N","N","N","N","N","N","N","N","75,539,721","±52,688","3,728,288","±31,179","96.1%","±0.2","49","±1","31.3%","±0.5"
"PERCENT ALLOCATED","","","","","","","","","","","","","","","","","","","","","","","","","","","","","","","","","","","","","","","","","","","","","","","","","","","","","","","","","","","","","","","","","","","","","","","","","","","","","","","","","","","","","","","","","","","","","","","","","","","","","","","","","","","","","","","","","","","","","","","","","","","","","","","","","","","","","","","","","","","","","","","","","","","","","","","","","","","","","","","","","","","","","","","","","","","","","","","","","","","",""
"    Marital status","5.6%","(X)","(X)","(X)","(X)","(X)","(X)","(X)","(X)","(X)","5.6%","(X)","(X)","(X)","(X)","(X)","(X)","(X)","(X)","(X)","9.1%","(X)","(X)","(X)","(X)","(X)","(X)","(X)","(X)","(X)","7.7%","(X)","(X)","(X)","(X)","(X)","(X)","(X)","(X)","(X)","7.0%","(X)","(X)","(X)","(X)","(X)","(X)","(X)","(X)","(X)","8.5%","(X)","(X)","(X)","(X)","(X)","(X)","(X)","(X)","(X)","8.4%","(X)","(X)","(X)","(X)","(X)","(X)","(X)","(X)","(X)","3.4%","(X)","(X)","(X)","(X)","(X)","(X)","(X)","(X)","(X)","2.5%","(X)","(X)","(X)","(X)","(X)","(X)","(X)","(X)","(X)","4.6%","(X)","(X)","(X)","(X)","(X)","(X)","(X)","(X)","(X)","6.2%","(X)","(X)","(X)","(X)","(X)","(X)","(X)","(X)","(X)","5.1%","(X)","(X)","(X)","(X)","(X)","(X)","(X)","(X)","(X)","4.1%","(X)","(X)","(X)","(X)","(X)","(X)","(X)","(X)","(X)","6.2%","(X)","(X)","(X)","(X)","(X)","(X)","(X)","(X)","(X)","4.2%","(X)","(X)","(X)","(X)","(X)","(X)","(X)","(X)","(X)","2.9%","(X)","(X)","(X)","(X)","(X)","(X)","(X)","(X)","(X)","9.2%","(X)","(X)","(X)","(X)","(X)","(X)","(X)","(X)","(X)","6.7%","(X)","(X)","(X)","(X)","(X)","(X)","(X)","(X)","(X)"
"    Fertility","7.6%","(X)","(X)","(X)","(X)","(X)","(X)","(X)","(X)","(X)","5.9%","(X)","(X)","(X)","(X)","(X)","(X)","(X)","(X)","(X)","10.5%","(X)","(X)","(X)","(X)","(X)","(X)","(X)","(X)","(X)","10.7%","(X)","(X)","(X)","(X)","(X)","(X)","(X)","(X)","(X)","9.0%","(X)","(X)","(X)","(X)","(X)","(X)","(X)","(X)","(X)","7.0%","(X)","(X)","(X)","(X)","(X)","(X)","(X)","(X)","(X)","9.4%","(X)","(X)","(X)","(X)","(X)","(X)","(X)","(X)","(X)","4.9%","(X)","(X)","(X)","(X)","(X)","(X)","(X)","(X)","(X)","5.6%","(X)","(X)","(X)","(X)","(X)","(X)","(X)","(X)","(X)","7.5%","(X)","(X)","(X)","(X)","(X)","(X)","(X)","(X)","(X)","7.2%","(X)","(X)","(X)","(X)","(X)","(X)","(X)","(X)","(X)","6.2%","(X)","(X)","(X)","(X)","(X)","(X)","(X)","(X)","(X)","5.9%","(X)","(X)","(X)","(X)","(X)","(X)","(X)","(X)","(X)","7.0%","(X)","(X)","(X)","(X)","(X)","(X)","(X)","(X)","(X)","6.5%","(X)","(X)","(X)","(X)","(X)","(X)","(X)","(X)","(X)","5.4%","(X)","(X)","(X)","(X)","(X)","(X)","(X)","(X)","(X)","9.9%","(X)","(X)","(X)","(X)","(X)","(X)","(X)","(X)","(X)","9.2%","(X)","(X)","(X)","(X)","(X)","(X)","(X)","(X)","(X)"