"Label","Anderson County, Tennessee!!Total!!Estimate","Anderson County, Tennessee!!Total!!Margin of Error","Anderson County, Tennessee!!With a disability!!Estimate","Anderson County, Tennessee!!With a disability!!Margin of Error","Anderson County, Tennessee!!Percent with a disability!!Estimate","Anderson County, Tennessee!!Percent with a disability!!Margin of Error","Blount County, Tennessee!!Total!!Estimate","Blount County, Tennessee!!Total!!Margin of Error","Blount County, Tennessee!!With a disability!!Estimate","Blount County, Tennessee!!With a disability!!Margin of Error","Blount County, Tennessee!!Percent with a disability!!Estimate","Blount County, Tennessee!!Percent with a disability!!Margin of Error","Bradley County, Tennessee!!Total!!Estimate","Bradley County, Tennessee!!Total!!Margin of Error","Bradley County, Tennessee!!With a disability!!Estimate","Bradley County, Tennessee!!With a disability!!Margin of Error","Bradley County, Tennessee!!Percent with a disability!!Estimate","Bradley County, Tennessee!!Percent with a disability!!Margin of Error","Davidson County, Tennessee!!Total!!Estimate","Davidson County, Tennessee!!Total!!Margin of Error","Davidson County, Tennessee!!With a disability!!Estimate","Davidson County, Tennessee!!With a disability!!Margin of Error","Davidson County, Tennessee!!Percent with a disability!!Estimate","Davidson County, Tennessee!!Percent with a disability!!Margin of Error","Greene County, Tennessee!!Total!!Estimate","Greene County, Tennessee!!Total!!Margin of Error","Greene County, Tennessee!!With a disability!!Estimate","Greene County, Tennessee!!With a disability!!Margin of Error","Greene County, Tennessee!!Percent with a disability!!Estimate","Greene County, Tennessee!!Percent with a disability!!Margin of Error","Hamilton County, Tennessee!!Total!!Estimate","Hamilton County, Tennessee!!Total!!Margin of Error","Hamilton County, Tennessee!!With a disability!!Estimate","Hamilton County, Tennessee!!With a disability!!Margin of Error","Hamilton County, Tennessee!!Percent with a disability!!Estimate","Hamilton County, Tennessee!!Percent with a disability!!Margin of Error","Knox County, Tennessee!!Total!!Estimate","Knox County, Tennessee!!Total!!Margin of Error","Knox County, Tennessee!!With a disability!!Estimate","Knox County, Tennessee!!With a disability!!Margin of Error","Knox County, Tennessee!!Percent with a disability!!Estimate","Knox County, Tennessee!!Percent with a disability!!Margin of Error","Madison County, Tennessee!!Total!!Estimate","Madison County, Tennessee!!Total!!Margin of Error","Madison County, Tennessee!!With a disability!!Estimate","Madison County, Tennessee!!With a disability!!Margin of Error","Madison County, Tennessee!!Percent with a disability!!Estimate","Madison County, Tennessee!!Percent with a disability!!Margin of Error","Maury County, Tennessee!!Total!!Estimate","Maury County, Tennessee!!Total!!Margin of Error","Maury County, Tennessee!!With a disability!!Estimate","Maury County, Tennessee!!With a disability!!Margin of Error","Maury County, Tennessee!!Percent with a disability!!Estimate","Maury County, Tennessee!!Percent with a disability!!Margin of Error","Montgomery County, Tennessee!!Total!!Estimate","Montgomery County, Tennessee!!Total!!Margin of Error","Montgomery County, Tennessee!!With a disability!!Estimate","Montgomery County, Tennessee!!With a disability!!Margin of Error","Montgomery County, Tennessee!!Percent with a disability!!Estimate","Montgomery County, Tennessee!!Percent with a disability!!Margin of Error","Putnam County, Tennessee!!Total!!Estimate","Putnam County, Tennessee!!Total!!Margin of Error","Putnam County, Tennessee!!With a disability!!Estimate","Putnam County, Tennessee!!With a disability!!Margin of Error","Putnam County, Tennessee!!Percent with a disability!!Estimate","Putnam County, Tennessee!!Percent with a disability!!Margin of Error","Robertson County, Tennessee!!Total!!Estimate","Robertson County, Tennessee!!Total!!Margin of Error","Robertson County, Tennessee!!With a disability!!Estimate","Robertson County, Tennessee!!With a disability!!Margin of Error","Robertson County, Tennessee!!Percent with a disability!!Estimate","Robertson County, Tennessee!!Percent with a disability!!Margin of Error","Rutherford County, Tennessee!!Total!!Estimate","Rutherford County, Tennessee!!Total!!Margin of Error","Rutherford County, Tennessee!!With a disability!!Estimate","Rutherford County, Tennessee!!With a disability!!Margin of Error","Rutherford County, Tennessee!!Percent with a disability!!Estimate","Rutherford County, Tennessee!!Percent with a disability!!Margin of Error","Sevier County, Tennessee!!Total!!Estimate","Sevier County, Tennessee!!Total!!Margin of Error","Sevier County, Tennessee!!With a disability!!Estimate","Sevier County, Tennessee!!With a disability!!Margin of Error","Sevier County, Tennessee!!Percent with a disability!!Estimate","Sevier County, Tennessee!!Percent with a disability!!Margin of Error","Shelby County, Tennessee!!Total!!Estimate","Shelby County, Tennessee!!Total!!Margin of Error","Shelby County, Tennessee!!With a disability!!Estimate","Shelby County, Tennessee!!With a disability!!Margin of Error","Shelby County, Tennessee!!Percent with a disability!!Estimate","Shelby County, Tennessee!!Percent with a disability!!Margin of Error","Sullivan County, Tennessee!!Total!!Estimate","Sullivan County, Tennessee!!Total!!Margin of Error","Sullivan County, Tennessee!!With a disability!!Estimate","Sullivan County, Tennessee!!With a disability!!Margin of Error","Sullivan County, Tennessee!!Percent with a disability!!Estimate","Sullivan County, Tennessee!!Percent with a disability!!Margin of Error","Sumner County, Tennessee!!Total!!Estimate","Sumner County, Tennessee!!Total!!Margin of Error","Sumner County, Tennessee!!With a disability!!Estimate","Sumner County, Tennessee!!With a disability!!Margin of Error","Sumner County, Tennessee!!Percent with a disability!!Estimate","Sumner County, Tennessee!!Percent with a disability!!Margin of Error","Washington County, Tennessee!!Total!!Estimate","Washington County, Tennessee!!Total!!Margin of Error","Washington County, Tennessee!!With a disability!!Estimate","Washington County, Tennessee!!With a disability!!Margin of Error","Washington County, Tennessee!!Percent with a disability!!Estimate","Washington County, Tennessee!!Percent with a disability!!Margin of Error","Williamson County, Tennessee!!Total!!Estimate","Williamson County, Tennessee!!Total!!Margin of Error","Williamson County, Tennessee!!With a disability!!Estimate","Williamson County, Tennessee!!With a disability!!Margin of Error","Williamson County, Tennessee!!Percent with a disability!!Estimate","Williamson County, Tennessee!!Percent with a disability!!Margin of Error","Wilson County, Tennessee!!Total!!Estimate","Wilson County, Tennessee!!Total!!Margin of Error","Wilson County, Tennessee!!With a disability!!Estimate","Wilson County, Tennessee!!With a disability!!Margin of Error","Wilson County, Tennessee!!Percent with a disability!!Estimate","Wilson County, Tennessee!!Percent with a disability!!Margin of Error","United States!!Total!!Estimate","United States!!Total!!Margin of Error","United States!!With a disability!!Estimate","United States!!With a disability!!Margin of Error","United States!!Percent with a disability!!Estimate","United States!!Percent with a disability!!Margin of Error"
"Total civilian noninstitutionalized population","75,963","±809","17,041","±2,165","22.4%","±2.8","131,562","±1,202","20,805","±2,734","15.8%","±2.1","106,888","±1,046","20,720","±2,907","19.4%","±2.7","687,264","±1,532","74,913","±4,873","10.9%","±0.7","67,691","±586","15,009","±2,397","22.2%","±3.5","363,655","±1,086","59,251","±4,119","16.3%","±1.1","465,544","±1,125","55,950","±3,844","12.0%","±0.8","96,604","±702","13,490","±2,030","14.0%","±2.1","95,364","±698","9,859","±1,719","10.3%","±1.8","194,529","±2,380","30,459","±3,202","15.7%","±1.7","79,323","±573","9,458","±1,692","11.9%","±2.1","70,798","±1,098","12,071","±2,004","17.0%","±2.9","329,985","±1,067","33,595","±4,030","10.2%","±1.2","97,194","±619","18,702","±2,816","19.2%","±2.9","925,475","±1,733","117,093","±6,566","12.7%","±0.7","156,524","±1,121","29,566","±2,893","18.9%","±1.8","189,540","±901","29,133","±2,543","15.4%","±1.3","127,330","±716","20,232","±2,610","15.9%","±2.0","237,993","±325","17,917","±2,425","7.5%","±1.0","143,440","±1,135","19,522","±3,004","13.6%","±2.1","323,120,678","±17,674","41,089,958","±115,466","12.7%","±0.1"
"    SEX","","","","","","","","","","","","","","","","","","","","","","","","","","","","","","","","","","","","","","","","","","","","","","","","","","","","","","","","","","","","","","","","","","","","","","","","","","","","","","","","","","","","","","","","","","","","","","","","","","","","","","","","","","","","","","","","","","","","","","","","","","","","","",""
"        Male","36,786","±1,098","8,917","±1,525","24.2%","±4.2","63,392","±1,132","10,663","±1,602","16.8%","±2.5","51,445","±1,117","10,248","±2,185","19.9%","±4.2","329,820","±1,723","34,599","±2,786","10.5%","±0.8","33,617","±889","6,988","±1,346","20.8%","±4.1","176,131","±1,685","26,813","±2,833","15.2%","±1.6","223,403","±1,466","24,984","±2,065","11.2%","±0.9","44,834","±985","7,761","±1,442","17.3%","±3.1","47,029","±1,354","5,858","±1,189","12.5%","±2.5","90,537","±2,478","15,569","±2,389","17.2%","±2.7","38,809","±782","4,415","±1,083","11.4%","±2.8","35,234","±1,074","6,013","±1,190","17.1%","±3.4","161,663","±1,639","15,450","±2,512","9.6%","±1.5","46,501","±1,111","9,252","±1,745","19.9%","±3.9","436,971","±1,611","54,342","±3,989","12.4%","±0.9","76,343","±1,050","14,121","±1,677","18.5%","±2.1","92,600","±1,014","14,403","±1,872","15.6%","±2.0","62,045","±949","9,237","±1,529","14.9%","±2.4","116,538","±1,116","9,270","±1,619","8.0%","±1.4","70,297","±1,159","9,609","±2,115","13.7%","±3.0","157,833,027","±41,074","19,901,988","±72,503","12.6%","±0.1"
"        Female","39,177","±726","8,124","±1,300","20.7%","±3.3","68,170","±985","10,142","±1,695","14.9%","±2.5","55,443","±986","10,472","±1,468","18.9%","±2.7","357,444","±913","40,314","±3,879","11.3%","±1.1","34,074","±903","8,021","±1,583","23.5%","±4.6","187,524","±1,133","32,438","±2,805","17.3%","±1.5","242,141","±1,258","30,966","±2,745","12.8%","±1.1","51,770","±855","5,729","±1,150","11.1%","±2.3","48,335","±1,254","4,001","±907","8.3%","±1.9","103,992","±1,347","14,890","±1,749","14.3%","±1.7","40,514","±699","5,043","±1,078","12.4%","±2.6","35,564","±632","6,058","±1,455","17.0%","±4.2","168,322","±1,406","18,145","±2,575","10.8%","±1.5","50,693","±1,009","9,450","±1,835","18.6%","±3.6","488,504","±1,391","62,751","±5,234","12.8%","±1.1","80,181","±821","15,445","±2,117","19.3%","±2.6","96,940","±841","14,730","±2,174","15.2%","±2.2","65,285","±871","10,995","±2,129","16.8%","±3.2","121,455","±1,069","8,647","±1,397","7.1%","±1.1","73,143","±845","9,913","±1,587","13.6%","±2.2","165,287,651","±36,898","21,187,970","±68,127","12.8%","±0.1"
"    RACE AND HISPANIC OR LATINO ORIGIN","","","","","","","","","","","","","","","","","","","","","","","","","","","","","","","","","","","","","","","","","","","","","","","","","","","","","","","","","","","","","","","","","","","","","","","","","","","","","","","","","","","","","","","","","","","","","","","","","","","","","","","","","","","","","","","","","","","","","","","","","","","","","",""
"        White alone","68,829","±888","15,763","±2,177","22.9%","±3.1","123,546","±1,094","19,160","±2,673","15.5%","±2.2","93,867","±1,777","19,182","±2,817","20.4%","±3.1","435,767","±4,589","46,420","±4,023","10.7%","±0.9","64,089","±863","14,463","±2,234","22.6%","±3.5","272,132","±2,316","45,688","±3,743","16.8%","±1.4","398,426","±1,910","49,470","±3,567","12.4%","±0.9","53,540","±2,213","8,641","±1,672","16.1%","±3.2","80,032","±1,126","8,312","±1,535","10.4%","±1.9","132,292","±2,909","21,106","±2,563","16.0%","±2.0","73,804","±1,238","8,514","±1,467","11.5%","±2.0","60,936","±1,193","10,729","±1,924","17.6%","±3.1","248,737","±3,393","27,431","±3,870","11.0%","±1.5","91,713","±1,353","18,292","±2,793","19.9%","±3.1","362,150","±5,688","43,957","±3,274","12.1%","±0.9","147,396","±1,357","28,083","±2,896","19.1%","±1.9","162,171","±2,195","25,694","±2,623","15.8%","±1.6","116,536","±781","17,714","±2,209","15.2%","±1.9","209,740","±1,173","14,607","±1,928","7.0%","±0.9","123,752","±2,592","15,958","±2,510","12.9%","±2.0","233,212,096","±100,367","30,878,182","±102,831","13.2%","±0.1"
"        Black or African American alone","N","N","N","N","N","N","3,736","±1,076","855","±488","22.9%","±15.6","6,820","±1,759","769","±450","11.3%","±7.3","182,456","±3,136","24,975","±3,181","13.7%","±1.7","N","N","N","N","N","N","66,568","±3,369","11,128","±1,724","16.7%","±2.6","37,938","±2,126","3,662","±904","9.7%","±2.4","36,173","±902","4,513","±1,111","12.5%","±3.1","12,009","±1,087","976","±480","8.1%","±3.9","39,668","±3,027","5,337","±1,426","13.5%","±3.6","N","N","N","N","N","N","5,177","±438","1,256","±539","24.3%","±10.5","49,951","±3,306","4,417","±1,572","8.8%","±3.3","N","N","N","N","N","N","497,104","±3,349","69,519","±5,312","14.0%","±1.1","3,229","±794","745","±367","23.1%","±13.5","15,059","±938","2,541","±821","16.9%","±5.5","N","N","N","N","N","N","8,818","±1,519","1,114","±682","12.6%","±7.8","9,511","±1,073","2,088","±966","22.0%","±9.9","40,702,085","±78,149","5,743,213","±49,644","14.1%","±0.1"
"        American Indian and Alaska Native alone","N","N","N","N","N","N","N","N","N","N","N","N","N","N","N","N","N","N","N","N","N","N","N","N","N","N","N","N","N","N","N","N","N","N","N","N","N","N","N","N","N","N","N","N","N","N","N","N","N","N","N","N","N","N","N","N","N","N","N","N","N","N","N","N","N","N","N","N","N","N","N","N","N","N","N","N","N","N","N","N","N","N","N","N","N","N","N","N","N","N","N","N","N","N","N","N","N","N","N","N","N","N","N","N","N","N","N","N","N","N","N","N","N","N","N","N","N","N","N","N","2,777,677","±33,436","477,954","±11,142","17.2%","±0.4"
"        Asian alone","N","N","N","N","N","N","N","N","N","N","N","N","N","N","N","N","N","N","26,193","±1,317","1,150","±568","4.4%","±2.2","N","N","N","N","N","N","7,453","±1,073","560","±715","7.5%","±10.1","10,101","±1,068","253","±232","2.5%","±2.3","N","N","N","N","N","N","N","N","N","N","N","N","N","N","N","N","N","N","N","N","N","N","N","N","N","N","N","N","N","N","13,017","±832","523","±377","4.0%","±2.9","N","N","N","N","N","N","26,002","±1,563","956","±456","3.7%","±1.7","N","N","N","N","N","N","3,487","±247","643","±425","18.4%","±12.6","N","N","N","N","N","N","10,989","±2,034","1,575","±945","14.3%","±7.7","N","N","N","N","N","N","18,534,191","±40,253","1,342,054","±18,976","7.2%","±0.1"
"        Native Hawaiian and Other Pacific Islander alone","N","N","N","N","N","N","N","N","N","N","N","N","N","N","N","N","N","N","N","N","N","N","N","N","N","N","N","N","N","N","N","N","N","N","N","N","N","N","N","N","N","N","N","N","N","N","N","N","N","N","N","N","N","N","N","N","N","N","N","N","N","N","N","N","N","N","N","N","N","N","N","N","N","N","N","N","N","N","N","N","N","N","N","N","N","N","N","N","N","N","N","N","N","N","N","N","N","N","N","N","N","N","N","N","N","N","N","N","N","N","N","N","N","N","N","N","N","N","N","N","612,857","±17,678","64,782","±4,656","10.6%","±0.7"
"        Some other race alone","N","N","N","N","N","N","N","N","N","N","N","N","N","N","N","N","N","N","N","N","N","N","N","N","N","N","N","N","N","N","N","N","N","N","N","N","N","N","N","N","N","N","N","N","N","N","N","N","N","N","N","N","N","N","N","N","N","N","N","N","N","N","N","N","N","N","N","N","N","N","N","N","N","N","N","N","N","N","N","N","N","N","N","N","23,467","±5,958","1,156","±613","4.9%","±2.4","N","N","N","N","N","N","N","N","N","N","N","N","N","N","N","N","N","N","N","N","N","N","N","N","N","N","N","N","N","N","16,143,634","±121,900","1,357,581","±26,319","8.4%","±0.2"
"        Two or more races","N","N","N","N","N","N","N","N","N","N","N","N","N","N","N","N","N","N","16,386","±2,793","1,450","±702","8.8%","±4.3","N","N","N","N","N","N","N","N","N","N","N","N","12,941","±2,268","1,467","±728","11.3%","±5.4","N","N","N","N","N","N","N","N","N","N","N","N","12,911","±3,261","2,909","±1,016","22.5%","±7.6","N","N","N","N","N","N","N","N","N","N","N","N","12,348","±3,343","749","±500","6.1%","±4.0","N","N","N","N","N","N","15,528","±3,312","1,297","±721","8.4%","±4.7","N","N","N","N","N","N","N","N","N","N","N","N","N","N","N","N","N","N","N","N","N","N","N","N","N","N","N","N","N","N","11,138,138","±119,104","1,226,192","±23,616","11.0%","±0.2"
"        White alone, not Hispanic or Latino","67,389","±650","15,550","±2,164","23.1%","±3.2","118,976","±975","19,062","±2,664","16.0%","±2.2","90,877","±812","19,156","±2,813","21.1%","±3.1","386,224","±1,462","42,896","±3,722","11.1%","±1.0","62,971","±491","14,315","±2,239","22.7%","±3.5","257,958","±616","44,322","±3,837","17.2%","±1.5","381,140","±909","48,196","±3,556","12.6%","±0.9","51,954","±1,889","8,544","±1,670","16.4%","±3.2","75,071","±384","8,281","±1,526","11.0%","±2.0","120,123","±1,922","20,050","±2,524","16.7%","±2.1","69,735","±484","8,514","±1,467","12.2%","±2.1","58,398","±707","10,524","±1,879","18.0%","±3.2","227,257","±1,279","25,968","±3,656","11.4%","±1.6","86,783","±549","17,719","±2,692","20.4%","±3.1","326,667","±829","43,615","±3,328","13.4%","±1.0","145,630","±1,121","27,617","±2,945","19.0%","±2.0","157,337","±734","24,584","±2,574","15.6%","±1.6","112,221","±637","17,399","±2,162","15.5%","±1.9","199,262","±284","14,013","±1,843","7.0%","±0.9","119,751","±1,478","15,750","±2,524","13.2%","±2.1","194,023,129","±29,680","27,321,676","±104,964","14.1%","±0.1"
"        Hispanic or Latino (of any race)","2,423","±23","213","±189","8.8%","±7.8","N","N","N","N","N","N","N","N","N","N","N","N","71,553","±334","4,285","±1,628","6.0%","±2.3","N","N","N","N","N","N","22,170","±36","1,815","±871","8.2%","±3.9","21,244","±327","1,694","±793","8.0%","±3.7","N","N","N","N","N","N","N","N","N","N","N","N","19,440","±972","2,563","±922","13.2%","±4.8","N","N","N","N","N","N","N","N","N","N","N","N","28,802","±87","1,724","±646","6.0%","±2.2","N","N","N","N","N","N","61,601","±271","1,432","±596","2.3%","±1.0","3,220","±216","466","±440","14.5%","±13.7","N","N","N","N","N","N","N","N","N","N","N","N","N","N","N","N","N","N","N","N","N","N","N","N","59,686,770","±16,460","5,405,562","±47,616","9.1%","±0.1"
"    AGE","","","","","","","","","","","","","","","","","","","","","","","","","","","","","","","","","","","","","","","","","","","","","","","","","","","","","","","","","","","","","","","","","","","","","","","","","","","","","","","","","","","","","","","","","","","","","","","","","","","","","","","","","","","","","","","","","","","","","","","","","","","","","",""
"        Under 5 years","3,820","±285","47","±83","1.2%","±2.2","6,792","±682","121","±204","1.8%","±3.0","6,236","±740","79","±102","1.3%","±1.6","46,059","±219","485","±660","1.1%","±1.4","3,299","±181","147","±214","4.5%","±6.5","20,857","±292","411","±484","2.0%","±2.3","26,669","±202","71","±83","0.3%","±0.3","5,969","±239","0","±216","0.0%","±3.2","6,433","±759","0","±216","0.0%","±2.9","17,840","±499","181","±218","1.0%","±1.2","4,203","±489","0","±216","0.0%","±4.5","4,377","±5","0","±216","0.0%","±4.3","21,442","±832","384","±443","1.8%","±2.1","5,763","±710","0","±216","0.0%","±3.3","64,882","±4","403","±387","0.6%","±0.6","7,599","±505","0","±216","0.0%","±2.5","11,227","±736","74","±125","0.7%","±1.1","6,498","±842","61","±107","0.9%","±1.6","13,043","±561","0","±216","0.0%","±1.5","8,000","±735","0","±216","0.0%","±2.4","19,401,454","±22,231","138,659","±7,336","0.7%","±0.1"
"        5 to 17 years","11,738","±592","2,461","±1,020","21.0%","±8.4","20,138","±854","2,033","±1,051","10.1%","±5.1","17,404","±740","1,018","±593","5.8%","±3.4","96,714","±335","5,524","±1,551","5.7%","±1.6","9,862","±176","679","±629","6.9%","±6.4","55,400","±703","3,416","±1,388","6.2%","±2.5","71,682","±410","3,628","±1,271","5.1%","±1.8","15,886","±240","879","±520","5.5%","±3.3","15,929","±790","805","±463","5.1%","±2.9","38,380","±554","3,706","±1,046","9.7%","±2.7","12,026","±529","246","±368","2.0%","±3.0","12,418","±186","806","±507","6.5%","±4.1","59,928","±1,031","2,811","±1,201","4.7%","±2.0","14,280","±826","1,574","±809","11.0%","±5.7","166,834","±407","8,939","±2,035","5.4%","±1.2","22,223","±504","1,655","±819","7.4%","±3.7","33,421","±748","2,269","±899","6.8%","±2.7","17,544","±669","2,000","±1,145","11.4%","±6.3","50,863","±563","1,636","±779","3.2%","±1.5","25,916","±723","2,112","±1,101","8.1%","±4.3","53,433,593","±32,613","3,006,292","±34,953","5.6%","±0.1"
"        18 to 34 years","14,928","±829","1,685","±871","11.3%","±6.0","25,538","±1,129","2,278","±819","8.9%","±3.1","23,468","±1,075","1,827","±798","7.8%","±3.5","207,974","±1,056","9,402","±1,508","4.5%","±0.7","12,644","±424","1,876","±629","14.8%","±5.1","84,731","±1,273","5,993","±1,324","7.1%","±1.5","118,349","±1,206","5,123","±1,173","4.3%","±1.0","21,602","±799","1,332","±615","6.2%","±2.8","20,763","±953","1,294","±640","6.2%","±3.1","51,066","±2,333","5,140","±1,460","10.1%","±2.9","21,303","±826","983","±609","4.6%","±2.9","14,603","±605","2,323","±960","15.9%","±6.7","87,721","±1,875","3,831","±1,536","4.4%","±1.7","19,041","±1,121","1,657","±833","8.7%","±4.5","221,065","±1,020","15,002","±2,796","6.8%","±1.3","30,339","±953","3,386","±1,155","11.2%","±3.7","37,526","±831","3,708","±1,113","9.9%","±2.9","33,280","±1,149","2,160","±889","6.5%","±2.6","38,990","±757","2,454","±1,142","6.3%","±2.9","28,234","±1,252","3,163","±1,230","11.2%","±4.3","74,020,428","±40,229","4,970,992","±46,138","6.7%","±0.1"
"        35 to 64 years","29,703","±561","6,191","±1,427","20.8%","±4.8","51,465","±654","7,205","±1,548","14.0%","±3.0","41,627","±1,088","9,049","±1,924","21.7%","±4.5","250,993","±856","31,011","±3,169","12.4%","±1.3","27,319","±641","6,108","±1,438","22.4%","±5.2","139,177","±1,266","22,722","±2,832","16.3%","±2.1","174,507","±1,125","22,573","±2,140","12.9%","±1.2","36,493","±793","5,671","±1,229","15.5%","±3.5","36,863","±1,050","3,576","±1,074","9.7%","±3.0","67,516","±1,962","12,936","±1,693","19.2%","±2.4","28,711","±1,053","3,342","±1,039","11.6%","±3.7","28,387","±1,015","5,181","±1,086","18.3%","±3.9","125,484","±1,604","15,038","±2,545","12.0%","±2.0","38,387","±746","8,636","±1,527","22.5%","±4.0","343,977","±1,232","46,487","±4,037","13.5%","±1.2","61,811","±873","12,134","±1,761","19.6%","±2.7","77,200","±1,125","11,945","±1,734","15.5%","±2.2","47,318","±1,159","7,124","±1,570","15.1%","±3.2","103,195","±1,034","5,591","±1,346","5.4%","±1.3","58,635","±1,506","7,110","±1,430","12.1%","±2.5","123,482,786","±47,507","15,303,033","±71,361","12.4%","±0.1"
"        65 to 74 years","9,083","±470","2,668","±569","29.4%","±6.1","16,803","±542","3,841","±856","22.9%","±5.1","10,659","±402","4,190","±1,116","39.3%","±10.1","53,170","±869","13,960","±1,859","26.3%","±3.5","8,728","±361","2,678","±658","30.7%","±7.8","37,242","±546","10,583","±1,500","28.4%","±4.0","44,309","±744","9,960","±1,431","22.5%","±3.2","10,260","±372","2,839","±707","27.7%","±6.7","9,720","±561","2,312","±616","23.8%","±6.5","12,871","±762","4,314","±1,195","33.5%","±8.4","7,516","±359","1,955","±657","26.0%","±8.2","6,739","±357","1,636","±487","24.3%","±7.2","22,333","±1,222","5,376","±1,209","24.1%","±5.1","12,468","±393","3,539","±902","28.4%","±7.3","80,175","±936","22,351","±2,431","27.9%","±3.0","19,166","±508","5,690","±929","29.7%","±4.8","17,628","±450","5,320","±1,232","30.2%","±7.0","13,573","±344","3,444","±838","25.4%","±6.1","20,289","±682","2,848","±899","14.0%","±4.4","14,638","±682","3,367","±1,011","23.0%","±6.7","31,216,223","±24,889","7,522,485","±44,879","24.1%","±0.1"
"        75 years and over","6,691","±357","3,989","±727","59.6%","±10.6","10,826","±312","5,327","±754","49.2%","±6.9","7,494","±360","4,557","±825","60.8%","±11.0","32,354","±880","14,531","±1,752","44.9%","±5.3","5,839","±288","3,521","±661","60.3%","±10.8","26,248","±862","16,126","±1,651","61.4%","±5.5","30,028","±676","14,595","±1,680","48.6%","±5.5","6,394","±537","2,769","±586","43.3%","±8.8","5,656","±529","1,872","±561","33.1%","±9.9","6,856","±509","4,182","±608","61.0%","±9.2","5,564","±505","2,932","±703","52.7%","±12.7","4,274","±305","2,125","±472","49.7%","±11.4","13,077","±675","6,155","±1,139","47.1%","±8.5","7,255","±282","3,296","±772","45.4%","±10.5","48,542","±655","23,911","±1,922","49.3%","±3.8","15,386","±393","6,701","±969","43.6%","±6.1","12,538","±676","5,817","±1,010","46.4%","±7.0","9,117","±367","5,443","±838","59.7%","±8.9","11,613","±301","5,388","±1,023","46.4%","±8.8","8,017","±700","3,770","±862","47.0%","±9.3","21,566,194","±17,007","10,148,497","±50,504","47.1%","±0.2"
"    DISABILITY TYPE BY DETAILED AGE","","","","","","","","","","","","","","","","","","","","","","","","","","","","","","","","","","","","","","","","","","","","","","","","","","","","","","","","","","","","","","","","","","","","","","","","","","","","","","","","","","","","","","","","","","","","","","","","","","","","","","","","","","","","","","","","","","","","","","","","","","","","","",""
"        With a hearing difficulty","(X)","(X)","5,058","±1,123","6.7%","±1.5","(X)","(X)","5,505","±1,135","4.2%","±0.9","(X)","(X)","5,885","±1,384","5.5%","±1.3","(X)","(X)","17,887","±2,335","2.6%","±0.3","(X)","(X)","4,235","±1,154","6.3%","±1.7","(X)","(X)","14,904","±2,278","4.1%","±0.6","(X)","(X)","15,165","±1,696","3.3%","±0.4","(X)","(X)","3,756","±864","3.9%","±0.9","(X)","(X)","2,660","±836","2.8%","±0.9","(X)","(X)","8,644","±1,697","4.4%","±0.9","(X)","(X)","2,465","±698","3.1%","±0.9","(X)","(X)","3,254","±905","4.6%","±1.3","(X)","(X)","10,207","±2,105","3.1%","±0.6","(X)","(X)","4,973","±1,348","5.1%","±1.4","(X)","(X)","24,852","±3,011","2.7%","±0.3","(X)","(X)","9,285","±1,521","5.9%","±1.0","(X)","(X)","7,387","±1,238","3.9%","±0.7","(X)","(X)","8,254","±1,589","6.5%","±1.2","(X)","(X)","5,579","±1,173","2.3%","±0.5","(X)","(X)","5,489","±1,310","3.8%","±0.9","(X)","(X)","11,495,247","±58,968","3.6%","±0.1"
"            Population under 18 years","15,558","±602","152","±196","1.0%","±1.3","26,930","±483","353","±261","1.3%","±1.0","23,640","±5","0","±216","0.0%","±0.8","142,773","±283","589","±621","0.4%","±0.4","13,161","±201","0","±216","0.0%","±1.4","76,257","±608","562","±519","0.7%","±0.7","98,351","±428","408","±322","0.4%","±0.3","21,855","±84","127","±126","0.6%","±0.6","22,362","±194","65","±112","0.3%","±0.5","56,220","±282","49","±82","0.1%","±0.1","16,229","±483","0","±216","0.0%","±1.2","16,795","±186","0","±216","0.0%","±1.1","81,370","±601","838","±691","1.0%","±0.8","20,043","±804","208","±329","1.0%","±1.6","231,716","±406","1,602","±1,070","0.7%","±0.5","29,822","±114","157","±257","0.5%","±0.9","44,648","±141","233","±287","0.5%","±0.6","24,042","±494","61","±107","0.3%","±0.4","63,906","±47","354","±259","0.6%","±0.4","33,916","±172","0","±216","0.0%","±0.6","72,835,047","±33,175","401,932","±13,537","0.6%","±0.1"
"                Population under 5 years","3,820","±285","0","±216","0.0%","±4.9","6,792","±682","121","±204","1.8%","±3.0","6,236","±740","0","±216","0.0%","±3.0","46,059","±219","371","±639","0.8%","±1.4","3,299","±181","0","±216","0.0%","±5.7","20,857","±292","411","±484","2.0%","±2.3","26,669","±202","0","±216","0.0%","±0.7","5,969","±239","0","±216","0.0%","±3.2","6,433","±759","0","±216","0.0%","±2.9","17,840","±499","0","±216","0.0%","±1.1","4,203","±489","0","±216","0.0%","±4.5","4,377","±5","0","±216","0.0%","±4.3","21,442","±832","283","±415","1.3%","±1.9","5,763","±710","0","±216","0.0%","±3.3","64,882","±4","265","±331","0.4%","±0.5","7,599","±505","0","±216","0.0%","±2.5","11,227","±736","0","±216","0.0%","±1.7","6,498","±842","61","±107","0.9%","±1.6","13,043","±561","0","±216","0.0%","±1.5","8,000","±735","0","±216","0.0%","±2.4","19,401,454","±22,231","95,422","±6,236","0.5%","±0.1"
"                Population 5 to 17 years","11,738","±592","152","±196","1.3%","±1.7","20,138","±854","232","±167","1.2%","±0.8","17,404","±740","0","±216","0.0%","±1.1","96,714","±335","218","±245","0.2%","±0.3","9,862","±176","0","±216","0.0%","±1.9","55,400","±703","151","±185","0.3%","±0.3","71,682","±410","408","±322","0.6%","±0.5","15,886","±240","127","±126","0.8%","±0.8","15,929","±790","65","±112","0.4%","±0.7","38,380","±554","49","±82","0.1%","±0.2","12,026","±529","0","±216","0.0%","±1.6","12,418","±186","0","±216","0.0%","±1.5","59,928","±1,031","555","±512","0.9%","±0.9","14,280","±826","208","±329","1.5%","±2.3","166,834","±407","1,337","±1,041","0.8%","±0.6","22,223","±504","157","±257","0.7%","±1.2","33,421","±748","233","±287","0.7%","±0.9","17,544","±669","0","±216","0.0%","±1.1","50,863","±563","354","±259","0.7%","±0.5","25,916","±723","0","±216","0.0%","±0.7","53,433,593","±32,613","306,510","±10,945","0.6%","±0.1"
"            Population 18 to 64 years","44,631","±1,031","1,664","±814","3.7%","±1.8","77,003","±1,195","1,826","±728","2.4%","±0.9","65,095","±920","2,090","±907","3.2%","±1.4","458,967","±1,389","7,827","±1,451","1.7%","±0.3","39,963","±584","1,334","±808","3.3%","±2.0","223,908","±1,263","4,536","±1,588","2.0%","±0.7","292,856","±1,292","5,615","±1,158","1.9%","±0.4","58,095","±677","1,317","±624","2.3%","±1.1","57,626","±985","788","±481","1.4%","±0.8","118,582","±2,505","4,751","±1,397","4.0%","±1.2","50,014","±812","714","±409","1.4%","±0.8","42,990","±1,165","2,025","±869","4.7%","±2.0","213,205","±1,505","4,611","±1,585","2.2%","±0.7","57,428","±1,069","1,824","±979","3.2%","±1.7","565,042","±1,701","7,807","±1,853","1.4%","±0.3","92,150","±1,184","3,340","±1,042","3.6%","±1.1","114,726","±1,091","2,212","±867","1.9%","±0.8","80,598","±930","3,086","±1,204","3.8%","±1.5","142,185","±628","2,115","±888","1.5%","±0.6","86,869","±1,147","2,739","±1,137","3.2%","±1.3","197,503,214","±33,702","3,866,792","±42,373","2.0%","±0.1"
"                Population 18 to 34 years","14,928","±829","50","±64","0.3%","±0.4","25,538","±1,129","391","±380","1.5%","±1.5","23,468","±1,075","144","±182","0.6%","±0.8","207,974","±1,056","1,240","±569","0.6%","±0.3","12,644","±424","318","±370","2.5%","±3.0","84,731","±1,273","628","±410","0.7%","±0.5","118,349","±1,206","301","±207","0.3%","±0.2","21,602","±799","141","±194","0.7%","±0.9","20,763","±953","259","±260","1.2%","±1.3","51,066","±2,333","695","±833","1.4%","±1.6","21,303","±826","35","±58","0.2%","±0.3","14,603","±605","191","±255","1.3%","±1.7","87,721","±1,875","616","±566","0.7%","±0.6","19,041","±1,121","450","±486","2.4%","±2.6","221,065","±1,020","1,071","±834","0.5%","±0.4","30,339","±953","768","±449","2.5%","±1.5","37,526","±831","336","±332","0.9%","±0.9","33,280","±1,149","840","±682","2.5%","±2.0","38,990","±757","741","±670","1.9%","±1.7","28,234","±1,252","161","±233","0.6%","±0.8","74,020,428","±40,229","629,160","±17,786","0.8%","±0.1"
"                Population 35 to 64 years","29,703","±561","1,614","±801","5.4%","±2.7","51,465","±654","1,435","±530","2.8%","±1.0","41,627","±1,088","1,946","±872","4.7%","±2.1","250,993","±856","6,587","±1,277","2.6%","±0.5","27,319","±641","1,016","±566","3.7%","±2.1","139,177","±1,266","3,908","±1,572","2.8%","±1.1","174,507","±1,125","5,314","±1,137","3.0%","±0.6","36,493","±793","1,176","±584","3.2%","±1.6","36,863","±1,050","529","±360","1.4%","±1.0","67,516","±1,962","4,056","±1,073","6.0%","±1.6","28,711","±1,053","679","±394","2.4%","±1.4","28,387","±1,015","1,834","±832","6.5%","±2.9","125,484","±1,604","3,995","±1,376","3.2%","±1.1","38,387","±746","1,374","±855","3.6%","±2.2","343,977","±1,232","6,736","±1,571","2.0%","±0.5","61,811","±873","2,572","±902","4.2%","±1.5","77,200","±1,125","1,876","±798","2.4%","±1.0","47,318","±1,159","2,246","±1,087","4.7%","±2.3","103,195","±1,034","1,374","±630","1.3%","±0.6","58,635","±1,506","2,578","±1,089","4.4%","±1.9","123,482,786","±47,507","3,237,632","±35,535","2.6%","±0.1"
"            Population 65 years and over","15,774","±536","3,242","±741","20.6%","±4.6","27,629","±569","3,326","±756","12.0%","±2.7","18,153","±578","3,795","±1,003","20.9%","±5.8","85,524","±802","9,471","±1,619","11.1%","±1.9","14,567","±471","2,901","±736","19.9%","±5.2","63,490","±788","9,806","±1,825","15.4%","±2.8","74,337","±897","9,142","±1,209","12.3%","±1.6","16,654","±431","2,312","±667","13.9%","±3.9","15,376","±636","1,807","±602","11.8%","±3.8","19,727","±700","3,844","±951","19.5%","±4.8","13,080","±633","1,751","±525","13.4%","±4.1","11,013","±443","1,229","±449","11.2%","±4.1","35,410","±1,228","4,758","±1,177","13.4%","±3.4","19,723","±469","2,941","±943","14.9%","±4.8","128,717","±840","15,443","±1,962","12.0%","±1.5","34,552","±652","5,788","±1,024","16.8%","±3.0","30,166","±736","4,942","±836","16.4%","±2.9","22,690","±463","5,107","±980","22.5%","±4.3","31,902","±759","3,110","±760","9.7%","±2.4","22,655","±879","2,750","±861","12.1%","±3.8","52,782,417","±26,301","7,226,523","±35,464","13.7%","±0.1"
"                Population 65 to 74 years","9,083","±470","961","±373","10.6%","±4.2","16,803","±542","1,163","±499","6.9%","±2.9","10,659","±402","1,453","±450","13.6%","±4.4","53,170","±869","3,668","±804","6.9%","±1.5","8,728","±361","965","±458","11.1%","±5.3","37,242","±546","3,010","±913","8.1%","±2.5","44,309","±744","3,171","±819","7.2%","±1.9","10,260","±372","1,096","±451","10.7%","±4.4","9,720","±561","914","±452","9.4%","±4.6","12,871","±762","1,477","±553","11.5%","±4.4","7,516","±359","609","±308","8.1%","±4.2","6,739","±357","503","±316","7.5%","±4.7","22,333","±1,222","1,859","±617","8.3%","±2.8","12,468","±393","1,325","±633","10.6%","±5.1","80,175","±936","6,493","±1,366","8.1%","±1.7","19,166","±508","2,464","±704","12.9%","±3.7","17,628","±450","2,389","±783","13.6%","±4.5","13,573","±344","2,140","±761","15.8%","±5.5","20,289","±682","1,120","±417","5.5%","±2.0","14,638","±682","1,111","±538","7.6%","±3.7","31,216,223","±24,889","2,681,672","±22,286","8.6%","±0.1"
"                Population 75 years and over","6,691","±357","2,281","±687","34.1%","±10.1","10,826","±312","2,163","±470","20.0%","±4.4","7,494","±360","2,342","±838","31.3%","±11.5","32,354","±880","5,803","±1,388","17.9%","±4.4","5,839","±288","1,936","±616","33.2%","±10.6","26,248","±862","6,796","±1,643","25.9%","±6.0","30,028","±676","5,971","±1,024","19.9%","±3.3","6,394","±537","1,216","±413","19.0%","±6.3","5,656","±529","893","±396","15.8%","±7.1","6,856","±509","2,367","±756","34.5%","±11.4","5,564","±505","1,142","±498","20.5%","±9.1","4,274","±305","726","±297","17.0%","±7.0","13,077","±675","2,899","±1,053","22.2%","±7.8","7,255","±282","1,616","±755","22.3%","±10.4","48,542","±655","8,950","±1,387","18.4%","±2.8","15,386","±393","3,324","±745","21.6%","±4.8","12,538","±676","2,553","±651","20.4%","±5.5","9,117","±367","2,967","±724","32.5%","±7.9","11,613","±301","1,990","±627","17.1%","±5.4","8,017","±700","1,639","±707","20.4%","±8.2","21,566,194","±17,007","4,544,851","±35,135","21.1%","±0.2"
"        With a vision difficulty","(X)","(X)","2,069","±769","2.7%","±1.0","(X)","(X)","2,191","±904","1.7%","±0.7","(X)","(X)","3,539","±1,077","3.3%","±1.0","(X)","(X)","16,875","±2,401","2.5%","±0.3","(X)","(X)","4,432","±1,322","6.5%","±1.9","(X)","(X)","10,177","±2,057","2.8%","±0.6","(X)","(X)","10,243","±1,587","2.2%","±0.3","(X)","(X)","2,796","±808","2.9%","±0.8","(X)","(X)","1,973","±671","2.1%","±0.7","(X)","(X)","6,020","±1,367","3.1%","±0.7","(X)","(X)","1,841","±634","2.3%","±0.8","(X)","(X)","2,704","±1,239","3.8%","±1.8","(X)","(X)","4,937","±1,600","1.5%","±0.5","(X)","(X)","4,197","±1,828","4.3%","±1.9","(X)","(X)","23,889","±3,050","2.6%","±0.3","(X)","(X)","5,347","±1,453","3.4%","±0.9","(X)","(X)","5,684","±1,661","3.0%","±0.9","(X)","(X)","6,601","±2,183","5.2%","±1.7","(X)","(X)","3,693","±1,201","1.6%","±0.5","(X)","(X)","3,889","±1,365","2.7%","±1.0","(X)","(X)","7,467,040","±58,337","2.3%","±0.1"
"            Population under 18 years","15,558","±602","397","±295","2.6%","±1.9","26,930","±483","234","±244","0.9%","±0.9","23,640","±5","141","±147","0.6%","±0.6","142,773","±283","1,302","±779","0.9%","±0.5","13,161","±201","564","±512","4.3%","±3.9","76,257","±608","488","±318","0.6%","±0.4","98,351","±428","434","±363","0.4%","±0.4","21,855","±84","234","±225","1.1%","±1.0","22,362","±194","0","±216","0.0%","±0.9","56,220","±282","510","±349","0.9%","±0.6","16,229","±483","0","±216","0.0%","±1.2","16,795","±186","168","±264","1.0%","±1.6","81,370","±601","795","±616","1.0%","±0.8","20,043","±804","518","±495","2.6%","±2.5","231,716","±406","2,105","±1,005","0.9%","±0.4","29,822","±114","206","±254","0.7%","±0.9","44,648","±141","155","±183","0.3%","±0.4","24,042","±494","1,007","±1,064","4.2%","±4.4","63,906","±47","261","±285","0.4%","±0.4","33,916","±172","284","±279","0.8%","±0.8","72,835,047","±33,175","547,083","±17,074","0.8%","±0.1"
"                Population under 5 years","3,820","±285","47","±83","1.2%","±2.2","6,792","±682","121","±204","1.8%","±3.0","6,236","±740","79","±102","1.3%","±1.6","46,059","±219","485","±660","1.1%","±1.4","3,299","±181","147","±214","4.5%","±6.5","20,857","±292","129","±203","0.6%","±1.0","26,669","±202","71","±83","0.3%","±0.3","5,969","±239","0","±216","0.0%","±3.2","6,433","±759","0","±216","0.0%","±2.9","17,840","±499","181","±218","1.0%","±1.2","4,203","±489","0","±216","0.0%","±4.5","4,377","±5","0","±216","0.0%","±4.3","21,442","±832","384","±443","1.8%","±2.1","5,763","±710","0","±216","0.0%","±3.3","64,882","±4","138","±224","0.2%","±0.3","7,599","±505","0","±216","0.0%","±2.5","11,227","±736","74","±125","0.7%","±1.1","6,498","±842","0","±216","0.0%","±2.9","13,043","±561","0","±216","0.0%","±1.5","8,000","±735","0","±216","0.0%","±2.4","19,401,454","±22,231","75,769","±5,791","0.4%","±0.1"
"                Population 5 to 17 years","11,738","±592","350","±308","3.0%","±2.6","20,138","±854","113","±136","0.6%","±0.7","17,404","±740","62","±104","0.4%","±0.6","96,714","±335","817","±539","0.8%","±0.6","9,862","±176","417","±374","4.2%","±3.8","55,400","±703","359","±249","0.6%","±0.4","71,682","±410","363","±342","0.5%","±0.5","15,886","±240","234","±225","1.5%","±1.4","15,929","±790","0","±216","0.0%","±1.2","38,380","±554","329","±267","0.9%","±0.7","12,026","±529","0","±216","0.0%","±1.6","12,418","±186","168","±264","1.4%","±2.1","59,928","±1,031","411","±433","0.7%","±0.7","14,280","±826","518","±495","3.6%","±3.5","166,834","±407","1,967","±950","1.2%","±0.6","22,223","±504","206","±254","0.9%","±1.1","33,421","±748","81","±138","0.2%","±0.4","17,544","±669","1,007","±1,064","5.7%","±6.0","50,863","±563","261","±285","0.5%","±0.6","25,916","±723","284","±279","1.1%","±1.1","53,433,593","±32,613","471,314","±15,522","0.9%","±0.1"
"            Population 18 to 64 years","44,631","±1,031","1,066","±541","2.4%","±1.2","77,003","±1,195","1,077","±609","1.4%","±0.8","65,095","±920","1,800","±820","2.8%","±1.3","458,967","±1,389","9,322","±1,866","2.0%","±0.4","39,963","±584","2,167","±916","5.4%","±2.3","223,908","±1,263","4,263","±1,310","1.9%","±0.6","292,856","±1,292","5,876","±1,232","2.0%","±0.4","58,095","±677","1,259","±567","2.2%","±1.0","57,626","±985","855","±439","1.5%","±0.8","118,582","±2,505","3,182","±1,008","2.7%","±0.9","50,014","±812","1,114","±537","2.2%","±1.1","42,990","±1,165","1,994","±1,024","4.6%","±2.4","213,205","±1,505","2,161","±1,209","1.0%","±0.6","57,428","±1,069","2,566","±1,504","4.5%","±2.6","565,042","±1,701","13,078","±2,377","2.3%","±0.4","92,150","±1,184","2,918","±1,190","3.2%","±1.3","114,726","±1,091","3,824","±1,411","3.3%","±1.2","80,598","±930","2,926","±1,172","3.6%","±1.5","142,185","±628","2,321","±975","1.6%","±0.7","86,869","±1,147","1,837","±827","2.1%","±1.0","197,503,214","±33,702","3,755,672","±36,041","1.9%","±0.1"
"                Population 18 to 34 years","14,928","±829","183","±174","1.2%","±1.2","25,538","±1,129","242","±217","0.9%","±0.8","23,468","±1,075","356","±449","1.5%","±1.9","207,974","±1,056","1,709","±804","0.8%","±0.4","12,644","±424","701","±503","5.5%","±4.0","84,731","±1,273","632","±353","0.7%","±0.4","118,349","±1,206","1,269","±716","1.1%","±0.6","21,602","±799","271","±233","1.3%","±1.1","20,763","±953","83","±140","0.4%","±0.7","51,066","±2,333","577","±327","1.1%","±0.6","21,303","±826","433","±347","2.0%","±1.7","14,603","±605","485","±482","3.3%","±3.3","87,721","±1,875","632","±592","0.7%","±0.7","19,041","±1,121","736","±579","3.9%","±3.1","221,065","±1,020","3,424","±1,366","1.5%","±0.6","30,339","±953","581","±417","1.9%","±1.4","37,526","±831","1,124","±693","3.0%","±1.8","33,280","±1,149","867","±767","2.6%","±2.3","38,990","±757","530","±458","1.4%","±1.2","28,234","±1,252","443","±469","1.6%","±1.6","74,020,428","±40,229","905,570","±17,977","1.2%","±0.1"
"                Population 35 to 64 years","29,703","±561","883","±505","3.0%","±1.7","51,465","±654","835","±504","1.6%","±1.0","41,627","±1,088","1,444","±737","3.5%","±1.8","250,993","±856","7,613","±1,779","3.0%","±0.7","27,319","±641","1,466","±751","5.4%","±2.7","139,177","±1,266","3,631","±1,286","2.6%","±0.9","174,507","±1,125","4,607","±969","2.6%","±0.6","36,493","±793","988","±438","2.7%","±1.2","36,863","±1,050","772","±418","2.1%","±1.2","67,516","±1,962","2,605","±1,003","3.9%","±1.5","28,711","±1,053","681","±392","2.4%","±1.4","28,387","±1,015","1,509","±881","5.3%","±3.1","125,484","±1,604","1,529","±1,010","1.2%","±0.8","38,387","±746","1,830","±1,234","4.8%","±3.2","343,977","±1,232","9,654","±1,972","2.8%","±0.6","61,811","±873","2,337","±1,018","3.8%","±1.6","77,200","±1,125","2,700","±1,285","3.5%","±1.7","47,318","±1,159","2,059","±847","4.4%","±1.8","103,195","±1,034","1,791","±832","1.7%","±0.8","58,635","±1,506","1,394","±742","2.4%","±1.3","123,482,786","±47,507","2,850,102","±31,917","2.3%","±0.1"
"            Population 65 years and over","15,774","±536","606","±459","3.8%","±2.9","27,629","±569","880","±476","3.2%","±1.7","18,153","±578","1,598","±610","8.8%","±3.3","85,524","±802","6,251","±1,402","7.3%","±1.6","14,567","±471","1,701","±750","11.7%","±5.1","63,490","±788","5,426","±1,486","8.5%","±2.3","74,337","±897","3,933","±941","5.3%","±1.3","16,654","±431","1,303","±529","7.8%","±3.1","15,376","±636","1,118","±507","7.3%","±3.3","19,727","±700","2,328","±873","11.8%","±4.4","13,080","±633","727","±411","5.6%","±3.1","11,013","±443","542","±326","4.9%","±3.0","35,410","±1,228","1,981","±849","5.6%","±2.4","19,723","±469","1,113","±759","5.6%","±3.9","128,717","±840","8,706","±1,859","6.8%","±1.4","34,552","±652","2,223","±622","6.4%","±1.8","30,166","±736","1,705","±665","5.7%","±2.2","22,690","±463","2,668","±921","11.8%","±4.0","31,902","±759","1,111","±562","3.5%","±1.8","22,655","±879","1,768","±916","7.8%","±4.0","52,782,417","±26,301","3,164,285","±37,162","6.0%","±0.1"
"                Population 65 to 74 years","9,083","±470","226","±182","2.5%","±2.0","16,803","±542","423","±333","2.5%","±2.0","10,659","±402","511","±379","4.8%","±3.6","53,170","±869","2,717","±919","5.1%","±1.7","8,728","±361","695","±439","8.0%","±5.1","37,242","±546","1,412","±612","3.8%","±1.6","44,309","±744","1,917","±632","4.3%","±1.4","10,260","±372","843","±472","8.2%","±4.6","9,720","±561","591","±440","6.1%","±4.5","12,871","±762","1,380","±676","10.7%","±5.3","7,516","±359","352","±285","4.7%","±3.8","6,739","±357","214","±237","3.2%","±3.5","22,333","±1,222","1,025","±665","4.6%","±3.0","12,468","±393","663","±673","5.3%","±5.4","80,175","±936","4,536","±1,362","5.7%","±1.7","19,166","±508","1,584","±572","8.3%","±3.0","17,628","±450","642","±555","3.6%","±3.1","13,573","±344","816","±523","6.0%","±3.8","20,289","±682","220","±171","1.1%","±0.8","14,638","±682","1,025","±739","7.0%","±5.0","31,216,223","±24,889","1,271,608","±20,269","4.1%","±0.1"
"                Population 75 years and over","6,691","±357","380","±391","5.7%","±5.9","10,826","±312","457","±349","4.2%","±3.2","7,494","±360","1,087","±508","14.5%","±6.7","32,354","±880","3,534","±1,023","10.9%","±3.2","5,839","±288","1,006","±558","17.2%","±9.5","26,248","±862","4,014","±1,308","15.3%","±5.0","30,028","±676","2,016","±690","6.7%","±2.3","6,394","±537","460","±272","7.2%","±4.3","5,656","±529","527","±300","9.3%","±5.3","6,856","±509","948","±482","13.8%","±7.0","5,564","±505","375","±293","6.7%","±5.2","4,274","±305","328","±230","7.7%","±5.4","13,077","±675","956","±502","7.3%","±3.8","7,255","±282","450","±396","6.2%","±5.5","48,542","±655","4,170","±1,006","8.6%","±2.1","15,386","±393","639","±318","4.2%","±2.1","12,538","±676","1,063","±568","8.5%","±4.4","9,117","±367","1,852","±728","20.3%","±8.0","11,613","±301","891","±481","7.7%","±4.1","8,017","±700","743","±494","9.3%","±6.1","21,566,194","±17,007","1,892,677","±27,432","8.8%","±0.1"
"        With a cognitive difficulty","(X)","(X)","7,918","±1,930","11.0%","±2.7","(X)","(X)","9,286","±1,972","7.4%","±1.6","(X)","(X)","8,234","±2,253","8.2%","±2.2","(X)","(X)","29,634","±3,743","4.6%","±0.6","(X)","(X)","6,374","±1,493","9.9%","±2.3","(X)","(X)","25,929","±2,876","7.6%","±0.8","(X)","(X)","21,225","±2,466","4.8%","±0.6","(X)","(X)","5,578","±1,576","6.2%","±1.7","(X)","(X)","4,627","±1,033","5.2%","±1.2","(X)","(X)","11,242","±2,010","6.4%","±1.2","(X)","(X)","3,300","±1,235","4.4%","±1.6","(X)","(X)","6,006","±1,632","9.0%","±2.5","(X)","(X)","11,932","±2,383","3.9%","±0.8","(X)","(X)","7,817","±1,936","8.5%","±2.1","(X)","(X)","49,036","±5,713","5.7%","±0.7","(X)","(X)","11,459","±2,094","7.7%","±1.4","(X)","(X)","11,680","±1,962","6.6%","±1.1","(X)","(X)","8,872","±2,273","7.3%","±1.9","(X)","(X)","4,794","±1,383","2.1%","±0.6","(X)","(X)","9,374","±2,380","6.9%","±1.8","(X)","(X)","15,797,245","±87,227","5.2%","±0.1"
"            Population under 18 years","11,738","±592","2,258","±1,018","19.2%","±8.4","20,138","±854","1,780","±1,029","8.8%","±5.0","17,404","±740","956","±589","5.5%","±3.4","96,714","±335","4,583","±1,400","4.7%","±1.4","9,862","±176","262","±390","2.7%","±4.0","55,400","±703","3,137","±1,362","5.7%","±2.5","71,682","±410","3,072","±1,206","4.3%","±1.7","15,886","±240","611","±484","3.8%","±3.0","15,929","±790","740","±462","4.6%","±2.9","38,380","±554","3,328","±1,042","8.7%","±2.7","12,026","±529","246","±368","2.0%","±3.0","12,418","±186","806","±507","6.5%","±4.1","59,928","±1,031","1,550","±759","2.6%","±1.3","14,280","±826","1,467","±806","10.3%","±5.7","166,834","±407","6,650","±1,503","4.0%","±0.9","22,223","±504","1,343","±706","6.0%","±3.2","33,421","±748","2,149","±943","6.4%","±2.8","17,544","±669","1,924","±1,140","11.0%","±6.3","50,863","±563","1,021","±738","2.0%","±1.5","25,916","±723","1,979","±1,100","7.6%","±4.3","53,433,593","±32,613","2,354,191","±30,937","4.4%","±0.1"
"            Population 18 to 64 years","44,631","±1,031","3,898","±1,277","8.7%","±2.9","77,003","±1,195","5,224","±1,329","6.8%","±1.7","65,095","±920","5,384","±1,704","8.3%","±2.6","458,967","±1,389","17,748","±2,763","3.9%","±0.6","39,963","±584","4,089","±1,130","10.2%","±2.8","223,908","±1,263","14,068","±2,291","6.3%","±1.0","292,856","±1,292","11,458","±1,659","3.9%","±0.6","58,095","±677","3,473","±1,192","6.0%","±2.1","57,626","±985","2,867","±900","5.0%","±1.6","118,582","±2,505","6,391","±1,458","5.4%","±1.2","50,014","±812","1,997","±866","4.0%","±1.7","42,990","±1,165","3,939","±1,413","9.2%","±3.3","213,205","±1,505","8,058","±1,960","3.8%","±0.9","57,428","±1,069","4,371","±1,258","7.6%","±2.2","565,042","±1,701","28,173","±4,371","5.0%","±0.8","92,150","±1,184","6,803","±1,767","7.4%","±1.9","114,726","±1,091","6,400","±1,459","5.6%","±1.3","80,598","±930","4,696","±1,473","5.8%","±1.8","142,185","±628","2,469","±954","1.7%","±0.7","86,869","±1,147","5,234","±1,625","6.0%","±1.9","197,503,214","±33,702","9,085,439","±60,856","4.6%","±0.1"
"                Population 18 to 34 years","14,928","±829","1,488","±828","10.0%","±5.7","25,538","±1,129","1,579","±593","6.2%","±2.3","23,468","±1,075","1,146","±683","4.9%","±2.9","207,974","±1,056","5,161","±1,296","2.5%","±0.6","12,644","±424","909","±462","7.2%","±3.7","84,731","±1,273","3,640","±1,220","4.3%","±1.4","118,349","±1,206","3,151","±867","2.7%","±0.7","21,602","±799","684","±467","3.2%","±2.2","20,763","±953","919","±489","4.4%","±2.4","51,066","±2,333","3,039","±991","6.0%","±1.9","21,303","±826","465","±429","2.2%","±2.0","14,603","±605","1,774","±908","12.1%","±6.3","87,721","±1,875","2,304","±978","2.6%","±1.1","19,041","±1,121","944","±543","5.0%","±2.9","221,065","±1,020","10,045","±2,129","4.5%","±1.0","30,339","±953","1,833","±899","6.0%","±2.9","37,526","±831","2,977","±1,056","7.9%","±2.8","33,280","±1,149","1,659","±865","5.0%","±2.6","38,990","±757","1,527","±837","3.9%","±2.1","28,234","±1,252","2,669","±1,154","9.5%","±4.0","74,020,428","±40,229","3,207,512","±36,493","4.3%","±0.1"
"                Population 35 to 64 years","29,703","±561","2,410","±1,146","8.1%","±3.9","51,465","±654","3,645","±1,203","7.1%","±2.3","41,627","±1,088","4,238","±1,377","10.2%","±3.3","250,993","±856","12,587","±2,335","5.0%","±0.9","27,319","±641","3,180","±937","11.6%","±3.4","139,177","±1,266","10,428","±2,055","7.5%","±1.5","174,507","±1,125","8,307","±1,315","4.8%","±0.8","36,493","±793","2,789","±1,064","7.6%","±2.9","36,863","±1,050","1,948","±752","5.3%","±2.1","67,516","±1,962","3,352","±1,047","5.0%","±1.5","28,711","±1,053","1,532","±776","5.3%","±2.7","28,387","±1,015","2,165","±813","7.6%","±2.9","125,484","±1,604","5,754","±1,633","4.6%","±1.3","38,387","±746","3,427","±992","8.9%","±2.6","343,977","±1,232","18,128","±3,766","5.3%","±1.1","61,811","±873","4,970","±1,380","8.0%","±2.2","77,200","±1,125","3,423","±1,035","4.4%","±1.3","47,318","±1,159","3,037","±1,063","6.4%","±2.2","103,195","±1,034","942","±447","0.9%","±0.4","58,635","±1,506","2,565","±914","4.4%","±1.6","123,482,786","±47,507","5,877,927","±46,429","4.8%","±0.1"
"            Population 65 years and over","15,774","±536","1,762","±659","11.2%","±4.2","27,629","±569","2,282","±719","8.3%","±2.6","18,153","±578","1,894","±895","10.4%","±4.9","85,524","±802","7,303","±1,442","8.5%","±1.7","14,567","±471","2,023","±783","13.9%","±5.4","63,490","±788","8,724","±1,717","13.7%","±2.7","74,337","±897","6,695","±1,224","9.0%","±1.7","16,654","±431","1,494","±589","9.0%","±3.5","15,376","±636","1,020","±439","6.6%","±2.9","19,727","±700","1,523","±618","7.7%","±3.0","13,080","±633","1,057","±555","8.1%","±4.1","11,013","±443","1,261","±491","11.5%","±4.5","35,410","±1,228","2,324","±772","6.6%","±2.2","19,723","±469","1,979","±860","10.0%","±4.4","128,717","±840","14,213","±2,279","11.0%","±1.8","34,552","±652","3,313","±791","9.6%","±2.3","30,166","±736","3,131","±879","10.4%","±2.9","22,690","±463","2,252","±842","9.9%","±3.7","31,902","±759","1,304","±504","4.1%","±1.6","22,655","±879","2,161","±809","9.5%","±3.6","52,782,417","±26,301","4,357,615","±43,148","8.3%","±0.1"
"                Population 65 to 74 years","9,083","±470","432","±245","4.8%","±2.7","16,803","±542","1,094","±497","6.5%","±3.0","10,659","±402","984","±610","9.2%","±5.7","53,170","±869","3,177","±1,058","6.0%","±2.0","8,728","±361","639","±404","7.3%","±4.6","37,242","±546","2,358","±850","6.3%","±2.3","44,309","±744","2,041","±708","4.6%","±1.6","10,260","±372","474","±324","4.6%","±3.1","9,720","±561","494","±305","5.1%","±3.1","12,871","±762","578","±433","4.5%","±3.2","7,516","±359","493","±475","6.6%","±6.1","6,739","±357","260","±178","3.9%","±2.6","22,333","±1,222","585","±314","2.6%","±1.4","12,468","±393","1,547","±834","12.4%","±6.8","80,175","±936","7,245","±1,786","9.0%","±2.2","19,166","±508","1,339","±528","7.0%","±2.8","17,628","±450","1,132","±663","6.4%","±3.8","13,573","±344","987","±484","7.3%","±3.5","20,289","±682","639","±346","3.1%","±1.7","14,638","±682","428","±403","2.9%","±2.7","31,216,223","±24,889","1,606,770","±20,535","5.1%","±0.1"
"                Population 75 years and over","6,691","±357","1,330","±628","19.9%","±9.2","10,826","±312","1,188","±493","11.0%","±4.6","7,494","±360","910","±530","12.1%","±7.0","32,354","±880","4,126","±982","12.8%","±3.0","5,839","±288","1,384","±586","23.7%","±9.9","26,248","±862","6,366","±1,572","24.3%","±5.9","30,028","±676","4,654","±1,002","15.5%","±3.3","6,394","±537","1,020","±482","16.0%","±7.4","5,656","±529","526","±336","9.3%","±6.0","6,856","±509","945","±423","13.8%","±6.2","5,564","±505","564","±317","10.1%","±5.8","4,274","±305","1,001","±459","23.4%","±10.8","13,077","±675","1,739","±695","13.3%","±5.1","7,255","±282","432","±279","6.0%","±3.8","48,542","±655","6,968","±1,275","14.4%","±2.6","15,386","±393","1,974","±553","12.8%","±3.6","12,538","±676","1,999","±648","15.9%","±4.9","9,117","±367","1,265","±663","13.9%","±7.3","11,613","±301","665","±319","5.7%","±2.7","8,017","±700","1,733","±713","21.6%","±8.7","21,566,194","±17,007","2,750,845","±32,323","12.8%","±0.1"
"        With an ambulatory difficulty","(X)","(X)","8,446","±1,427","11.7%","±1.9","(X)","(X)","10,192","±1,635","8.2%","±1.3","(X)","(X)","11,352","±1,801","11.3%","±1.8","(X)","(X)","35,463","±3,317","5.5%","±0.5","(X)","(X)","8,465","±1,638","13.1%","±2.5","(X)","(X)","35,872","±3,412","10.5%","±1.0","(X)","(X)","28,736","±2,623","6.5%","±0.6","(X)","(X)","7,055","±1,306","7.8%","±1.4","(X)","(X)","4,659","±1,075","5.2%","±1.2","(X)","(X)","15,545","±1,692","8.8%","±1.0","(X)","(X)","5,479","±1,376","7.3%","±1.8","(X)","(X)","5,626","±1,034","8.5%","±1.6","(X)","(X)","17,510","±2,470","5.7%","±0.8","(X)","(X)","11,096","±2,183","12.1%","±2.4","(X)","(X)","61,618","±4,954","7.2%","±0.6","(X)","(X)","14,920","±2,011","10.0%","±1.3","(X)","(X)","14,543","±2,015","8.2%","±1.1","(X)","(X)","7,627","±1,470","6.3%","±1.2","(X)","(X)","8,437","±1,706","3.8%","±0.8","(X)","(X)","8,413","±1,632","6.2%","±1.2","(X)","(X)","20,843,415","±86,983","6.9%","±0.1"
"            Population under 18 years","11,738","±592","164","±178","1.4%","±1.5","20,138","±854","52","±97","0.3%","±0.5","17,404","±740","0","±216","0.0%","±1.1","96,714","±335","285","±305","0.3%","±0.3","9,862","±176","168","±278","1.7%","±2.8","55,400","±703","496","±555","0.9%","±1.0","71,682","±410","210","±194","0.3%","±0.3","15,886","±240","93","±158","0.6%","±1.0","15,929","±790","0","±216","0.0%","±1.2","38,380","±554","323","±287","0.8%","±0.7","12,026","±529","0","±216","0.0%","±1.6","12,418","±186","168","±264","1.4%","±2.1","59,928","±1,031","0","±216","0.0%","±0.3","14,280","±826","553","±492","3.9%","±3.4","166,834","±407","1,353","±577","0.8%","±0.3","22,223","±504","128","±123","0.6%","±0.6","33,421","±748","248","±275","0.7%","±0.8","17,544","±669","0","±216","0.0%","±1.1","50,863","±563","133","±209","0.3%","±0.4","25,916","±723","0","±216","0.0%","±0.7","53,433,593","±32,613","329,766","±11,203","0.6%","±0.1"
"            Population 18 to 64 years","44,631","±1,031","4,088","±1,006","9.2%","±2.2","77,003","±1,195","4,001","±1,280","5.2%","±1.7","65,095","±920","5,736","±1,540","8.8%","±2.4","458,967","±1,389","17,189","±2,580","3.7%","±0.6","39,963","±584","4,061","±1,264","10.2%","±3.1","223,908","±1,263","16,116","±2,269","7.2%","±1.0","292,856","±1,292","12,220","±1,600","4.2%","±0.5","58,095","±677","3,128","±1,003","5.4%","±1.7","57,626","±985","1,844","±729","3.2%","±1.3","118,582","±2,505","8,893","±1,556","7.5%","±1.3","50,014","±812","1,992","±854","4.0%","±1.7","42,990","±1,165","3,270","±889","7.6%","±2.1","213,205","±1,505","9,578","±2,103","4.5%","±1.0","57,428","±1,069","6,317","±1,545","11.0%","±2.7","565,042","±1,701","29,708","±3,706","5.3%","±0.7","92,150","±1,184","7,133","±1,334","7.7%","±1.4","114,726","±1,091","7,621","±1,536","6.6%","±1.3","80,598","±930","3,024","±1,095","3.8%","±1.3","142,185","±628","3,400","±1,057","2.4%","±0.7","86,869","±1,147","3,605","±950","4.1%","±1.1","197,503,214","±33,702","9,246,129","±58,094","4.7%","±0.1"
"                Population 18 to 34 years","14,928","±829","197","±185","1.3%","±1.2","25,538","±1,129","521","±407","2.0%","±1.6","23,468","±1,075","482","±468","2.1%","±2.0","207,974","±1,056","1,180","±887","0.6%","±0.4","12,644","±424","444","±487","3.5%","±3.9","84,731","±1,273","1,216","±569","1.4%","±0.7","118,349","±1,206","820","±387","0.7%","±0.3","21,602","±799","472","±435","2.2%","±2.0","20,763","±953","134","±141","0.6%","±0.7","51,066","±2,333","1,493","±786","2.9%","±1.6","21,303","±826","16","±33","0.1%","±0.2","14,603","±605","123","±215","0.8%","±1.5","87,721","±1,875","265","±273","0.3%","±0.3","19,041","±1,121","807","±626","4.2%","±3.3","221,065","±1,020","3,841","±1,363","1.7%","±0.6","30,339","±953","335","±273","1.1%","±0.9","37,526","±831","625","±600","1.7%","±1.6","33,280","±1,149","169","±172","0.5%","±0.5","38,990","±757","237","±215","0.6%","±0.6","28,234","±1,252","156","±178","0.6%","±0.6","74,020,428","±40,229","945,681","±22,220","1.3%","±0.1"
"                Population 35 to 64 years","29,703","±561","3,891","±1,008","13.1%","±3.4","51,465","±654","3,480","±1,057","6.8%","±2.1","41,627","±1,088","5,254","±1,372","12.6%","±3.3","250,993","±856","16,009","±2,336","6.4%","±0.9","27,319","±641","3,617","±1,139","13.2%","±4.2","139,177","±1,266","14,900","±2,184","10.7%","±1.6","174,507","±1,125","11,400","±1,563","6.5%","±0.9","36,493","±793","2,656","±888","7.3%","±2.5","36,863","±1,050","1,710","±712","4.6%","±2.0","67,516","±1,962","7,400","±1,295","11.0%","±1.9","28,711","±1,053","1,976","±859","6.9%","±3.0","28,387","±1,015","3,147","±867","11.1%","±3.1","125,484","±1,604","9,313","±2,115","7.4%","±1.7","38,387","±746","5,510","±1,535","14.4%","±4.0","343,977","±1,232","25,867","±3,357","7.5%","±1.0","61,811","±873","6,798","±1,327","11.0%","±2.1","77,200","±1,125","6,996","±1,355","9.1%","±1.8","47,318","±1,159","2,855","±1,087","6.0%","±2.3","103,195","±1,034","3,163","±1,067","3.1%","±1.0","58,635","±1,506","3,449","±906","5.9%","±1.6","123,482,786","±47,507","8,300,448","±48,888","6.7%","±0.1"
"            Population 65 years and over","15,774","±536","4,194","±867","26.6%","±5.3","27,629","±569","6,139","±1,151","22.2%","±4.3","18,153","±578","5,616","±1,041","30.9%","±5.6","85,524","±802","17,989","±2,115","21.0%","±2.4","14,567","±471","4,236","±926","29.1%","±6.4","63,490","±788","19,260","±1,848","30.3%","±2.8","74,337","±897","16,306","±2,013","21.9%","±2.7","16,654","±431","3,834","±808","23.0%","±4.7","15,376","±636","2,815","±793","18.3%","±5.3","19,727","±700","6,329","±1,158","32.1%","±5.4","13,080","±633","3,487","±852","26.7%","±6.2","11,013","±443","2,188","±645","19.9%","±5.9","35,410","±1,228","7,932","±1,358","22.4%","±3.7","19,723","±469","4,226","±1,049","21.4%","±5.2","128,717","±840","30,557","±2,600","23.7%","±2.0","34,552","±652","7,659","±1,055","22.2%","±3.1","30,166","±736","6,674","±1,355","22.1%","±4.6","22,690","±463","4,603","±988","20.3%","±4.3","31,902","±759","4,904","±1,060","15.4%","±3.3","22,655","±879","4,808","±1,105","21.2%","±4.7","52,782,417","±26,301","11,267,520","±60,416","21.3%","±0.1"
"                Population 65 to 74 years","9,083","±470","1,618","±484","17.8%","±5.3","16,803","±542","2,442","±783","14.5%","±4.8","10,659","±402","2,556","±735","24.0%","±6.7","53,170","±869","8,787","±1,570","16.5%","±2.9","8,728","±361","2,165","±624","24.8%","±7.3","37,242","±546","7,182","±1,218","19.3%","±3.2","44,309","±744","6,718","±1,206","15.2%","±2.7","10,260","±372","1,760","±615","17.2%","±5.8","9,720","±561","1,372","±611","14.1%","±6.5","12,871","±762","2,971","±1,071","23.1%","±7.6","7,516","±359","1,318","±618","17.5%","±7.8","6,739","±357","1,174","±425","17.4%","±6.3","22,333","±1,222","3,431","±988","15.4%","±4.1","12,468","±393","1,870","±662","15.0%","±5.3","80,175","±936","14,810","±2,047","18.5%","±2.5","19,166","±508","3,183","±795","16.6%","±4.1","17,628","±450","3,279","±1,022","18.6%","±5.7","13,573","±344","1,712","±640","12.6%","±4.7","20,289","±682","1,840","±835","9.1%","±4.1","14,638","±682","1,906","±716","13.0%","±4.8","31,216,223","±24,889","4,610,453","±40,868","14.8%","±0.1"
"                Population 75 years and over","6,691","±357","2,576","±708","38.5%","±10.1","10,826","±312","3,697","±811","34.1%","±7.5","7,494","±360","3,060","±703","40.8%","±9.2","32,354","±880","9,202","±1,427","28.4%","±4.3","5,839","±288","2,071","±593","35.5%","±9.9","26,248","±862","12,078","±1,608","46.0%","±5.6","30,028","±676","9,588","±1,429","31.9%","±4.8","6,394","±537","2,074","±599","32.4%","±9.0","5,656","±529","1,443","±517","25.5%","±9.1","6,856","±509","3,358","±516","49.0%","±7.8","5,564","±505","2,169","±658","39.0%","±12.2","4,274","±305","1,014","±471","23.7%","±11.1","13,077","±675","4,501","±1,059","34.4%","±7.9","7,255","±282","2,356","±630","32.5%","±8.6","48,542","±655","15,747","±1,762","32.4%","±3.6","15,386","±393","4,476","±793","29.1%","±5.2","12,538","±676","3,395","±853","27.1%","±6.8","9,117","±367","2,891","±738","31.7%","±7.8","11,613","±301","3,064","±789","26.4%","±6.8","8,017","±700","2,902","±752","36.2%","±8.8","21,566,194","±17,007","6,657,067","±39,845","30.9%","±0.2"
"        With a self-care difficulty","(X)","(X)","3,218","±1,038","4.5%","±1.4","(X)","(X)","3,730","±1,068","3.0%","±0.9","(X)","(X)","3,643","±1,192","3.6%","±1.2","(X)","(X)","10,816","±1,939","1.7%","±0.3","(X)","(X)","3,565","±1,097","5.5%","±1.7","(X)","(X)","11,681","±2,332","3.4%","±0.7","(X)","(X)","11,177","±1,677","2.5%","±0.4","(X)","(X)","3,158","±1,035","3.5%","±1.1","(X)","(X)","1,900","±721","2.1%","±0.8","(X)","(X)","4,966","±1,246","2.8%","±0.7","(X)","(X)","2,058","±987","2.7%","±1.3","(X)","(X)","2,333","±884","3.5%","±1.3","(X)","(X)","3,928","±1,260","1.3%","±0.4","(X)","(X)","3,125","±987","3.4%","±1.1","(X)","(X)","24,157","±3,383","2.8%","±0.4","(X)","(X)","4,609","±957","3.1%","±0.6","(X)","(X)","3,986","±982","2.2%","±0.6","(X)","(X)","3,461","±938","2.9%","±0.8","(X)","(X)","3,321","±1,048","1.5%","±0.5","(X)","(X)","3,010","±916","2.2%","±0.7","(X)","(X)","8,004,156","±51,486","2.6%","±0.1"
"            Population under 18 years","11,738","±592","133","±169","1.1%","±1.4","20,138","±854","198","±208","1.0%","±1.0","17,404","±740","0","±216","0.0%","±1.1","96,714","±335","340","±258","0.4%","±0.3","9,862","±176","37","±70","0.4%","±0.7","55,400","±703","810","±696","1.5%","±1.3","71,682","±410","530","±351","0.7%","±0.5","15,886","±240","93","±158","0.6%","±1.0","15,929","±790","0","±216","0.0%","±1.2","38,380","±554","793","±462","2.1%","±1.2","12,026","±529","232","±365","1.9%","±3.0","12,418","±186","168","±264","1.4%","±2.1","59,928","±1,031","105","±177","0.2%","±0.3","14,280","±826","562","±452","3.9%","±3.2","166,834","±407","1,719","±859","1.0%","±0.5","22,223","±504","130","±127","0.6%","±0.6","33,421","±748","471","±447","1.4%","±1.3","17,544","±669","364","±297","2.1%","±1.7","50,863","±563","286","±251","0.6%","±0.5","25,916","±723","199","±210","0.8%","±0.8","53,433,593","±32,613","557,499","±15,739","1.0%","±0.1"
"            Population 18 to 64 years","44,631","±1,031","1,741","±807","3.9%","±1.8","77,003","±1,195","1,288","±658","1.7%","±0.9","65,095","±920","2,302","±974","3.5%","±1.5","458,967","±1,389","4,998","±1,395","1.1%","±0.3","39,963","±584","1,906","±838","4.8%","±2.1","223,908","±1,263","4,503","±1,300","2.0%","±0.6","292,856","±1,292","4,391","±998","1.5%","±0.3","58,095","±677","1,202","±656","2.1%","±1.1","57,626","±985","939","±540","1.6%","±0.9","118,582","±2,505","2,821","±1,020","2.4%","±0.9","50,014","±812","1,083","±721","2.2%","±1.4","42,990","±1,165","1,637","±721","3.8%","±1.7","213,205","±1,505","2,182","±1,093","1.0%","±0.5","57,428","±1,069","926","±548","1.6%","±1.0","565,042","±1,701","10,959","±2,387","1.9%","±0.4","92,150","±1,184","1,652","±558","1.8%","±0.6","114,726","±1,091","1,955","±763","1.7%","±0.7","80,598","±930","1,477","±655","1.8%","±0.8","142,185","±628","1,297","±643","0.9%","±0.5","86,869","±1,147","1,204","±546","1.4%","±0.6","197,503,214","±33,702","3,463,855","±30,537","1.8%","±0.1"
"                Population 18 to 34 years","14,928","±829","109","±147","0.7%","±1.0","25,538","±1,129","294","±250","1.2%","±1.0","23,468","±1,075","117","±193","0.5%","±0.8","207,974","±1,056","355","±222","0.2%","±0.1","12,644","±424","221","±206","1.7%","±1.6","84,731","±1,273","278","±350","0.3%","±0.4","118,349","±1,206","638","±383","0.5%","±0.3","21,602","±799","162","±248","0.7%","±1.1","20,763","±953","102","±130","0.5%","±0.6","51,066","±2,333","490","±334","1.0%","±0.7","21,303","±826","0","±216","0.0%","±0.9","14,603","±605","0","±216","0.0%","±1.3","87,721","±1,875","195","±216","0.2%","±0.2","19,041","±1,121","0","±216","0.0%","±1.0","221,065","±1,020","2,620","±1,150","1.2%","±0.5","30,339","±953","163","±161","0.5%","±0.5","37,526","±831","842","±625","2.2%","±1.7","33,280","±1,149","145","±160","0.4%","±0.5","38,990","±757","424","±364","1.1%","±0.9","28,234","±1,252","124","±145","0.4%","±0.5","74,020,428","±40,229","635,785","±13,720","0.9%","±0.1"
"                Population 35 to 64 years","29,703","±561","1,632","±778","5.5%","±2.6","51,465","±654","994","±530","1.9%","±1.0","41,627","±1,088","2,185","±1,019","5.2%","±2.4","250,993","±856","4,643","±1,380","1.8%","±0.6","27,319","±641","1,685","±818","6.2%","±3.0","139,177","±1,266","4,225","±1,279","3.0%","±0.9","174,507","±1,125","3,753","±1,002","2.2%","±0.6","36,493","±793","1,040","±631","2.8%","±1.7","36,863","±1,050","837","±493","2.3%","±1.4","67,516","±1,962","2,331","±977","3.5%","±1.4","28,711","±1,053","1,083","±721","3.8%","±2.5","28,387","±1,015","1,637","±721","5.8%","±2.5","125,484","±1,604","1,987","±1,114","1.6%","±0.9","38,387","±746","926","±548","2.4%","±1.4","343,977","±1,232","8,339","±2,015","2.4%","±0.6","61,811","±873","1,489","±518","2.4%","±0.8","77,200","±1,125","1,113","±480","1.4%","±0.6","47,318","±1,159","1,332","±650","2.8%","±1.4","103,195","±1,034","873","±573","0.8%","±0.6","58,635","±1,506","1,080","±505","1.8%","±0.9","123,482,786","±47,507","2,828,070","±26,280","2.3%","±0.1"
"            Population 65 years and over","15,774","±536","1,344","±517","8.5%","±3.3","27,629","±569","2,244","±716","8.1%","±2.6","18,153","±578","1,341","±621","7.4%","±3.4","85,524","±802","5,478","±1,196","6.4%","±1.4","14,567","±471","1,622","±630","11.1%","±4.3","63,490","±788","6,368","±1,349","10.0%","±2.1","74,337","±897","6,256","±1,387","8.4%","±1.9","16,654","±431","1,863","±686","11.2%","±4.1","15,376","±636","961","±441","6.3%","±2.9","19,727","±700","1,352","±492","6.9%","±2.5","13,080","±633","743","±405","5.7%","±3.1","11,013","±443","528","±228","4.8%","±2.1","35,410","±1,228","1,641","±652","4.6%","±1.8","19,723","±469","1,637","±677","8.3%","±3.5","128,717","±840","11,479","±1,710","8.9%","±1.3","34,552","±652","2,827","±789","8.2%","±2.3","30,166","±736","1,560","±573","5.2%","±1.9","22,690","±463","1,620","±534","7.1%","±2.3","31,902","±759","1,738","±695","5.4%","±2.2","22,655","±879","1,607","±670","7.1%","±2.9","52,782,417","±26,301","3,982,802","±36,527","7.5%","±0.1"
"                Population 65 to 74 years","9,083","±470","662","±364","7.3%","±4.0","16,803","±542","718","±466","4.3%","±2.8","10,659","±402","254","±259","2.4%","±2.4","53,170","±869","2,587","±946","4.9%","±1.8","8,728","±361","752","±345","8.6%","±4.0","37,242","±546","2,173","±872","5.8%","±2.3","44,309","±744","1,734","±596","3.9%","±1.3","10,260","±372","734","±507","7.2%","±4.9","9,720","±561","260","±195","2.7%","±2.0","12,871","±762","505","±307","3.9%","±2.4","7,516","±359","216","±243","2.9%","±3.2","6,739","±357","193","±135","2.9%","±2.0","22,333","±1,222","339","±252","1.5%","±1.1","12,468","±393","491","±387","3.9%","±3.1","80,175","±936","4,772","±1,231","6.0%","±1.5","19,166","±508","665","±423","3.5%","±2.2","17,628","±450","305","±203","1.7%","±1.1","13,573","±344","883","±446","6.5%","±3.3","20,289","±682","538","±435","2.7%","±2.1","14,638","±682","200","±187","1.4%","±1.3","31,216,223","±24,889","1,306,331","±18,273","4.2%","±0.1"
"                Population 75 years and over","6,691","±357","682","±405","10.2%","±6.2","10,826","±312","1,526","±558","14.1%","±5.1","7,494","±360","1,087","±571","14.5%","±7.7","32,354","±880","2,891","±714","8.9%","±2.2","5,839","±288","870","±429","14.9%","±7.3","26,248","±862","4,195","±1,128","16.0%","±4.4","30,028","±676","4,522","±1,178","15.1%","±3.9","6,394","±537","1,129","±465","17.7%","±7.3","5,656","±529","701","±387","12.4%","±6.8","6,856","±509","847","±370","12.4%","±5.4","5,564","±505","527","±314","9.5%","±5.7","4,274","±305","335","±187","7.8%","±4.4","13,077","±675","1,302","±577","10.0%","±4.2","7,255","±282","1,146","±500","15.8%","±6.9","48,542","±655","6,707","±1,188","13.8%","±2.4","15,386","±393","2,162","±683","14.1%","±4.4","12,538","±676","1,255","±542","10.0%","±4.3","9,117","±367","737","±354","8.1%","±3.8","11,613","±301","1,200","±506","10.3%","±4.3","8,017","±700","1,407","±597","17.6%","±7.1","21,566,194","±17,007","2,676,471","±30,950","12.4%","±0.1"
"        With an independent living difficulty","(X)","(X)","5,727","±1,160","9.5%","±1.9","(X)","(X)","8,219","±1,614","7.9%","±1.5","(X)","(X)","6,881","±1,622","8.3%","±1.9","(X)","(X)","22,491","±2,536","4.1%","±0.5","(X)","(X)","5,304","±1,318","9.7%","±2.4","(X)","(X)","25,160","±2,808","8.8%","±1.0","(X)","(X)","21,135","±2,263","5.8%","±0.6","(X)","(X)","5,910","±1,488","7.9%","±2.0","(X)","(X)","3,370","±937","4.6%","±1.3","(X)","(X)","9,142","±1,656","6.6%","±1.2","(X)","(X)","2,963","±882","4.7%","±1.4","(X)","(X)","4,480","±1,198","8.3%","±2.3","(X)","(X)","11,154","±2,014","4.5%","±0.8","(X)","(X)","7,215","±1,963","9.4%","±2.5","(X)","(X)","44,806","±4,812","6.5%","±0.7","(X)","(X)","9,920","±1,608","7.8%","±1.3","(X)","(X)","10,165","±1,883","7.0%","±1.3","(X)","(X)","6,113","±1,572","5.9%","±1.5","(X)","(X)","6,134","±1,438","3.5%","±0.8","(X)","(X)","5,677","±1,414","5.2%","±1.3","(X)","(X)","14,690,563","±73,159","5.9%","±0.1"
"            Population 18 to 64 years","44,631","±1,031","2,494","±841","5.6%","±1.9","77,003","±1,195","3,885","±1,218","5.0%","±1.6","65,095","±920","3,405","±1,203","5.2%","±1.9","458,967","±1,389","10,784","±1,753","2.3%","±0.4","39,963","±584","2,682","±906","6.7%","±2.3","223,908","±1,263","11,657","±1,892","5.2%","±0.8","292,856","±1,292","9,154","±1,432","3.1%","±0.5","58,095","±677","3,143","±1,022","5.4%","±1.8","57,626","±985","1,990","±752","3.5%","±1.3","118,582","±2,505","6,110","±1,437","5.2%","±1.2","50,014","±812","918","±486","1.8%","±1.0","42,990","±1,165","3,120","±1,051","7.3%","±2.5","213,205","±1,505","6,937","±1,760","3.3%","±0.8","57,428","±1,069","4,313","±1,590","7.5%","±2.8","565,042","±1,701","23,753","±3,800","4.2%","±0.7","92,150","±1,184","4,435","±1,110","4.8%","±1.2","114,726","±1,091","5,436","±1,415","4.7%","±1.2","80,598","±930","2,971","±1,247","3.7%","±1.5","142,185","±628","3,019","±1,095","2.1%","±0.8","86,869","±1,147","3,189","±1,198","3.7%","±1.4","197,503,214","±33,702","7,399,130","±48,305","3.7%","±0.1"
"                Population 18 to 34 years","14,928","±829","726","±370","4.9%","±2.5","25,538","±1,129","794","±450","3.1%","±1.8","23,468","±1,075","167","±211","0.7%","±0.9","207,974","±1,056","3,140","±1,019","1.5%","±0.5","12,644","±424","476","±323","3.8%","±2.6","84,731","±1,273","2,280","±962","2.7%","±1.1","118,349","±1,206","1,184","±434","1.0%","±0.4","21,602","±799","705","±496","3.3%","±2.3","20,763","±953","403","±327","1.9%","±1.6","51,066","±2,333","2,401","±922","4.7%","±1.8","21,303","±826","192","±238","0.9%","±1.1","14,603","±605","756","±636","5.2%","±4.4","87,721","±1,875","1,860","±872","2.1%","±1.0","19,041","±1,121","991","±698","5.2%","±3.7","221,065","±1,020","6,069","±1,549","2.7%","±0.7","30,339","±953","1,127","±729","3.7%","±2.4","37,526","±831","2,153","±1,024","5.7%","±2.7","33,280","±1,149","1,110","±841","3.3%","±2.5","38,990","±757","877","±587","2.2%","±1.5","28,234","±1,252","644","±522","2.3%","±1.9","74,020,428","±40,229","2,027,970","±27,582","2.7%","±0.1"
"                Population 35 to 64 years","29,703","±561","1,768","±769","6.0%","±2.6","51,465","±654","3,091","±1,106","6.0%","±2.2","41,627","±1,088","3,238","±1,211","7.8%","±2.9","250,993","±856","7,644","±1,526","3.0%","±0.6","27,319","±641","2,206","±862","8.1%","±3.2","139,177","±1,266","9,377","±1,777","6.7%","±1.3","174,507","±1,125","7,970","±1,375","4.6%","±0.8","36,493","±793","2,438","±904","6.7%","±2.5","36,863","±1,050","1,587","±720","4.3%","±2.0","67,516","±1,962","3,709","±1,142","5.5%","±1.7","28,711","±1,053","726","±410","2.5%","±1.4","28,387","±1,015","2,364","±779","8.3%","±2.7","125,484","±1,604","5,077","±1,393","4.0%","±1.1","38,387","±746","3,322","±1,250","8.7%","±3.3","343,977","±1,232","17,684","±3,350","5.1%","±1.0","61,811","±873","3,308","±805","5.4%","±1.3","77,200","±1,125","3,283","±1,130","4.3%","±1.5","47,318","±1,159","1,861","±921","3.9%","±1.9","103,195","±1,034","2,142","±900","2.1%","±0.9","58,635","±1,506","2,545","±1,042","4.3%","±1.8","123,482,786","±47,507","5,371,160","±38,230","4.3%","±0.1"
"            Population 65 years and over","15,774","±536","3,233","±825","20.5%","±5.2","27,629","±569","4,334","±1,026","15.7%","±3.8","18,153","±578","3,476","±1,011","19.1%","±5.6","85,524","±802","11,707","±1,718","13.7%","±2.0","14,567","±471","2,622","±810","18.0%","±5.5","63,490","±788","13,503","±1,872","21.3%","±2.9","74,337","±897","11,981","±1,714","16.1%","±2.3","16,654","±431","2,767","±844","16.6%","±5.0","15,376","±636","1,380","±516","9.0%","±3.3","19,727","±700","3,032","±800","15.4%","±4.0","13,080","±633","2,045","±685","15.6%","±5.3","11,013","±443","1,360","±474","12.3%","±4.4","35,410","±1,228","4,217","±1,122","11.9%","±3.2","19,723","±469","2,902","±1,025","14.7%","±5.2","128,717","±840","21,053","±2,394","16.4%","±1.9","34,552","±652","5,485","±1,036","15.9%","±3.0","30,166","±736","4,729","±1,028","15.7%","±3.4","22,690","±463","3,142","±1,073","13.8%","±4.7","31,902","±759","3,115","±858","9.8%","±2.7","22,655","±879","2,488","±791","11.0%","±3.5","52,782,417","±26,301","7,291,433","±47,787","13.8%","±0.1"
"                Population 65 to 74 years","9,083","±470","1,046","±367","11.5%","±4.0","16,803","±542","1,106","±546","6.6%","±3.3","10,659","±402","1,270","±589","11.9%","±5.5","53,170","±869","4,698","±1,129","8.8%","±2.1","8,728","±361","678","±353","7.8%","±4.1","37,242","±546","4,176","±1,015","11.2%","±2.7","44,309","±744","2,778","±655","6.3%","±1.5","10,260","±372","1,129","±585","11.0%","±5.6","9,720","±561","592","±352","6.1%","±3.6","12,871","±762","826","±523","6.4%","±4.1","7,516","±359","561","±391","7.5%","±5.2","6,739","±357","410","±258","6.1%","±3.8","22,333","±1,222","1,535","±803","6.9%","±3.7","12,468","±393","1,249","±732","10.0%","±5.9","80,175","±936","7,815","±1,639","9.7%","±2.0","19,166","±508","2,048","±771","10.7%","±4.0","17,628","±450","1,495","±633","8.5%","±3.6","13,573","±344","781","±355","5.8%","±2.6","20,289","±682","601","±337","3.0%","±1.7","14,638","±682","885","±523","6.0%","±3.5","31,216,223","±24,889","2,302,102","±25,021","7.4%","±0.1"
"                Population 75 years and over","6,691","±357","2,187","±701","32.7%","±10.4","10,826","±312","3,228","±826","29.8%","±7.7","7,494","±360","2,206","±764","29.4%","±10.3","32,354","±880","7,009","±1,231","21.7%","±3.7","5,839","±288","1,944","±669","33.3%","±11.2","26,248","±862","9,327","±1,533","35.5%","±5.5","30,028","±676","9,203","±1,557","30.6%","±5.1","6,394","±537","1,638","±556","25.6%","±8.6","5,656","±529","788","±407","13.9%","±7.2","6,856","±509","2,206","±517","32.2%","±7.7","5,564","±505","1,484","±560","26.7%","±10.4","4,274","±305","950","±438","22.2%","±10.6","13,077","±675","2,682","±793","20.5%","±5.7","7,255","±282","1,653","±592","22.8%","±8.1","48,542","±655","13,238","±1,702","27.3%","±3.5","15,386","±393","3,437","±778","22.3%","±5.1","12,538","±676","3,234","±820","25.8%","±6.3","9,117","±367","2,361","±1,021","25.9%","±11.2","11,613","±301","2,514","±733","21.6%","±6.3","8,017","±700","1,603","±637","20.0%","±7.8","21,566,194","±17,007","4,989,331","±37,903","23.1%","±0.2"