"Label","Baldwin County, Alabama!!Total!!Estimate","Baldwin County, Alabama!!Total!!Margin of Error","Baldwin County, Alabama!!With a disability!!Estimate","Baldwin County, Alabama!!With a disability!!Margin of Error","Baldwin County, Alabama!!Percent with a disability!!Estimate","Baldwin County, Alabama!!Percent with a disability!!Margin of Error","Calhoun County, Alabama!!Total!!Estimate","Calhoun County, Alabama!!Total!!Margin of Error","Calhoun County, Alabama!!With a disability!!Estimate","Calhoun County, Alabama!!With a disability!!Margin of Error","Calhoun County, Alabama!!Percent with a disability!!Estimate","Calhoun County, Alabama!!Percent with a disability!!Margin of Error","Cullman County, Alabama!!Total!!Estimate","Cullman County, Alabama!!Total!!Margin of Error","Cullman County, Alabama!!With a disability!!Estimate","Cullman County, Alabama!!With a disability!!Margin of Error","Cullman County, Alabama!!Percent with a disability!!Estimate","Cullman County, Alabama!!Percent with a disability!!Margin of Error","DeKalb County, Alabama!!Total!!Estimate","DeKalb County, Alabama!!Total!!Margin of Error","DeKalb County, Alabama!!With a disability!!Estimate","DeKalb County, Alabama!!With a disability!!Margin of Error","DeKalb County, Alabama!!Percent with a disability!!Estimate","DeKalb County, Alabama!!Percent with a disability!!Margin of Error","Elmore County, Alabama!!Total!!Estimate","Elmore County, Alabama!!Total!!Margin of Error","Elmore County, Alabama!!With a disability!!Estimate","Elmore County, Alabama!!With a disability!!Margin of Error","Elmore County, Alabama!!Percent with a disability!!Estimate","Elmore County, Alabama!!Percent with a disability!!Margin of Error","Etowah County, Alabama!!Total!!Estimate","Etowah County, Alabama!!Total!!Margin of Error","Etowah County, Alabama!!With a disability!!Estimate","Etowah County, Alabama!!With a disability!!Margin of Error","Etowah County, Alabama!!Percent with a disability!!Estimate","Etowah County, Alabama!!Percent with a disability!!Margin of Error","Houston County, Alabama!!Total!!Estimate","Houston County, Alabama!!Total!!Margin of Error","Houston County, Alabama!!With a disability!!Estimate","Houston County, Alabama!!With a disability!!Margin of Error","Houston County, Alabama!!Percent with a disability!!Estimate","Houston County, Alabama!!Percent with a disability!!Margin of Error","Jefferson County, Alabama!!Total!!Estimate","Jefferson County, Alabama!!Total!!Margin of Error","Jefferson County, Alabama!!With a disability!!Estimate","Jefferson County, Alabama!!With a disability!!Margin of Error","Jefferson County, Alabama!!Percent with a disability!!Estimate","Jefferson County, Alabama!!Percent with a disability!!Margin of Error","Lauderdale County, Alabama!!Total!!Estimate","Lauderdale County, Alabama!!Total!!Margin of Error","Lauderdale County, Alabama!!With a disability!!Estimate","Lauderdale County, Alabama!!With a disability!!Margin of Error","Lauderdale County, Alabama!!Percent with a disability!!Estimate","Lauderdale County, Alabama!!Percent with a disability!!Margin of Error","Lee County, Alabama!!Total!!Estimate","Lee County, Alabama!!Total!!Margin of Error","Lee County, Alabama!!With a disability!!Estimate","Lee County, Alabama!!With a disability!!Margin of Error","Lee County, Alabama!!Percent with a disability!!Estimate","Lee County, Alabama!!Percent with a disability!!Margin of Error","Limestone County, Alabama!!Total!!Estimate","Limestone County, Alabama!!Total!!Margin of Error","Limestone County, Alabama!!With a disability!!Estimate","Limestone County, Alabama!!With a disability!!Margin of Error","Limestone County, Alabama!!Percent with a disability!!Estimate","Limestone County, Alabama!!Percent with a disability!!Margin of Error","Madison County, Alabama!!Total!!Estimate","Madison County, Alabama!!Total!!Margin of Error","Madison County, Alabama!!With a disability!!Estimate","Madison County, Alabama!!With a disability!!Margin of Error","Madison County, Alabama!!Percent with a disability!!Estimate","Madison County, Alabama!!Percent with a disability!!Margin of Error","Marshall County, Alabama!!Total!!Estimate","Marshall County, Alabama!!Total!!Margin of Error","Marshall County, Alabama!!With a disability!!Estimate","Marshall County, Alabama!!With a disability!!Margin of Error","Marshall County, Alabama!!Percent with a disability!!Estimate","Marshall County, Alabama!!Percent with a disability!!Margin of Error","Mobile County, Alabama!!Total!!Estimate","Mobile County, Alabama!!Total!!Margin of Error","Mobile County, Alabama!!With a disability!!Estimate","Mobile County, Alabama!!With a disability!!Margin of Error","Mobile County, Alabama!!Percent with a disability!!Estimate","Mobile County, Alabama!!Percent with a disability!!Margin of Error","Montgomery County, Alabama!!Total!!Estimate","Montgomery County, Alabama!!Total!!Margin of Error","Montgomery County, Alabama!!With a disability!!Estimate","Montgomery County, Alabama!!With a disability!!Margin of Error","Montgomery County, Alabama!!Percent with a disability!!Estimate","Montgomery County, Alabama!!Percent with a disability!!Margin of Error","Morgan County, Alabama!!Total!!Estimate","Morgan County, Alabama!!Total!!Margin of Error","Morgan County, Alabama!!With a disability!!Estimate","Morgan County, Alabama!!With a disability!!Margin of Error","Morgan County, Alabama!!Percent with a disability!!Estimate","Morgan County, Alabama!!Percent with a disability!!Margin of Error","St. Clair County, Alabama!!Total!!Estimate","St. Clair County, Alabama!!Total!!Margin of Error","St. Clair County, Alabama!!With a disability!!Estimate","St. Clair County, Alabama!!With a disability!!Margin of Error","St. Clair County, Alabama!!Percent with a disability!!Estimate","St. Clair County, Alabama!!Percent with a disability!!Margin of Error","Shelby County, Alabama!!Total!!Estimate","Shelby County, Alabama!!Total!!Margin of Error","Shelby County, Alabama!!With a disability!!Estimate","Shelby County, Alabama!!With a disability!!Margin of Error","Shelby County, Alabama!!Percent with a disability!!Estimate","Shelby County, Alabama!!Percent with a disability!!Margin of Error","Talladega County, Alabama!!Total!!Estimate","Talladega County, Alabama!!Total!!Margin of Error","Talladega County, Alabama!!With a disability!!Estimate","Talladega County, Alabama!!With a disability!!Margin of Error","Talladega County, Alabama!!Percent with a disability!!Estimate","Talladega County, Alabama!!Percent with a disability!!Margin of Error","Tuscaloosa County, Alabama!!Total!!Estimate","Tuscaloosa County, Alabama!!Total!!Margin of Error","Tuscaloosa County, Alabama!!With a disability!!Estimate","Tuscaloosa County, Alabama!!With a disability!!Margin of Error","Tuscaloosa County, Alabama!!Percent with a disability!!Estimate","Tuscaloosa County, Alabama!!Percent with a disability!!Margin of Error","Walker County, Alabama!!Total!!Estimate","Walker County, Alabama!!Total!!Margin of Error","Walker County, Alabama!!With a disability!!Estimate","Walker County, Alabama!!With a disability!!Margin of Error","Walker County, Alabama!!Percent with a disability!!Estimate","Walker County, Alabama!!Percent with a disability!!Margin of Error","United States!!Total!!Estimate","United States!!Total!!Margin of Error","United States!!With a disability!!Estimate","United States!!With a disability!!Margin of Error","United States!!Percent with a disability!!Estimate","United States!!Percent with a disability!!Margin of Error"
"Total civilian noninstitutionalized population","220,911","±1,474","31,901","±4,756","14.4%","±2.2","111,075","±1,241","22,269","±3,260","20.0%","±2.9","82,841","±827","14,480","±2,172","17.5%","±2.6","70,392","±791","7,583","±1,292","10.8%","±1.8","75,409","±1,381","9,707","±1,598","12.9%","±2.1","101,470","±336","15,944","±2,281","15.7%","±2.2","104,604","±829","16,704","±1,447","16.0%","±1.4","652,965","±1,756","97,239","±5,664","14.9%","±0.9","91,845","±608","13,737","±1,937","15.0%","±2.1","163,952","±390","18,878","±2,740","11.5%","±1.7","95,533","±1,096","13,871","±2,335","14.5%","±2.5","366,888","±1,383","48,624","±3,955","13.3%","±1.1","95,953","±340","13,244","±1,540","13.8%","±1.6","409,112","±865","55,137","±3,642","13.5%","±0.9","220,235","±2,154","28,502","±2,781","12.9%","±1.3","117,792","±1,310","17,606","±2,062","14.9%","±1.7","87,361","±748","13,658","±2,142","15.6%","±2.5","215,918","±1,231","24,431","±2,561","11.3%","±1.2","76,722","±1,875","20,102","±2,401","26.2%","±3.1","207,872","±1,358","27,176","±3,113","13.1%","±1.5","62,896","±520","17,381","±2,178","27.6%","±3.5","323,120,678","±17,674","41,089,958","±115,466","12.7%","±0.1"
"    SEX","","","","","","","","","","","","","","","","","","","","","","","","","","","","","","","","","","","","","","","","","","","","","","","","","","","","","","","","","","","","","","","","","","","","","","","","","","","","","","","","","","","","","","","","","","","","","","","","","","","","","","","","","","","","","","","","","","","","","","","","","","","","","","","","","","","",""
"        Male","106,961","±2,013","15,573","±2,788","14.6%","±2.5","52,442","±1,346","9,352","±1,829","17.8%","±3.5","39,954","±1,111","6,511","±1,139","16.3%","±2.8","34,864","±941","4,231","±823","12.1%","±2.4","35,994","±1,510","4,495","±970","12.5%","±2.6","48,771","±673","8,226","±1,507","16.9%","±3.1","49,786","±652","7,515","±1,143","15.1%","±2.3","308,093","±1,339","44,313","±3,278","14.4%","±1.1","44,515","±583","6,223","±1,261","14.0%","±2.8","82,028","±1,021","9,387","±2,078","11.4%","±2.5","45,802","±1,349","6,842","±1,500","14.9%","±3.2","176,789","±1,476","23,047","±2,727","13.0%","±1.5","46,121","±449","5,393","±949","11.7%","±2.1","193,353","±1,646","23,878","±2,233","12.3%","±1.2","101,918","±2,147","12,577","±1,662","12.3%","±1.6","57,451","±1,827","9,166","±1,438","16.0%","±2.6","41,293","±1,538","6,046","±1,311","14.6%","±3.3","103,911","±1,308","12,874","±1,823","12.4%","±1.8","37,049","±2,228","8,852","±1,544","23.9%","±4.1","100,096","±1,730","13,120","±2,146","13.1%","±2.2","31,114","±854","7,754","±1,207","24.9%","±3.9","157,833,027","±41,074","19,901,988","±72,503","12.6%","±0.1"
"        Female","113,950","±1,442","16,328","±2,883","14.3%","±2.6","58,633","±792","12,917","±2,026","22.0%","±3.5","42,887","±917","7,969","±1,563","18.6%","±3.6","35,528","±894","3,352","±975","9.4%","±2.8","39,415","±1,268","5,212","±1,283","13.2%","±3.3","52,699","±660","7,718","±1,275","14.6%","±2.4","54,818","±414","9,189","±831","16.8%","±1.5","344,872","±1,507","52,926","±4,133","15.3%","±1.2","47,330","±704","7,514","±1,309","15.9%","±2.9","81,924","±1,012","9,491","±1,748","11.6%","±2.1","49,731","±885","7,029","±1,424","14.1%","±2.9","190,099","±950","25,577","±2,627","13.5%","±1.4","49,832","±451","7,851","±1,299","15.8%","±2.6","215,759","±1,474","31,259","±2,669","14.5%","±1.2","118,317","±876","15,925","±2,147","13.5%","±1.8","60,341","±1,497","8,440","±1,353","14.0%","±2.1","46,068","±1,583","7,612","±1,284","16.5%","±2.8","112,007","±936","11,557","±1,503","10.3%","±1.3","39,673","±1,082","11,250","±1,716","28.4%","±4.3","107,776","±1,512","14,056","±1,887","13.0%","±1.8","31,782","±648","9,627","±1,485","30.3%","±4.6","165,287,651","±36,898","21,187,970","±68,127","12.8%","±0.1"
"    RACE AND HISPANIC OR LATINO ORIGIN","","","","","","","","","","","","","","","","","","","","","","","","","","","","","","","","","","","","","","","","","","","","","","","","","","","","","","","","","","","","","","","","","","","","","","","","","","","","","","","","","","","","","","","","","","","","","","","","","","","","","","","","","","","","","","","","","","","","","","","","","","","","","","","","","","","",""
"        White alone","189,325","±2,177","27,623","±4,141","14.6%","±2.2","80,403","±1,745","17,365","±3,111","21.6%","±3.9","78,892","±1,087","13,332","±2,088","16.9%","±2.6","58,715","±1,487","7,374","±1,296","12.6%","±2.2","58,869","±869","7,245","±1,488","12.3%","±2.5","79,432","±748","13,140","±2,005","16.5%","±2.5","70,844","±1,550","11,842","±1,167","16.7%","±1.6","338,890","±3,004","46,720","±3,213","13.8%","±1.0","78,351","±1,448","12,648","±1,826","16.1%","±2.4","116,272","±795","13,815","±2,168","11.9%","±1.9","75,432","±1,575","11,587","±2,142","15.4%","±2.9","246,303","±2,593","32,065","±2,952","13.0%","±1.2","89,431","±868","12,682","±1,531","14.2%","±1.7","237,711","±2,618","36,193","±3,095","15.2%","±1.3","75,206","±1,946","10,224","±1,430","13.6%","±1.9","96,279","±2,039","14,468","±1,657","15.0%","±1.7","76,493","±740","12,879","±2,082","16.8%","±2.7","172,931","±2,049","19,878","±2,131","11.5%","±1.2","48,816","±1,151","12,897","±1,989","26.4%","±4.1","133,638","±1,196","19,358","±2,208","14.5%","±1.7","56,279","±892","16,113","±2,134","28.6%","±3.7","233,212,096","±100,367","30,878,182","±102,831","13.2%","±0.1"
"        Black or African American alone","17,668","±1,915","2,050","±956","11.6%","±5.7","24,662","±1,386","4,119","±911","16.7%","±3.7","N","N","N","N","N","N","N","N","N","N","N","N","15,049","±869","2,169","±631","14.4%","±3.9","15,798","±696","2,552","±741","16.2%","±4.8","29,225","±637","4,192","±625","14.3%","±2.1","282,433","±1,861","46,682","±4,391","16.5%","±1.6","10,476","±762","815","±451","7.8%","±4.4","37,272","±1,289","4,336","±1,533","11.6%","±4.1","12,929","±882","1,415","±744","10.9%","±5.7","90,355","±2,002","12,633","±2,183","14.0%","±2.4","3,820","±535","179","±154","4.7%","±4.3","148,853","±2,165","16,246","±1,985","10.9%","±1.3","129,344","±2,150","17,188","±2,460","13.3%","±1.9","15,649","±1,383","1,876","±870","12.0%","±5.5","N","N","N","N","N","N","26,478","±1,682","3,133","±1,257","11.8%","±4.6","25,216","±1,372","6,463","±1,401","25.6%","±5.3","67,971","±976","7,539","±2,047","11.1%","±3.0","N","N","N","N","N","N","40,702,085","±78,149","5,743,213","±49,644","14.1%","±0.1"
"        American Indian and Alaska Native alone","N","N","N","N","N","N","N","N","N","N","N","N","N","N","N","N","N","N","N","N","N","N","N","N","N","N","N","N","N","N","N","N","N","N","N","N","N","N","N","N","N","N","N","N","N","N","N","N","N","N","N","N","N","N","N","N","N","N","N","N","N","N","N","N","N","N","2,331","±948","606","±508","26.0%","±19.5","N","N","N","N","N","N","N","N","N","N","N","N","N","N","N","N","N","N","N","N","N","N","N","N","N","N","N","N","N","N","N","N","N","N","N","N","N","N","N","N","N","N","N","N","N","N","N","N","N","N","N","N","N","N","2,777,677","±33,436","477,954","±11,142","17.2%","±0.4"
"        Asian alone","N","N","N","N","N","N","N","N","N","N","N","N","N","N","N","N","N","N","N","N","N","N","N","N","N","N","N","N","N","N","N","N","N","N","N","N","946","±193","64","±41","6.8%","±4.5","11,419","±847","787","±596","6.9%","±5.2","N","N","N","N","N","N","N","N","N","N","N","N","N","N","N","N","N","N","10,246","±804","1,711","±661","16.7%","±6.4","N","N","N","N","N","N","7,779","±1,347","795","±737","10.2%","±8.9","7,273","±587","355","±303","4.9%","±4.3","N","N","N","N","N","N","N","N","N","N","N","N","N","N","N","N","N","N","N","N","N","N","N","N","N","N","N","N","N","N","N","N","N","N","N","N","18,534,191","±40,253","1,342,054","±18,976","7.2%","±0.1"
"        Native Hawaiian and Other Pacific Islander alone","N","N","N","N","N","N","N","N","N","N","N","N","N","N","N","N","N","N","N","N","N","N","N","N","N","N","N","N","N","N","N","N","N","N","N","N","N","N","N","N","N","N","N","N","N","N","N","N","N","N","N","N","N","N","N","N","N","N","N","N","N","N","N","N","N","N","N","N","N","N","N","N","N","N","N","N","N","N","N","N","N","N","N","N","N","N","N","N","N","N","N","N","N","N","N","N","N","N","N","N","N","N","N","N","N","N","N","N","N","N","N","N","N","N","N","N","N","N","N","N","N","N","N","N","N","N","612,857","±17,678","64,782","±4,656","10.6%","±0.7"
"        Some other race alone","N","N","N","N","N","N","N","N","N","N","N","N","N","N","N","N","N","N","N","N","N","N","N","N","N","N","N","N","N","N","N","N","N","N","N","N","N","N","N","N","N","N","N","N","N","N","N","N","N","N","N","N","N","N","N","N","N","N","N","N","N","N","N","N","N","N","N","N","N","N","N","N","N","N","N","N","N","N","N","N","N","N","N","N","N","N","N","N","N","N","N","N","N","N","N","N","N","N","N","N","N","N","N","N","N","N","N","N","N","N","N","N","N","N","N","N","N","N","N","N","N","N","N","N","N","N","16,143,634","±121,900","1,357,581","±26,319","8.4%","±0.2"
"        Two or more races","N","N","N","N","N","N","N","N","N","N","N","N","N","N","N","N","N","N","N","N","N","N","N","N","N","N","N","N","N","N","N","N","N","N","N","N","1,874","±470","467","±320","24.9%","±15.1","9,296","±2,050","1,445","±657","15.5%","±6.6","N","N","N","N","N","N","N","N","N","N","N","N","N","N","N","N","N","N","9,926","±1,805","964","±541","9.7%","±5.6","N","N","N","N","N","N","8,376","±2,517","1,302","±563","15.5%","±6.8","N","N","N","N","N","N","N","N","N","N","N","N","N","N","N","N","N","N","N","N","N","N","N","N","N","N","N","N","N","N","N","N","N","N","N","N","N","N","N","N","N","N","11,138,138","±119,104","1,226,192","±23,616","11.0%","±0.2"
"        White alone, not Hispanic or Latino","183,610","±949","27,581","±4,128","15.0%","±2.2","79,067","±1,269","16,871","±3,057","21.3%","±3.9","75,880","±640","13,082","±2,007","17.2%","±2.6","56,513","±348","7,292","±1,289","12.9%","±2.3","56,699","±761","7,159","±1,476","12.6%","±2.6","78,490","±381","13,021","±1,981","16.6%","±2.5","67,749","±1,526","11,540","±1,128","17.0%","±1.6","322,337","±1,320","45,599","±3,225","14.1%","±1.0","77,612","±600","12,645","±1,827","16.3%","±2.4","110,898","±343","13,692","±2,165","12.3%","±2.0","72,676","±892","11,497","±2,139","15.8%","±2.9","235,707","±1,406","30,623","±2,844","13.0%","±1.2","76,228","±478","12,632","±1,529","16.6%","±2.0","230,338","±779","35,357","±3,094","15.4%","±1.3","70,843","±1,049","9,813","±1,366","13.9%","±1.9","88,353","±1,022","13,806","±1,671","15.6%","±1.9","75,874","±335","12,879","±2,082","17.0%","±2.7","166,902","±784","19,608","±2,103","11.7%","±1.3","47,843","±957","12,815","±1,994","26.8%","±4.2","126,240","±740","18,853","±2,216","14.9%","±1.7","55,858","±394","15,936","±2,078","28.5%","±3.7","194,023,129","±29,680","27,321,676","±104,964","14.1%","±0.1"
"        Hispanic or Latino (of any race)","N","N","N","N","N","N","N","N","N","N","N","N","N","N","N","N","N","N","N","N","N","N","N","N","N","N","N","N","N","N","N","N","N","N","N","N","3,595","±53","545","±321","15.2%","±8.9","26,820","±92","1,841","±641","6.9%","±2.4","N","N","N","N","N","N","N","N","N","N","N","N","N","N","N","N","N","N","19,178","±158","2,097","±848","10.9%","±4.4","N","N","N","N","N","N","12,443","±2","2,066","±986","16.6%","±7.9","N","N","N","N","N","N","N","N","N","N","N","N","N","N","N","N","N","N","12,635","±206","458","±374","3.6%","±3.0","N","N","N","N","N","N","N","N","N","N","N","N","N","N","N","N","N","N","59,686,770","±16,460","5,405,562","±47,616","9.1%","±0.1"
"    AGE","","","","","","","","","","","","","","","","","","","","","","","","","","","","","","","","","","","","","","","","","","","","","","","","","","","","","","","","","","","","","","","","","","","","","","","","","","","","","","","","","","","","","","","","","","","","","","","","","","","","","","","","","","","","","","","","","","","","","","","","","","","","","","","","","","","",""
"        Under 5 years","10,616","±926","0","±206","0.0%","±1.6","6,699","±200","46","±82","0.7%","±1.2","5,310","±610","0","±206","0.0%","±3.2","4,578","±552","0","±206","0.0%","±3.7","4,272","±557","0","±206","0.0%","±4.0","5,649","±524","0","±206","0.0%","±3.0","6,637","±37","99","±81","1.5%","±1.2","42,248","±114","0","±206","0.0%","±0.4","3,962","±390","23","±40","0.6%","±1.0","8,512","±2,505","0","±206","0.0%","±2.0","5,936","±677","44","±76","0.7%","±1.3","21,860","±146","45","±81","0.2%","±0.4","6,841","±360","0","±206","0.0%","±2.5","27,444","±979","50","±82","0.2%","±0.3","14,404","±813","0","±206","0.0%","±1.2","7,355","±558","0","±206","0.0%","±2.3","5,005","±665","0","±206","0.0%","±3.4","11,688","±696","0","±206","0.0%","±1.5","4,576","±609","0","±206","0.0%","±3.7","12,280","±745","0","±206","0.0%","±1.4","3,574","±510","209","±335","5.8%","±9.5","19,401,454","±22,231","138,659","±7,336","0.7%","±0.1"
"        5 to 17 years","36,210","±948","2,538","±1,538","7.0%","±4.2","17,635","±292","895","±647","5.1%","±3.7","13,457","±613","477","±280","3.5%","±2.1","12,856","±301","280","±229","2.2%","±1.8","13,772","±655","354","±308","2.6%","±2.3","16,254","±552","498","±402","3.1%","±2.5","17,578","±112","1,312","±544","7.5%","±3.1","106,933","±174","5,809","±1,501","5.4%","±1.4","14,293","±1,229","214","±174","1.5%","±1.2","26,168","±2,499","1,083","±655","4.1%","±2.6","16,419","±1,062","516","±323","3.1%","±1.9","58,771","±197","4,859","±1,492","8.3%","±2.5","17,487","±359","121","±89","0.7%","±0.5","68,778","±1,024","3,227","±920","4.7%","±1.3","38,391","±866","1,524","±560","4.0%","±1.5","19,592","±561","916","±435","4.7%","±2.2","15,171","±665","411","±354","2.7%","±2.3","38,561","±697","2,042","±806","5.3%","±2.1","12,374","±557","2,085","±1,129","16.8%","±9.2","31,659","±746","1,549","±738","4.9%","±2.3","10,599","±628","869","±487","8.2%","±4.6","53,433,593","±32,613","3,006,292","±34,953","5.6%","±0.1"
"        18 to 34 years","40,659","±1,653","3,850","±1,763","9.5%","±4.3","24,227","±862","1,720","±910","7.1%","±3.7","16,526","±600","1,549","±785","9.4%","±4.7","15,026","±977","1,244","±519","8.3%","±3.5","16,541","±1,020","1,035","±613","6.3%","±3.8","20,814","±780","983","±489","4.7%","±2.3","21,558","±411","1,750","±630","8.1%","±2.9","152,219","±773","11,159","±2,167","7.3%","±1.4","20,729","±499","1,327","±713","6.4%","±3.5","50,957","±2,051","3,470","±1,423","6.8%","±2.8","19,611","±1,396","1,957","±975","10.0%","±5.0","85,219","±1,162","5,576","±1,467","6.5%","±1.7","19,600","±950","739","±419","3.8%","±2.1","93,608","±1,406","4,241","±1,109","4.5%","±1.2","52,214","±1,280","2,188","±821","4.2%","±1.6","21,994","±413","1,450","±743","6.6%","±3.4","17,802","±1,180","1,728","±871","9.7%","±4.8","44,569","±1,871","4,043","±1,309","9.1%","±2.9","15,504","±968","2,579","±827","16.6%","±5.2","63,667","±1,041","3,453","±1,015","5.4%","±1.6","11,676","±473","1,455","±532","12.5%","±4.6","74,020,428","±40,229","4,970,992","±46,138","6.7%","±0.1"
"        35 to 64 years","86,588","±1,992","11,393","±2,480","13.2%","±2.9","42,369","±928","10,368","±1,988","24.5%","±4.8","32,502","±822","6,352","±1,257","19.5%","±3.8","26,421","±742","2,906","±866","11.0%","±3.2","28,462","±1,168","4,278","±1,152","15.0%","±4.1","39,178","±878","8,499","±1,549","21.7%","±4.0","40,209","±320","6,918","±791","17.2%","±2.0","245,925","±1,986","39,925","±3,581","16.2%","±1.5","33,833","±743","5,570","±1,117","16.5%","±3.4","57,734","±2,046","7,254","±1,902","12.6%","±3.2","37,825","±1,607","5,256","±1,313","13.9%","±3.5","144,374","±1,223","18,846","±2,425","13.1%","±1.7","35,843","±977","6,092","±1,208","17.0%","±3.4","152,653","±1,410","23,523","±2,496","15.4%","±1.6","80,407","±1,453","12,253","±2,262","15.2%","±2.8","47,668","±1,524","7,582","±1,615","15.9%","±3.3","35,176","±1,099","5,114","±1,347","14.5%","±3.8","86,134","±1,821","7,735","±1,405","9.0%","±1.6","30,105","±1,388","8,099","±1,410","26.9%","±4.8","72,164","±1,107","11,209","±2,227","15.5%","±3.1","25,221","±737","8,212","±1,544","32.6%","±6.2","123,482,786","±47,507","15,303,033","±71,361","12.4%","±0.1"
"        65 to 74 years","28,682","±1,293","6,070","±1,348","21.2%","±4.7","12,017","±406","3,974","±1,165","33.1%","±9.5","8,973","±283","3,235","±1,107","36.1%","±12.4","6,970","±176","1,247","±495","17.9%","±7.1","7,587","±445","2,060","±512","27.2%","±6.6","11,278","±465","2,551","±711","22.6%","±6.1","11,017","±186","2,821","±466","25.6%","±4.2","64,247","±1,043","18,961","±1,925","29.5%","±2.8","11,248","±857","2,878","±799","25.6%","±7.8","12,800","±892","3,123","±1,004","24.4%","±7.5","9,314","±1,221","2,895","±694","31.1%","±7.9","33,694","±1,017","9,491","±1,596","28.2%","±4.4","9,627","±465","3,153","±634","32.8%","±7.2","39,979","±666","10,256","±1,501","25.7%","±3.7","20,937","±377","5,998","±966","28.6%","±4.6","11,789","±454","2,993","±775","25.4%","±6.2","8,803","±564","3,511","±930","39.9%","±10.9","21,859","±793","4,878","±794","22.3%","±3.7","8,536","±620","3,687","±898","43.2%","±9.4","17,575","±397","5,258","±1,075","29.9%","±6.2","6,946","±288","3,124","±585","45.0%","±8.2","31,216,223","±24,889","7,522,485","±44,879","24.1%","±0.1"
"        75 years and over","18,156","±805","8,050","±1,645","44.3%","±9.0","8,128","±387","5,266","±767","64.8%","±8.5","6,073","±177","2,867","±600","47.2%","±9.6","4,541","±293","1,906","±514","42.0%","±10.9","4,775","±385","1,980","±499","41.5%","±10.0","8,297","±535","3,413","±713","41.1%","±8.2","7,605","±363","3,804","±527","50.0%","±6.6","41,393","±734","21,385","±1,811","51.7%","±4.2","7,780","±397","3,725","±826","47.9%","±10.5","7,781","±808","3,948","±1,129","50.7%","±12.4","6,428","±871","3,203","±785","49.8%","±10.4","22,970","±840","9,807","±1,135","42.7%","±4.6","6,555","±295","3,139","±695","47.9%","±10.0","26,650","±570","13,840","±1,312","51.9%","±4.4","13,882","±433","6,539","±902","47.1%","±6.6","9,394","±867","4,665","±1,110","49.7%","±9.8","5,404","±162","2,894","±779","53.6%","±14.4","13,107","±586","5,733","±969","43.7%","±7.0","5,627","±650","3,652","±645","64.9%","±12.0","10,527","±343","5,707","±796","54.2%","±7.7","4,880","±251","3,512","±515","72.0%","±9.0","21,566,194","±17,007","10,148,497","±50,504","47.1%","±0.2"
"    DISABILITY TYPE BY DETAILED AGE","","","","","","","","","","","","","","","","","","","","","","","","","","","","","","","","","","","","","","","","","","","","","","","","","","","","","","","","","","","","","","","","","","","","","","","","","","","","","","","","","","","","","","","","","","","","","","","","","","","","","","","","","","","","","","","","","","","","","","","","","","","","","","","","","","","",""
"        With a hearing difficulty","(X)","(X)","10,749","±1,987","4.9%","±0.9","(X)","(X)","7,367","±1,673","6.6%","±1.5","(X)","(X)","4,637","±1,417","5.6%","±1.7","(X)","(X)","1,509","±462","2.1%","±0.7","(X)","(X)","3,157","±1,061","4.2%","±1.4","(X)","(X)","4,654","±964","4.6%","±1.0","(X)","(X)","4,760","±783","4.6%","±0.8","(X)","(X)","24,316","±2,254","3.7%","±0.3","(X)","(X)","3,965","±984","4.3%","±1.1","(X)","(X)","5,379","±1,284","3.3%","±0.8","(X)","(X)","4,948","±1,188","5.2%","±1.3","(X)","(X)","12,529","±1,647","3.4%","±0.4","(X)","(X)","3,629","±801","3.8%","±0.8","(X)","(X)","15,207","±1,696","3.7%","±0.4","(X)","(X)","6,767","±1,519","3.1%","±0.7","(X)","(X)","5,140","±1,188","4.4%","±1.0","(X)","(X)","4,413","±1,128","5.1%","±1.3","(X)","(X)","7,684","±1,574","3.6%","±0.7","(X)","(X)","4,069","±1,112","5.3%","±1.5","(X)","(X)","5,937","±1,370","2.9%","±0.7","(X)","(X)","5,318","±1,313","8.5%","±2.1","(X)","(X)","11,495,247","±58,968","3.6%","±0.1"
"            Population under 18 years","46,826","±113","413","±395","0.9%","±0.8","24,334","±212","78","±134","0.3%","±0.6","18,767","±99","0","±206","0.0%","±0.9","17,434","±545","0","±206","0.0%","±1.0","18,044","±438","0","±206","0.0%","±1.0","21,903","±287","0","±206","0.0%","±0.8","24,215","±100","448","±448","1.9%","±1.8","149,181","±232","653","±416","0.4%","±0.3","18,255","±1,069","100","±136","0.5%","±0.7","34,680","±56","0","±206","0.0%","±0.5","22,355","±950","0","±206","0.0%","±0.8","80,631","±126","576","±503","0.7%","±0.6","24,328","±16","13","±16","0.1%","±0.1","96,222","±178","97","±117","0.1%","±0.1","52,795","±276","0","±206","0.0%","±0.3","26,947","±50","0","±206","0.0%","±0.6","20,176","±2","0","±206","0.0%","±0.9","50,249","±5","188","±273","0.4%","±0.5","16,950","±228","328","±482","1.9%","±2.8","43,939","±385","0","±206","0.0%","±0.4","14,173","±400","145","±202","1.0%","±1.4","72,835,047","±33,175","401,932","±13,537","0.6%","±0.1"
"                Population under 5 years","10,616","±926","0","±206","0.0%","±1.6","6,699","±200","0","±206","0.0%","±2.6","5,310","±610","0","±206","0.0%","±3.2","4,578","±552","0","±206","0.0%","±3.7","4,272","±557","0","±206","0.0%","±4.0","5,649","±524","0","±206","0.0%","±3.0","6,637","±37","55","±66","0.8%","±1.0","42,248","±114","0","±206","0.0%","±0.4","3,962","±390","23","±40","0.6%","±1.0","8,512","±2,505","0","±206","0.0%","±2.0","5,936","±677","0","±206","0.0%","±2.9","21,860","±146","45","±81","0.2%","±0.4","6,841","±360","0","±206","0.0%","±2.5","27,444","±979","0","±206","0.0%","±0.6","14,404","±813","0","±206","0.0%","±1.2","7,355","±558","0","±206","0.0%","±2.3","5,005","±665","0","±206","0.0%","±3.4","11,688","±696","0","±206","0.0%","±1.5","4,576","±609","0","±206","0.0%","±3.7","12,280","±745","0","±206","0.0%","±1.4","3,574","±510","0","±206","0.0%","±4.8","19,401,454","±22,231","95,422","±6,236","0.5%","±0.1"
"                Population 5 to 17 years","36,210","±948","413","±395","1.1%","±1.1","17,635","±292","78","±134","0.4%","±0.8","13,457","±613","0","±206","0.0%","±1.3","12,856","±301","0","±206","0.0%","±1.3","13,772","±655","0","±206","0.0%","±1.3","16,254","±552","0","±206","0.0%","±1.1","17,578","±112","393","±446","2.2%","±2.5","106,933","±174","653","±416","0.6%","±0.4","14,293","±1,229","77","±128","0.5%","±0.9","26,168","±2,499","0","±206","0.0%","±0.7","16,419","±1,062","0","±206","0.0%","±1.1","58,771","±197","531","±496","0.9%","±0.8","17,487","±359","13","±16","0.1%","±0.1","68,778","±1,024","97","±117","0.1%","±0.2","38,391","±866","0","±206","0.0%","±0.5","19,592","±561","0","±206","0.0%","±0.9","15,171","±665","0","±206","0.0%","±1.1","38,561","±697","188","±273","0.5%","±0.7","12,374","±557","328","±482","2.7%","±3.9","31,659","±746","0","±206","0.0%","±0.6","10,599","±628","145","±202","1.4%","±1.9","53,433,593","±32,613","306,510","±10,945","0.6%","±0.1"
"            Population 18 to 64 years","127,247","±1,807","3,431","±1,031","2.7%","±0.8","66,596","±1,172","2,618","±1,218","3.9%","±1.8","49,028","±801","1,593","±752","3.2%","±1.5","41,447","±748","387","±223","0.9%","±0.5","45,003","±1,448","1,810","±932","4.0%","±2.1","59,992","±605","2,019","±723","3.4%","±1.2","61,767","±621","1,655","±449","2.7%","±0.7","398,144","±2,030","7,984","±1,910","2.0%","±0.5","54,562","±904","1,251","±578","2.3%","±1.1","108,691","±623","2,612","±1,139","2.4%","±1.0","57,436","±1,310","1,494","±734","2.6%","±1.3","229,593","±1,583","5,189","±1,262","2.3%","±0.6","55,443","±476","1,244","±541","2.2%","±1.0","246,261","±1,082","5,226","±1,222","2.1%","±0.5","132,621","±2,182","3,273","±1,126","2.5%","±0.8","69,662","±1,601","1,871","±733","2.7%","±1.0","52,978","±817","1,274","±615","2.4%","±1.2","130,703","±1,314","3,233","±1,056","2.5%","±0.8","45,609","±1,768","2,183","±890","4.8%","±2.0","135,831","±1,373","2,072","±897","1.5%","±0.7","36,897","±691","2,517","±987","6.8%","±2.7","197,503,214","±33,702","3,866,792","±42,373","2.0%","±0.1"
"                Population 18 to 34 years","40,659","±1,653","384","±402","0.9%","±1.0","24,227","±862","470","±389","1.9%","±1.6","16,526","±600","580","±575","3.5%","±3.5","15,026","±977","71","±130","0.5%","±0.9","16,541","±1,020","0","±206","0.0%","±1.1","20,814","±780","244","±322","1.2%","±1.5","21,558","±411","339","±258","1.6%","±1.2","152,219","±773","1,416","±736","0.9%","±0.5","20,729","±499","0","±206","0.0%","±0.8","50,957","±2,051","410","±390","0.8%","±0.8","19,611","±1,396","385","±404","2.0%","±2.1","85,219","±1,162","1,040","±603","1.2%","±0.7","19,600","±950","89","±135","0.5%","±0.7","93,608","±1,406","397","±329","0.4%","±0.4","52,214","±1,280","246","±303","0.5%","±0.6","21,994","±413","381","±250","1.7%","±1.1","17,802","±1,180","257","±318","1.4%","±1.8","44,569","±1,871","917","±583","2.1%","±1.3","15,504","±968","461","±412","3.0%","±2.7","63,667","±1,041","87","±97","0.1%","±0.2","11,676","±473","322","±319","2.8%","±2.7","74,020,428","±40,229","629,160","±17,786","0.8%","±0.1"
"                Population 35 to 64 years","86,588","±1,992","3,047","±853","3.5%","±1.0","42,369","±928","2,148","±1,174","5.1%","±2.8","32,502","±822","1,013","±448","3.1%","±1.4","26,421","±742","316","±203","1.2%","±0.8","28,462","±1,168","1,810","±932","6.4%","±3.3","39,178","±878","1,775","±644","4.5%","±1.7","40,209","±320","1,316","±360","3.3%","±0.9","245,925","±1,986","6,568","±1,567","2.7%","±0.6","33,833","±743","1,251","±578","3.7%","±1.7","57,734","±2,046","2,202","±999","3.8%","±1.7","37,825","±1,607","1,109","±590","2.9%","±1.6","144,374","±1,223","4,149","±1,141","2.9%","±0.8","35,843","±977","1,155","±516","3.2%","±1.4","152,653","±1,410","4,829","±1,204","3.2%","±0.8","80,407","±1,453","3,027","±1,079","3.8%","±1.3","47,668","±1,524","1,490","±652","3.1%","±1.3","35,176","±1,099","1,017","±516","2.9%","±1.4","86,134","±1,821","2,316","±891","2.7%","±1.0","30,105","±1,388","1,722","±744","5.7%","±2.5","72,164","±1,107","1,985","±890","2.8%","±1.2","25,221","±737","2,195","±870","8.7%","±3.5","123,482,786","±47,507","3,237,632","±35,535","2.6%","±0.1"
"            Population 65 years and over","46,838","±1,373","6,905","±1,520","14.7%","±3.2","20,145","±315","4,671","±1,111","23.2%","±5.5","15,046","±418","3,044","±1,257","20.2%","±8.4","11,511","±297","1,122","±449","9.7%","±3.9","12,362","±463","1,347","±458","10.9%","±3.7","19,575","±497","2,635","±623","13.5%","±3.2","18,622","±533","2,657","±459","14.3%","±2.4","105,640","±1,173","15,679","±1,925","14.8%","±1.8","19,028","±820","2,614","±794","13.7%","±4.3","20,581","±667","2,767","±806","13.4%","±3.9","15,742","±1,347","3,454","±891","21.9%","±5.9","56,664","±798","6,764","±1,045","11.9%","±1.8","16,182","±476","2,372","±593","14.7%","±3.7","66,629","±710","9,884","±1,154","14.8%","±1.7","34,819","±543","3,494","±916","10.0%","±2.7","21,183","±888","3,269","±953","15.4%","±4.3","14,207","±602","3,139","±980","22.1%","±7.0","34,966","±738","4,263","±1,045","12.2%","±3.0","14,163","±322","1,558","±522","11.0%","±3.7","28,102","±548","3,865","±964","13.8%","±3.4","11,826","±403","2,656","±681","22.5%","±5.7","52,782,417","±26,301","7,226,523","±35,464","13.7%","±0.1"
"                Population 65 to 74 years","28,682","±1,293","2,782","±885","9.7%","±3.1","12,017","±406","1,926","±764","16.0%","±6.3","8,973","±283","1,588","±926","17.7%","±10.3","6,970","±176","576","±337","8.3%","±4.8","7,587","±445","849","±344","11.2%","±4.5","11,278","±465","1,078","±405","9.6%","±3.5","11,017","±186","996","±291","9.0%","±2.6","64,247","±1,043","7,009","±1,226","10.9%","±1.9","11,248","±857","1,428","±596","12.7%","±5.5","12,800","±892","988","±614","7.7%","±4.7","9,314","±1,221","1,482","±623","15.9%","±6.9","33,694","±1,017","2,184","±570","6.5%","±1.7","9,627","±465","1,122","±459","11.7%","±4.9","39,979","±666","3,877","±868","9.7%","±2.2","20,937","±377","1,366","±661","6.5%","±3.2","11,789","±454","1,458","±582","12.4%","±4.9","8,803","±564","1,339","±621","15.2%","±7.1","21,859","±793","1,810","±491","8.3%","±2.3","8,536","±620","921","±467","10.8%","±5.4","17,575","±397","1,217","±429","6.9%","±2.4","6,946","±288","910","±347","13.1%","±4.8","31,216,223","±24,889","2,681,672","±22,286","8.6%","±0.1"
"                Population 75 years and over","18,156","±805","4,123","±1,226","22.7%","±6.8","8,128","±387","2,745","±762","33.8%","±9.5","6,073","±177","1,456","±534","24.0%","±8.8","4,541","±293","546","±256","12.0%","±5.7","4,775","±385","498","±273","10.4%","±5.7","8,297","±535","1,557","±521","18.8%","±6.2","7,605","±363","1,661","±348","21.8%","±4.5","41,393","±734","8,670","±1,381","20.9%","±3.3","7,780","±397","1,186","±558","15.2%","±7.3","7,781","±808","1,779","±588","22.9%","±7.3","6,428","±871","1,972","±758","30.7%","±10.5","22,970","±840","4,580","±1,013","19.9%","±4.3","6,555","±295","1,250","±401","19.1%","±6.1","26,650","±570","6,007","±855","22.5%","±3.0","13,882","±433","2,128","±582","15.3%","±4.4","9,394","±867","1,811","±738","19.3%","±7.1","5,404","±162","1,800","±781","33.3%","±14.4","13,107","±586","2,453","±899","18.7%","±7.0","5,627","±650","637","±316","11.3%","±5.7","10,527","±343","2,648","±919","25.2%","±8.6","4,880","±251","1,746","±603","35.8%","±12.4","21,566,194","±17,007","4,544,851","±35,135","21.1%","±0.2"
"        With a vision difficulty","(X)","(X)","5,281","±2,315","2.4%","±1.0","(X)","(X)","4,549","±1,568","4.1%","±1.4","(X)","(X)","2,333","±933","2.8%","±1.1","(X)","(X)","1,842","±746","2.6%","±1.1","(X)","(X)","1,921","±712","2.5%","±0.9","(X)","(X)","3,377","±920","3.3%","±0.9","(X)","(X)","2,643","±430","2.5%","±0.4","(X)","(X)","21,487","±2,859","3.3%","±0.4","(X)","(X)","2,115","±800","2.3%","±0.9","(X)","(X)","2,896","±948","1.8%","±0.6","(X)","(X)","2,955","±1,159","3.1%","±1.2","(X)","(X)","7,744","±1,887","2.1%","±0.5","(X)","(X)","2,301","±699","2.4%","±0.7","(X)","(X)","9,570","±1,774","2.3%","±0.4","(X)","(X)","4,270","±977","1.9%","±0.4","(X)","(X)","2,936","±1,110","2.5%","±0.9","(X)","(X)","3,187","±1,099","3.6%","±1.3","(X)","(X)","3,804","±1,110","1.8%","±0.5","(X)","(X)","4,913","±1,401","6.4%","±1.8","(X)","(X)","4,224","±1,135","2.0%","±0.5","(X)","(X)","6,237","±1,691","9.9%","±2.7","(X)","(X)","7,467,040","±58,337","2.3%","±0.1"
"            Population under 18 years","46,826","±113","626","±983","1.3%","±2.1","24,334","±212","114","±140","0.5%","±0.6","18,767","±99","84","±99","0.4%","±0.5","17,434","±545","110","±161","0.6%","±0.9","18,044","±438","0","±206","0.0%","±1.0","21,903","±287","23","±41","0.1%","±0.2","24,215","±100","162","±121","0.7%","±0.5","149,181","±232","1,284","±598","0.9%","±0.4","18,255","±1,069","104","±141","0.6%","±0.8","34,680","±56","399","±399","1.2%","±1.2","22,355","±950","260","±241","1.2%","±1.1","80,631","±126","726","±405","0.9%","±0.5","24,328","±16","24","±26","0.1%","±0.1","96,222","±178","460","±384","0.5%","±0.4","52,795","±276","189","±231","0.4%","±0.4","26,947","±50","179","±203","0.7%","±0.8","20,176","±2","285","±317","1.4%","±1.6","50,249","±5","197","±199","0.4%","±0.4","16,950","±228","248","±403","1.5%","±2.4","43,939","±385","248","±309","0.6%","±0.7","14,173","±400","318","±511","2.2%","±3.6","72,835,047","±33,175","547,083","±17,074","0.8%","±0.1"
"                Population under 5 years","10,616","±926","0","±206","0.0%","±1.6","6,699","±200","46","±82","0.7%","±1.2","5,310","±610","0","±206","0.0%","±3.2","4,578","±552","0","±206","0.0%","±3.7","4,272","±557","0","±206","0.0%","±4.0","5,649","±524","0","±206","0.0%","±3.0","6,637","±37","44","±56","0.7%","±0.8","42,248","±114","0","±206","0.0%","±0.4","3,962","±390","0","±206","0.0%","±4.3","8,512","±2,505","0","±206","0.0%","±2.0","5,936","±677","44","±76","0.7%","±1.3","21,860","±146","45","±81","0.2%","±0.4","6,841","±360","0","±206","0.0%","±2.5","27,444","±979","50","±82","0.2%","±0.3","14,404","±813","0","±206","0.0%","±1.2","7,355","±558","0","±206","0.0%","±2.3","5,005","±665","0","±206","0.0%","±3.4","11,688","±696","0","±206","0.0%","±1.5","4,576","±609","0","±206","0.0%","±3.7","12,280","±745","0","±206","0.0%","±1.4","3,574","±510","209","±335","5.8%","±9.5","19,401,454","±22,231","75,769","±5,791","0.4%","±0.1"
"                Population 5 to 17 years","36,210","±948","626","±983","1.7%","±2.7","17,635","±292","68","±115","0.4%","±0.7","13,457","±613","84","±99","0.6%","±0.7","12,856","±301","110","±161","0.9%","±1.3","13,772","±655","0","±206","0.0%","±1.3","16,254","±552","23","±41","0.1%","±0.3","17,578","±112","118","±96","0.7%","±0.5","106,933","±174","1,284","±598","1.2%","±0.6","14,293","±1,229","104","±141","0.7%","±1.0","26,168","±2,499","399","±399","1.5%","±1.5","16,419","±1,062","216","±228","1.3%","±1.4","58,771","±197","681","±394","1.2%","±0.7","17,487","±359","24","±26","0.1%","±0.1","68,778","±1,024","410","±401","0.6%","±0.6","38,391","±866","189","±231","0.5%","±0.6","19,592","±561","179","±203","0.9%","±1.0","15,171","±665","285","±317","1.9%","±2.1","38,561","±697","197","±199","0.5%","±0.5","12,374","±557","248","±403","2.0%","±3.3","31,659","±746","248","±309","0.8%","±1.0","10,599","±628","109","±182","1.0%","±1.7","53,433,593","±32,613","471,314","±15,522","0.9%","±0.1"
"            Population 18 to 64 years","127,247","±1,807","1,623","±931","1.3%","±0.7","66,596","±1,172","3,298","±1,290","5.0%","±1.9","49,028","±801","1,253","±695","2.6%","±1.4","41,447","±748","1,162","±627","2.8%","±1.5","45,003","±1,448","1,055","±676","2.3%","±1.5","59,992","±605","1,725","±640","2.9%","±1.1","61,767","±621","1,486","±322","2.4%","±0.5","398,144","±2,030","10,873","±2,012","2.7%","±0.5","54,562","±904","1,221","±679","2.2%","±1.3","108,691","±623","935","±524","0.9%","±0.5","57,436","±1,310","1,347","±754","2.3%","±1.3","229,593","±1,583","3,898","±1,347","1.7%","±0.6","55,443","±476","1,148","±501","2.1%","±0.9","246,261","±1,082","4,870","±1,228","2.0%","±0.5","132,621","±2,182","2,305","±843","1.7%","±0.6","69,662","±1,601","1,452","±688","2.1%","±1.0","52,978","±817","1,731","±777","3.3%","±1.5","130,703","±1,314","2,192","±940","1.7%","±0.7","45,609","±1,768","3,224","±1,088","7.1%","±2.4","135,831","±1,373","2,658","±949","2.0%","±0.7","36,897","±691","4,257","±1,354","11.5%","±3.7","197,503,214","±33,702","3,755,672","±36,041","1.9%","±0.1"
"                Population 18 to 34 years","40,659","±1,653","650","±672","1.6%","±1.7","24,227","±862","600","±602","2.5%","±2.5","16,526","±600","193","±196","1.2%","±1.2","15,026","±977","620","±344","4.1%","±2.3","16,541","±1,020","167","±237","1.0%","±1.5","20,814","±780","35","±60","0.2%","±0.3","21,558","±411","300","±156","1.4%","±0.7","152,219","±773","3,472","±1,271","2.3%","±0.8","20,729","±499","331","±328","1.6%","±1.6","50,957","±2,051","143","±165","0.3%","±0.3","19,611","±1,396","312","±295","1.6%","±1.5","85,219","±1,162","1,070","±795","1.3%","±0.9","19,600","±950","59","±52","0.3%","±0.3","93,608","±1,406","896","±610","1.0%","±0.6","52,214","±1,280","524","±312","1.0%","±0.6","21,994","±413","36","±60","0.2%","±0.3","17,802","±1,180","368","±381","2.1%","±2.1","44,569","±1,871","947","±620","2.1%","±1.4","15,504","±968","447","±421","2.9%","±2.7","63,667","±1,041","775","±587","1.2%","±0.9","11,676","±473","1,148","±508","9.8%","±4.4","74,020,428","±40,229","905,570","±17,977","1.2%","±0.1"
"                Population 35 to 64 years","86,588","±1,992","973","±584","1.1%","±0.7","42,369","±928","2,698","±884","6.4%","±2.1","32,502","±822","1,060","±650","3.3%","±2.0","26,421","±742","542","±360","2.1%","±1.4","28,462","±1,168","888","±632","3.1%","±2.2","39,178","±878","1,690","±636","4.3%","±1.6","40,209","±320","1,186","±317","2.9%","±0.8","245,925","±1,986","7,401","±1,672","3.0%","±0.7","33,833","±743","890","±591","2.6%","±1.8","57,734","±2,046","792","±494","1.4%","±0.9","37,825","±1,607","1,035","±702","2.7%","±1.8","144,374","±1,223","2,828","±1,039","2.0%","±0.7","35,843","±977","1,089","±496","3.0%","±1.4","152,653","±1,410","3,974","±1,151","2.6%","±0.8","80,407","±1,453","1,781","±756","2.2%","±0.9","47,668","±1,524","1,416","±672","3.0%","±1.4","35,176","±1,099","1,363","±622","3.9%","±1.8","86,134","±1,821","1,245","±554","1.4%","±0.6","30,105","±1,388","2,777","±913","9.2%","±3.1","72,164","±1,107","1,883","±765","2.6%","±1.1","25,221","±737","3,109","±1,113","12.3%","±4.4","123,482,786","±47,507","2,850,102","±31,917","2.3%","±0.1"
"            Population 65 years and over","46,838","±1,373","3,032","±1,185","6.5%","±2.5","20,145","±315","1,137","±627","5.6%","±3.1","15,046","±418","996","±461","6.6%","±3.1","11,511","±297","570","±384","5.0%","±3.3","12,362","±463","866","±386","7.0%","±3.1","19,575","±497","1,629","±676","8.3%","±3.4","18,622","±533","995","±278","5.3%","±1.5","105,640","±1,173","9,330","±1,716","8.8%","±1.6","19,028","±820","790","±459","4.2%","±2.4","20,581","±667","1,562","±629","7.6%","±3.1","15,742","±1,347","1,348","±743","8.6%","±4.6","56,664","±798","3,120","±798","5.5%","±1.4","16,182","±476","1,129","±448","7.0%","±2.8","66,629","±710","4,240","±1,078","6.4%","±1.6","34,819","±543","1,776","±638","5.1%","±1.8","21,183","±888","1,305","±708","6.2%","±3.3","14,207","±602","1,171","±555","8.2%","±4.0","34,966","±738","1,415","±682","4.0%","±2.0","14,163","±322","1,441","±551","10.2%","±3.9","28,102","±548","1,318","±464","4.7%","±1.6","11,826","±403","1,662","±664","14.1%","±5.6","52,782,417","±26,301","3,164,285","±37,162","6.0%","±0.1"
"                Population 65 to 74 years","28,682","±1,293","997","±645","3.5%","±2.2","12,017","±406","646","±479","5.4%","±4.0","8,973","±283","179","±180","2.0%","±2.0","6,970","±176","203","±269","2.9%","±3.9","7,587","±445","430","±313","5.7%","±4.1","11,278","±465","596","±382","5.3%","±3.3","11,017","±186","393","±210","3.6%","±1.9","64,247","±1,043","4,657","±1,269","7.2%","±1.9","11,248","±857","269","±260","2.4%","±2.3","12,800","±892","931","±547","7.3%","±4.2","9,314","±1,221","494","±356","5.3%","±3.9","33,694","±1,017","1,527","±791","4.5%","±2.3","9,627","±465","389","±243","4.0%","±2.6","39,979","±666","1,463","±525","3.7%","±1.3","20,937","±377","452","±279","2.2%","±1.3","11,789","±454","417","±393","3.5%","±3.3","8,803","±564","423","±327","4.8%","±3.8","21,859","±793","188","±120","0.9%","±0.6","8,536","±620","614","±369","7.2%","±4.3","17,575","±397","348","±238","2.0%","±1.4","6,946","±288","818","±387","11.8%","±5.5","31,216,223","±24,889","1,271,608","±20,269","4.1%","±0.1"
"                Population 75 years and over","18,156","±805","2,035","±945","11.2%","±5.1","8,128","±387","491","±351","6.0%","±4.3","6,073","±177","817","±398","13.5%","±6.5","4,541","±293","367","±267","8.1%","±5.9","4,775","±385","436","±242","9.1%","±5.3","8,297","±535","1,033","±516","12.5%","±6.1","7,605","±363","602","±178","7.9%","±2.4","41,393","±734","4,673","±1,156","11.3%","±2.8","7,780","±397","521","±370","6.7%","±4.7","7,781","±808","631","±406","8.1%","±5.2","6,428","±871","854","±595","13.3%","±8.2","22,970","±840","1,593","±566","6.9%","±2.4","6,555","±295","740","±387","11.3%","±5.9","26,650","±570","2,777","±894","10.4%","±3.3","13,882","±433","1,324","±585","9.5%","±4.2","9,394","±867","888","±652","9.5%","±6.7","5,404","±162","748","±471","13.8%","±8.7","13,107","±586","1,227","±664","9.4%","±5.0","5,627","±650","827","±447","14.7%","±7.9","10,527","±343","970","±383","9.2%","±3.6","4,880","±251","844","±508","17.3%","±10.3","21,566,194","±17,007","1,892,677","±27,432","8.8%","±0.1"
"        With a cognitive difficulty","(X)","(X)","10,586","±2,833","5.0%","±1.3","(X)","(X)","9,003","±1,896","8.6%","±1.8","(X)","(X)","6,037","±1,464","7.8%","±1.9","(X)","(X)","2,656","±629","4.0%","±1.0","(X)","(X)","3,585","±1,002","5.0%","±1.4","(X)","(X)","4,261","±1,035","4.4%","±1.1","(X)","(X)","6,706","±1,162","6.8%","±1.2","(X)","(X)","38,380","±4,077","6.3%","±0.7","(X)","(X)","4,324","±1,153","4.9%","±1.3","(X)","(X)","7,020","±2,012","4.5%","±1.3","(X)","(X)","4,829","±1,684","5.4%","±1.9","(X)","(X)","18,807","±2,521","5.5%","±0.7","(X)","(X)","3,378","±883","3.8%","±1.0","(X)","(X)","19,568","±2,840","5.1%","±0.7","(X)","(X)","10,467","±1,824","5.1%","±0.9","(X)","(X)","7,192","±1,651","6.5%","±1.5","(X)","(X)","5,553","±1,575","6.7%","±1.9","(X)","(X)","9,590","±1,677","4.7%","±0.8","(X)","(X)","8,573","±1,793","11.9%","±2.5","(X)","(X)","9,458","±2,217","4.8%","±1.1","(X)","(X)","5,040","±1,242","8.5%","±2.1","(X)","(X)","15,797,245","±87,227","5.2%","±0.1"
"            Population under 18 years","36,210","±948","2,052","±1,446","5.7%","±4.0","17,635","±292","749","±606","4.2%","±3.4","13,457","±613","227","±204","1.7%","±1.5","12,856","±301","163","±162","1.3%","±1.3","13,772","±655","354","±308","2.6%","±2.3","16,254","±552","307","±246","1.9%","±1.5","17,578","±112","1,074","±527","6.1%","±3.0","106,933","±174","3,995","±1,324","3.7%","±1.2","14,293","±1,229","187","±164","1.3%","±1.2","26,168","±2,499","526","±507","2.0%","±2.0","16,419","±1,062","300","±252","1.8%","±1.5","58,771","±197","3,747","±1,221","6.4%","±2.1","17,487","±359","86","±78","0.5%","±0.4","68,778","±1,024","2,921","±927","4.2%","±1.3","38,391","±866","1,284","±522","3.3%","±1.4","19,592","±561","768","±430","3.9%","±2.2","15,171","±665","126","±157","0.8%","±1.0","38,561","±697","1,532","±626","4.0%","±1.6","12,374","±557","1,837","±1,127","14.8%","±9.2","31,659","±746","1,216","±709","3.8%","±2.2","10,599","±628","639","±384","6.0%","±3.6","53,433,593","±32,613","2,354,191","±30,937","4.4%","±0.1"
"            Population 18 to 64 years","127,247","±1,807","5,880","±1,655","4.6%","±1.3","66,596","±1,172","4,945","±1,333","7.4%","±2.0","49,028","±801","3,847","±1,180","7.8%","±2.4","41,447","±748","1,516","±597","3.7%","±1.5","45,003","±1,448","1,971","±783","4.4%","±1.7","59,992","±605","2,967","±897","4.9%","±1.5","61,767","±621","4,316","±681","7.0%","±1.1","398,144","±2,030","22,254","±2,650","5.6%","±0.7","54,562","±904","3,065","±914","5.6%","±1.7","108,691","±623","4,729","±1,690","4.4%","±1.6","57,436","±1,310","3,131","±1,190","5.5%","±2.1","229,593","±1,583","11,492","±2,104","5.0%","±0.9","55,443","±476","2,473","±688","4.5%","±1.2","246,261","±1,082","10,321","±1,837","4.2%","±0.7","132,621","±2,182","5,844","±1,299","4.4%","±1.0","69,662","±1,601","4,455","±1,446","6.4%","±2.1","52,978","±817","3,835","±1,360","7.2%","±2.6","130,703","±1,314","5,803","±1,396","4.4%","±1.1","45,609","±1,768","4,630","±1,112","10.2%","±2.4","135,831","±1,373","5,364","±1,376","3.9%","±1.0","36,897","±691","3,057","±826","8.3%","±2.2","197,503,214","±33,702","9,085,439","±60,856","4.6%","±0.1"
"                Population 18 to 34 years","40,659","±1,653","2,745","±1,368","6.8%","±3.3","24,227","±862","690","±524","2.8%","±2.1","16,526","±600","609","±364","3.7%","±2.2","15,026","±977","611","±404","4.1%","±2.7","16,541","±1,020","553","±431","3.3%","±2.6","20,814","±780","498","±387","2.4%","±1.8","21,558","±411","1,387","±607","6.4%","±2.8","152,219","±773","7,014","±1,642","4.6%","±1.1","20,729","±499","1,042","±616","5.0%","±3.0","50,957","±2,051","2,656","±1,291","5.2%","±2.6","19,611","±1,396","1,172","±740","6.0%","±3.8","85,219","±1,162","3,923","±1,115","4.6%","±1.3","19,600","±950","589","±396","3.0%","±2.0","93,608","±1,406","2,495","±718","2.7%","±0.8","52,214","±1,280","1,265","±633","2.4%","±1.2","21,994","±413","1,071","±725","4.9%","±3.3","17,802","±1,180","942","±626","5.3%","±3.5","44,569","±1,871","2,826","±1,022","6.3%","±2.3","15,504","±968","1,804","±735","11.6%","±4.5","63,667","±1,041","2,187","±775","3.4%","±1.2","11,676","±473","222","±198","1.9%","±1.7","74,020,428","±40,229","3,207,512","±36,493","4.3%","±0.1"
"                Population 35 to 64 years","86,588","±1,992","3,135","±1,011","3.6%","±1.2","42,369","±928","4,255","±1,190","10.0%","±2.9","32,502","±822","3,238","±1,130","10.0%","±3.4","26,421","±742","905","±438","3.4%","±1.6","28,462","±1,168","1,418","±606","5.0%","±2.2","39,178","±878","2,469","±832","6.3%","±2.1","40,209","±320","2,929","±511","7.3%","±1.3","245,925","±1,986","15,240","±1,953","6.2%","±0.8","33,833","±743","2,023","±714","6.0%","±2.1","57,734","±2,046","2,073","±1,088","3.6%","±1.9","37,825","±1,607","1,959","±933","5.2%","±2.5","144,374","±1,223","7,569","±1,647","5.2%","±1.1","35,843","±977","1,884","±677","5.3%","±1.9","152,653","±1,410","7,826","±1,707","5.1%","±1.1","80,407","±1,453","4,579","±1,170","5.7%","±1.4","47,668","±1,524","3,384","±1,190","7.1%","±2.5","35,176","±1,099","2,893","±1,117","8.2%","±3.1","86,134","±1,821","2,977","±887","3.5%","±1.0","30,105","±1,388","2,826","±959","9.4%","±3.3","72,164","±1,107","3,177","±1,143","4.4%","±1.6","25,221","±737","2,835","±823","11.2%","±3.3","123,482,786","±47,507","5,877,927","±46,429","4.8%","±0.1"
"            Population 65 years and over","46,838","±1,373","2,654","±1,155","5.7%","±2.5","20,145","±315","3,309","±917","16.4%","±4.6","15,046","±418","1,963","±1,015","13.0%","±6.8","11,511","±297","977","±383","8.5%","±3.3","12,362","±463","1,260","±534","10.2%","±4.3","19,575","±497","987","±467","5.0%","±2.4","18,622","±533","1,316","±317","7.1%","±1.7","105,640","±1,173","12,131","±1,855","11.5%","±1.7","19,028","±820","1,072","±649","5.6%","±3.4","20,581","±667","1,765","±666","8.6%","±3.2","15,742","±1,347","1,398","±774","8.9%","±4.8","56,664","±798","3,568","±916","6.3%","±1.6","16,182","±476","819","±467","5.1%","±2.9","66,629","±710","6,326","±1,335","9.5%","±2.0","34,819","±543","3,339","±1,144","9.6%","±3.3","21,183","±888","1,969","±770","9.3%","±3.6","14,207","±602","1,592","±650","11.2%","±4.6","34,966","±738","2,255","±686","6.4%","±2.0","14,163","±322","2,106","±690","14.9%","±4.8","28,102","±548","2,878","±1,063","10.2%","±3.8","11,826","±403","1,344","±629","11.4%","±5.3","52,782,417","±26,301","4,357,615","±43,148","8.3%","±0.1"
"                Population 65 to 74 years","28,682","±1,293","739","±501","2.6%","±1.8","12,017","±406","1,451","±596","12.1%","±4.9","8,973","±283","1,339","±949","14.9%","±10.6","6,970","±176","139","±130","2.0%","±1.8","7,587","±445","533","±287","7.0%","±3.7","11,278","±465","249","±209","2.2%","±1.8","11,017","±186","576","±216","5.2%","±2.0","64,247","±1,043","5,607","±1,373","8.7%","±2.1","11,248","±857","605","±390","5.4%","±3.5","12,800","±892","550","±446","4.3%","±3.4","9,314","±1,221","431","±486","4.6%","±5.3","33,694","±1,017","1,305","±643","3.9%","±1.9","9,627","±465","454","±373","4.7%","±3.9","39,979","±666","2,246","±737","5.6%","±1.8","20,937","±377","1,582","±861","7.6%","±4.1","11,789","±454","370","±263","3.1%","±2.2","8,803","±564","757","±440","8.6%","±5.0","21,859","±793","982","±478","4.5%","±2.2","8,536","±620","880","±478","10.3%","±5.6","17,575","±397","977","±559","5.6%","±3.2","6,946","±288","731","±472","10.5%","±6.7","31,216,223","±24,889","1,606,770","±20,535","5.1%","±0.1"
"                Population 75 years and over","18,156","±805","1,915","±1,127","10.5%","±6.2","8,128","±387","1,858","±734","22.9%","±9.1","6,073","±177","624","±356","10.3%","±5.8","4,541","±293","838","±394","18.5%","±8.5","4,775","±385","727","±437","15.2%","±8.6","8,297","±535","738","±454","8.9%","±5.3","7,605","±363","740","±210","9.7%","±2.7","41,393","±734","6,524","±1,214","15.8%","±2.9","7,780","±397","467","±379","6.0%","±4.8","7,781","±808","1,215","±498","15.6%","±6.5","6,428","±871","967","±615","15.0%","±8.1","22,970","±840","2,263","±626","9.9%","±2.7","6,555","±295","365","±247","5.6%","±3.8","26,650","±570","4,080","±1,083","15.3%","±4.0","13,882","±433","1,757","±775","12.7%","±5.6","9,394","±867","1,599","±724","17.0%","±7.3","5,404","±162","835","±470","15.5%","±8.7","13,107","±586","1,273","±551","9.7%","±4.2","5,627","±650","1,226","±500","21.8%","±9.1","10,527","±343","1,901","±978","18.1%","±9.2","4,880","±251","613","±388","12.6%","±7.9","21,566,194","±17,007","2,750,845","±32,323","12.8%","±0.1"
"        With an ambulatory difficulty","(X)","(X)","15,885","±3,093","7.6%","±1.5","(X)","(X)","13,568","±2,342","13.0%","±2.3","(X)","(X)","8,130","±1,559","10.5%","±2.0","(X)","(X)","3,840","±989","5.8%","±1.5","(X)","(X)","4,982","±1,037","7.0%","±1.5","(X)","(X)","9,661","±1,763","10.1%","±1.8","(X)","(X)","8,991","±1,007","9.2%","±1.0","(X)","(X)","53,527","±4,273","8.8%","±0.7","(X)","(X)","7,852","±1,436","8.9%","±1.6","(X)","(X)","8,020","±1,876","5.2%","±1.2","(X)","(X)","7,438","±1,590","8.3%","±1.8","(X)","(X)","23,303","±2,780","6.8%","±0.8","(X)","(X)","7,869","±1,158","8.8%","±1.3","(X)","(X)","30,616","±2,938","8.0%","±0.8","(X)","(X)","16,937","±2,276","8.2%","±1.1","(X)","(X)","9,421","±1,573","8.5%","±1.4","(X)","(X)","7,370","±1,615","8.9%","±2.0","(X)","(X)","10,821","±1,686","5.3%","±0.8","(X)","(X)","10,914","±1,653","15.1%","±2.3","(X)","(X)","15,531","±2,365","7.9%","±1.2","(X)","(X)","8,309","±1,340","14.0%","±2.3","(X)","(X)","20,843,415","±86,983","6.9%","±0.1"
"            Population under 18 years","36,210","±948","0","±206","0.0%","±0.5","17,635","±292","0","±206","0.0%","±1.0","13,457","±613","0","±206","0.0%","±1.3","12,856","±301","19","±26","0.1%","±0.2","13,772","±655","0","±206","0.0%","±1.3","16,254","±552","0","±206","0.0%","±1.1","17,578","±112","380","±441","2.2%","±2.5","106,933","±174","1,425","±660","1.3%","±0.6","14,293","±1,229","0","±206","0.0%","±1.2","26,168","±2,499","0","±206","0.0%","±0.7","16,419","±1,062","0","±206","0.0%","±1.1","58,771","±197","693","±752","1.2%","±1.3","17,487","±359","0","±206","0.0%","±1.0","68,778","±1,024","112","±149","0.2%","±0.2","38,391","±866","72","±104","0.2%","±0.3","19,592","±561","39","±53","0.2%","±0.3","15,171","±665","0","±206","0.0%","±1.1","38,561","±697","142","±223","0.4%","±0.6","12,374","±557","0","±206","0.0%","±1.4","31,659","±746","122","±147","0.4%","±0.5","10,599","±628","168","±176","1.6%","±1.6","53,433,593","±32,613","329,766","±11,203","0.6%","±0.1"
"            Population 18 to 64 years","127,247","±1,807","7,555","±2,263","5.9%","±1.8","66,596","±1,172","6,793","±1,671","10.2%","±2.5","49,028","±801","4,175","±1,100","8.5%","±2.2","41,447","±748","1,361","±619","3.3%","±1.5","45,003","±1,448","2,348","±822","5.2%","±1.8","59,992","±605","5,463","±1,310","9.1%","±2.2","61,767","±621","4,415","±614","7.1%","±1.0","398,144","±2,030","25,761","±3,349","6.5%","±0.8","54,562","±904","3,995","±1,011","7.3%","±1.9","108,691","±623","3,582","±1,439","3.3%","±1.3","57,436","±1,310","3,445","±1,155","6.0%","±2.0","229,593","±1,583","10,560","±2,098","4.6%","±0.9","55,443","±476","3,375","±870","6.1%","±1.6","246,261","±1,082","15,145","±2,042","6.1%","±0.8","132,621","±2,182","8,275","±1,937","6.2%","±1.5","69,662","±1,601","3,914","±989","5.6%","±1.4","52,978","±817","3,071","±1,093","5.8%","±2.1","130,703","±1,314","3,833","±956","2.9%","±0.7","45,609","±1,768","5,034","±1,227","11.0%","±2.8","135,831","±1,373","6,925","±1,782","5.1%","±1.3","36,897","±691","3,867","±923","10.5%","±2.5","197,503,214","±33,702","9,246,129","±58,094","4.7%","±0.1"
"                Population 18 to 34 years","40,659","±1,653","690","±862","1.7%","±2.1","24,227","±862","271","±298","1.1%","±1.2","16,526","±600","312","±348","1.9%","±2.1","15,026","±977","63","±81","0.4%","±0.5","16,541","±1,020","439","±442","2.7%","±2.7","20,814","±780","463","±435","2.2%","±2.1","21,558","±411","114","±82","0.5%","±0.4","152,219","±773","2,156","±871","1.4%","±0.6","20,729","±499","178","±235","0.9%","±1.1","50,957","±2,051","211","±323","0.4%","±0.6","19,611","±1,396","538","±434","2.7%","±2.2","85,219","±1,162","790","±555","0.9%","±0.7","19,600","±950","60","±56","0.3%","±0.3","93,608","±1,406","857","±463","0.9%","±0.5","52,214","±1,280","651","±458","1.2%","±0.9","21,994","±413","86","±111","0.4%","±0.5","17,802","±1,180","194","±297","1.1%","±1.7","44,569","±1,871","761","±509","1.7%","±1.2","15,504","±968","392","±381","2.5%","±2.4","63,667","±1,041","833","±644","1.3%","±1.0","11,676","±473","85","±135","0.7%","±1.2","74,020,428","±40,229","945,681","±22,220","1.3%","±0.1"
"                Population 35 to 64 years","86,588","±1,992","6,865","±1,877","7.9%","±2.2","42,369","±928","6,522","±1,637","15.4%","±4.0","32,502","±822","3,863","±989","11.9%","±3.0","26,421","±742","1,298","±616","4.9%","±2.3","28,462","±1,168","1,909","±722","6.7%","±2.5","39,178","±878","5,000","±1,271","12.8%","±3.3","40,209","±320","4,301","±609","10.7%","±1.5","245,925","±1,986","23,605","±3,216","9.6%","±1.3","33,833","±743","3,817","±926","11.3%","±2.8","57,734","±2,046","3,371","±1,408","5.8%","±2.4","37,825","±1,607","2,907","±1,010","7.7%","±2.7","144,374","±1,223","9,770","±2,012","6.8%","±1.4","35,843","±977","3,315","±854","9.2%","±2.4","152,653","±1,410","14,288","±1,965","9.4%","±1.3","80,407","±1,453","7,624","±1,884","9.5%","±2.3","47,668","±1,524","3,828","±978","8.0%","±2.0","35,176","±1,099","2,877","±972","8.2%","±2.7","86,134","±1,821","3,072","±854","3.6%","±1.0","30,105","±1,388","4,642","±1,150","15.4%","±3.9","72,164","±1,107","6,092","±1,591","8.4%","±2.2","25,221","±737","3,782","±918","15.0%","±3.6","123,482,786","±47,507","8,300,448","±48,888","6.7%","±0.1"
"            Population 65 years and over","46,838","±1,373","8,330","±1,929","17.8%","±4.1","20,145","±315","6,775","±1,481","33.6%","±7.4","15,046","±418","3,955","±1,047","26.3%","±6.9","11,511","±297","2,460","±734","21.4%","±6.2","12,362","±463","2,634","±581","21.3%","±4.7","19,575","±497","4,198","±923","21.4%","±4.8","18,622","±533","4,196","±575","22.5%","±3.0","105,640","±1,173","26,341","±2,536","24.9%","±2.4","19,028","±820","3,857","±889","20.3%","±4.8","20,581","±667","4,438","±1,211","21.6%","±5.9","15,742","±1,347","3,993","±925","25.4%","±5.6","56,664","±798","12,050","±1,560","21.3%","±2.8","16,182","±476","4,494","±891","27.8%","±5.6","66,629","±710","15,359","±1,824","23.1%","±2.7","34,819","±543","8,590","±1,285","24.7%","±3.7","21,183","±888","5,468","±1,342","25.8%","±5.8","14,207","±602","4,299","±1,101","30.3%","±7.9","34,966","±738","6,846","±1,220","19.6%","±3.5","14,163","±322","5,880","±918","41.5%","±6.3","28,102","±548","8,484","±1,415","30.2%","±5.1","11,826","±403","4,274","±822","36.1%","±6.6","52,782,417","±26,301","11,267,520","±60,416","21.3%","±0.1"
"                Population 65 to 74 years","28,682","±1,293","3,533","±1,189","12.3%","±4.2","12,017","±406","2,493","±1,033","20.7%","±8.6","8,973","±283","2,175","±742","24.2%","±8.3","6,970","±176","912","±447","13.1%","±6.4","7,587","±445","1,152","±404","15.2%","±5.1","11,278","±465","1,781","±651","15.8%","±5.7","11,017","±186","1,528","±323","13.9%","±2.9","64,247","±1,043","12,406","±1,723","19.3%","±2.6","11,248","±857","1,521","±549","13.5%","±5.2","12,800","±892","1,733","±892","13.5%","±6.8","9,314","±1,221","1,866","±693","20.0%","±7.4","33,694","±1,017","6,060","±1,174","18.0%","±3.5","9,627","±465","2,069","±573","21.5%","±6.2","39,979","±666","6,237","±1,334","15.6%","±3.3","20,937","±377","4,342","±899","20.7%","±4.2","11,789","±454","1,908","±685","16.2%","±5.5","8,803","±564","2,612","±991","29.7%","±11.6","21,859","±793","3,074","±771","14.1%","±3.4","8,536","±620","2,871","±840","33.6%","±9.0","17,575","±397","4,017","±1,046","22.9%","±6.0","6,946","±288","1,979","±572","28.5%","±8.1","31,216,223","±24,889","4,610,453","±40,868","14.8%","±0.1"
"                Population 75 years and over","18,156","±805","4,797","±1,419","26.4%","±7.7","8,128","±387","4,282","±917","52.7%","±11.0","6,073","±177","1,780","±570","29.3%","±9.1","4,541","±293","1,548","±513","34.1%","±10.9","4,775","±385","1,482","±503","31.0%","±10.4","8,297","±535","2,417","±626","29.1%","±7.3","7,605","±363","2,668","±490","35.1%","±6.2","41,393","±734","13,935","±2,046","33.7%","±4.8","7,780","±397","2,336","±667","30.0%","±8.6","7,781","±808","2,705","±912","34.8%","±10.4","6,428","±871","2,127","±695","33.1%","±8.3","22,970","±840","5,990","±1,031","26.1%","±4.3","6,555","±295","2,425","±636","37.0%","±9.2","26,650","±570","9,122","±1,215","34.2%","±4.2","13,882","±433","4,248","±929","30.6%","±6.6","9,394","±867","3,560","±1,053","37.9%","±9.7","5,404","±162","1,687","±521","31.2%","±9.6","13,107","±586","3,772","±875","28.8%","±6.6","5,627","±650","3,009","±610","53.5%","±11.2","10,527","±343","4,467","±850","42.4%","±8.2","4,880","±251","2,295","±580","47.0%","±10.7","21,566,194","±17,007","6,657,067","±39,845","30.9%","±0.2"
"        With a self-care difficulty","(X)","(X)","6,181","±2,156","2.9%","±1.0","(X)","(X)","4,083","±1,320","3.9%","±1.3","(X)","(X)","4,071","±1,306","5.3%","±1.7","(X)","(X)","1,847","±611","2.8%","±0.9","(X)","(X)","1,717","±577","2.4%","±0.8","(X)","(X)","3,192","±978","3.3%","±1.0","(X)","(X)","3,317","±671","3.4%","±0.7","(X)","(X)","19,313","±2,451","3.2%","±0.4","(X)","(X)","2,515","±746","2.9%","±0.9","(X)","(X)","2,841","±951","1.8%","±0.6","(X)","(X)","2,378","±910","2.7%","±1.0","(X)","(X)","7,183","±1,547","2.1%","±0.4","(X)","(X)","2,071","±683","2.3%","±0.8","(X)","(X)","9,167","±1,267","2.4%","±0.3","(X)","(X)","6,124","±1,376","3.0%","±0.7","(X)","(X)","4,145","±1,166","3.8%","±1.1","(X)","(X)","2,627","±821","3.2%","±1.0","(X)","(X)","3,919","±901","1.9%","±0.4","(X)","(X)","4,049","±1,100","5.6%","±1.5","(X)","(X)","5,376","±1,373","2.7%","±0.7","(X)","(X)","3,097","±1,168","5.2%","±2.0","(X)","(X)","8,004,156","±51,486","2.6%","±0.1"
"            Population under 18 years","36,210","±948","553","±973","1.5%","±2.7","17,635","±292","332","±425","1.9%","±2.4","13,457","±613","166","±270","1.2%","±2.0","12,856","±301","12","±20","0.1%","±0.2","13,772","±655","0","±206","0.0%","±1.3","16,254","±552","214","±308","1.3%","±1.9","17,578","±112","379","±421","2.2%","±2.4","106,933","±174","379","±237","0.4%","±0.2","14,293","±1,229","0","±206","0.0%","±1.2","26,168","±2,499","0","±206","0.0%","±0.7","16,419","±1,062","0","±206","0.0%","±1.1","58,771","±197","839","±775","1.4%","±1.3","17,487","±359","24","±24","0.1%","±0.1","68,778","±1,024","453","±299","0.7%","±0.4","38,391","±866","380","±359","1.0%","±0.9","19,592","±561","39","±53","0.2%","±0.3","15,171","±665","0","±206","0.0%","±1.1","38,561","±697","261","±321","0.7%","±0.8","12,374","±557","0","±206","0.0%","±1.4","31,659","±746","122","±147","0.4%","±0.5","10,599","±628","111","±151","1.0%","±1.4","53,433,593","±32,613","557,499","±15,739","1.0%","±0.1"
"            Population 18 to 64 years","127,247","±1,807","2,534","±1,225","2.0%","±1.0","66,596","±1,172","2,047","±954","3.1%","±1.4","49,028","±801","2,383","±997","4.9%","±2.0","41,447","±748","715","±354","1.7%","±0.9","45,003","±1,448","673","±390","1.5%","±0.9","59,992","±605","1,659","±688","2.8%","±1.1","61,767","±621","1,614","±366","2.6%","±0.6","398,144","±2,030","9,365","±2,069","2.4%","±0.5","54,562","±904","995","±440","1.8%","±0.8","108,691","±623","994","±545","0.9%","±0.5","57,436","±1,310","880","±566","1.5%","±1.0","229,593","±1,583","2,394","±866","1.0%","±0.4","55,443","±476","503","±276","0.9%","±0.5","246,261","±1,082","3,346","±738","1.4%","±0.3","132,621","±2,182","2,930","±1,077","2.2%","±0.8","69,662","±1,601","1,332","±572","1.9%","±0.8","52,978","±817","1,020","±503","1.9%","±0.9","130,703","±1,314","1,319","±625","1.0%","±0.5","45,609","±1,768","1,732","±750","3.8%","±1.7","135,831","±1,373","1,491","±710","1.1%","±0.5","36,897","±691","1,650","±1,013","4.5%","±2.7","197,503,214","±33,702","3,463,855","±30,537","1.8%","±0.1"
"                Population 18 to 34 years","40,659","±1,653","419","±514","1.0%","±1.3","24,227","±862","161","±213","0.7%","±0.9","16,526","±600","81","±129","0.5%","±0.8","15,026","±977","50","±81","0.3%","±0.5","16,541","±1,020","240","±274","1.5%","±1.7","20,814","±780","180","±218","0.9%","±1.0","21,558","±411","44","±56","0.2%","±0.3","152,219","±773","1,183","±605","0.8%","±0.4","20,729","±499","244","±277","1.2%","±1.3","50,957","±2,051","242","±332","0.5%","±0.7","19,611","±1,396","260","±289","1.3%","±1.5","85,219","±1,162","182","±177","0.2%","±0.2","19,600","±950","22","±32","0.1%","±0.2","93,608","±1,406","272","±274","0.3%","±0.3","52,214","±1,280","309","±274","0.6%","±0.5","21,994","±413","53","±95","0.2%","±0.4","17,802","±1,180","151","±253","0.8%","±1.4","44,569","±1,871","331","±329","0.7%","±0.7","15,504","±968","93","±110","0.6%","±0.7","63,667","±1,041","181","±182","0.3%","±0.3","11,676","±473","0","±206","0.0%","±1.5","74,020,428","±40,229","635,785","±13,720","0.9%","±0.1"
"                Population 35 to 64 years","86,588","±1,992","2,115","±1,144","2.4%","±1.3","42,369","±928","1,886","±915","4.5%","±2.2","32,502","±822","2,302","±983","7.1%","±3.0","26,421","±742","665","±365","2.5%","±1.4","28,462","±1,168","433","±270","1.5%","±0.9","39,178","±878","1,479","±624","3.8%","±1.6","40,209","±320","1,570","±373","3.9%","±0.9","245,925","±1,986","8,182","±1,881","3.3%","±0.8","33,833","±743","751","±332","2.2%","±1.0","57,734","±2,046","752","±462","1.3%","±0.8","37,825","±1,607","620","±492","1.6%","±1.3","144,374","±1,223","2,212","±825","1.5%","±0.6","35,843","±977","481","±273","1.3%","±0.8","152,653","±1,410","3,074","±703","2.0%","±0.5","80,407","±1,453","2,621","±1,004","3.3%","±1.2","47,668","±1,524","1,279","±562","2.7%","±1.2","35,176","±1,099","869","±432","2.5%","±1.2","86,134","±1,821","988","±500","1.1%","±0.6","30,105","±1,388","1,639","±737","5.4%","±2.5","72,164","±1,107","1,310","±659","1.8%","±0.9","25,221","±737","1,650","±1,013","6.5%","±4.0","123,482,786","±47,507","2,828,070","±26,280","2.3%","±0.1"
"            Population 65 years and over","46,838","±1,373","3,094","±1,342","6.6%","±2.9","20,145","±315","1,704","±639","8.5%","±3.2","15,046","±418","1,522","±655","10.1%","±4.3","11,511","±297","1,120","±542","9.7%","±4.7","12,362","±463","1,044","±395","8.4%","±3.2","19,575","±497","1,319","±494","6.7%","±2.6","18,622","±533","1,324","±367","7.1%","±1.9","105,640","±1,173","9,569","±1,427","9.1%","±1.3","19,028","±820","1,520","±555","8.0%","±3.0","20,581","±667","1,847","±713","9.0%","±3.5","15,742","±1,347","1,498","±697","9.5%","±4.2","56,664","±798","3,950","±1,031","7.0%","±1.8","16,182","±476","1,544","±598","9.5%","±3.7","66,629","±710","5,368","±1,145","8.1%","±1.7","34,819","±543","2,814","±768","8.1%","±2.2","21,183","±888","2,774","±1,084","13.1%","±4.8","14,207","±602","1,607","±616","11.3%","±4.4","34,966","±738","2,339","±629","6.7%","±1.8","14,163","±322","2,317","±795","16.4%","±5.6","28,102","±548","3,763","±1,258","13.4%","±4.5","11,826","±403","1,336","±537","11.3%","±4.5","52,782,417","±26,301","3,982,802","±36,527","7.5%","±0.1"
"                Population 65 to 74 years","28,682","±1,293","1,030","±673","3.6%","±2.4","12,017","±406","574","±484","4.8%","±4.0","8,973","±283","810","±610","9.0%","±6.8","6,970","±176","467","±388","6.7%","±5.6","7,587","±445","281","±200","3.7%","±2.7","11,278","±465","332","±279","2.9%","±2.4","11,017","±186","450","±202","4.1%","±1.8","64,247","±1,043","4,034","±1,036","6.3%","±1.6","11,248","±857","570","±376","5.1%","±3.4","12,800","±892","879","±614","6.9%","±4.7","9,314","±1,221","646","±489","6.9%","±5.2","33,694","±1,017","2,021","±798","6.0%","±2.4","9,627","±465","795","±429","8.3%","±4.5","39,979","±666","1,560","±716","3.9%","±1.8","20,937","±377","1,307","±545","6.2%","±2.6","11,789","±454","706","±478","6.0%","±4.0","8,803","±564","664","±442","7.5%","±5.1","21,859","±793","697","±406","3.2%","±1.9","8,536","±620","887","±561","10.4%","±6.3","17,575","±397","1,577","±727","9.0%","±4.2","6,946","±288","772","±377","11.1%","±5.5","31,216,223","±24,889","1,306,331","±18,273","4.2%","±0.1"
"                Population 75 years and over","18,156","±805","2,064","±1,094","11.4%","±6.0","8,128","±387","1,130","±496","13.9%","±6.1","6,073","±177","712","±346","11.7%","±5.7","4,541","±293","653","±320","14.4%","±7.0","4,775","±385","763","±339","16.0%","±7.2","8,297","±535","987","±451","11.9%","±5.3","7,605","±363","874","±303","11.5%","±3.9","41,393","±734","5,535","±1,097","13.4%","±2.6","7,780","±397","950","±408","12.2%","±5.3","7,781","±808","968","±437","12.4%","±5.6","6,428","±871","852","±533","13.3%","±7.0","22,970","±840","1,929","±658","8.4%","±2.9","6,555","±295","749","±373","11.4%","±5.5","26,650","±570","3,808","±858","14.3%","±3.2","13,882","±433","1,507","±587","10.9%","±4.1","9,394","±867","2,068","±937","22.0%","±8.8","5,404","±162","943","±473","17.5%","±8.8","13,107","±586","1,642","±557","12.5%","±4.0","5,627","±650","1,430","±551","25.4%","±10.1","10,527","±343","2,186","±920","20.8%","±8.6","4,880","±251","564","±370","11.6%","±7.4","21,566,194","±17,007","2,676,471","±30,950","12.4%","±0.1"
"        With an independent living difficulty","(X)","(X)","10,780","±2,570","6.2%","±1.5","(X)","(X)","8,009","±1,913","9.2%","±2.2","(X)","(X)","6,075","±1,526","9.5%","±2.4","(X)","(X)","3,243","±738","6.1%","±1.4","(X)","(X)","4,183","±1,054","7.3%","±1.8","(X)","(X)","5,772","±1,612","7.3%","±2.0","(X)","(X)","6,173","±811","7.7%","±1.0","(X)","(X)","33,369","±2,867","6.6%","±0.6","(X)","(X)","5,711","±1,134","7.8%","±1.6","(X)","(X)","4,912","±1,296","3.8%","±1.0","(X)","(X)","4,938","±1,591","6.7%","±2.2","(X)","(X)","12,839","±2,124","4.5%","±0.7","(X)","(X)","4,878","±1,081","6.8%","±1.5","(X)","(X)","21,758","±2,345","7.0%","±0.8","(X)","(X)","9,794","±1,340","5.8%","±0.8","(X)","(X)","6,153","±1,278","6.8%","±1.4","(X)","(X)","5,789","±1,277","8.6%","±1.9","(X)","(X)","8,063","±1,400","4.9%","±0.8","(X)","(X)","7,277","±1,388","12.2%","±2.3","(X)","(X)","8,486","±1,660","5.2%","±1.0","(X)","(X)","5,497","±1,239","11.3%","±2.5","(X)","(X)","14,690,563","±73,159","5.9%","±0.1"
"            Population 18 to 64 years","127,247","±1,807","4,500","±1,793","3.5%","±1.4","66,596","±1,172","3,914","±1,296","5.9%","±2.0","49,028","±801","3,433","±1,000","7.0%","±2.0","41,447","±748","1,437","±583","3.5%","±1.4","45,003","±1,448","2,220","±825","4.9%","±1.8","59,992","±605","3,604","±1,288","6.0%","±2.2","61,767","±621","3,891","±670","6.3%","±1.1","398,144","±2,030","16,433","±2,066","4.1%","±0.5","54,562","±904","2,630","±761","4.8%","±1.4","108,691","±623","2,287","±918","2.1%","±0.8","57,436","±1,310","2,818","±1,086","4.9%","±1.9","229,593","±1,583","5,552","±1,435","2.4%","±0.6","55,443","±476","2,532","±708","4.6%","±1.3","246,261","±1,082","10,735","±1,706","4.4%","±0.7","132,621","±2,182","4,268","±1,209","3.2%","±0.9","69,662","±1,601","2,546","±820","3.7%","±1.2","52,978","±817","2,938","±987","5.5%","±1.9","130,703","±1,314","3,606","±953","2.8%","±0.7","45,609","±1,768","4,131","±1,096","9.1%","±2.4","135,831","±1,373","3,979","±1,296","2.9%","±1.0","36,897","±691","2,730","±1,026","7.4%","±2.8","197,503,214","±33,702","7,399,130","±48,305","3.7%","±0.1"
"                Population 18 to 34 years","40,659","±1,653","1,200","±909","3.0%","±2.2","24,227","±862","161","±213","0.7%","±0.9","16,526","±600","435","±349","2.6%","±2.1","15,026","±977","355","±341","2.4%","±2.3","16,541","±1,020","846","±551","5.1%","±3.4","20,814","±780","704","±470","3.4%","±2.2","21,558","±411","999","±562","4.6%","±2.6","152,219","±773","4,138","±1,143","2.7%","±0.7","20,729","±499","982","±570","4.7%","±2.8","50,957","±2,051","619","±472","1.2%","±0.9","19,611","±1,396","594","±404","3.0%","±2.1","85,219","±1,162","1,545","±603","1.8%","±0.7","19,600","±950","634","±419","3.2%","±2.1","93,608","±1,406","1,557","±664","1.7%","±0.7","52,214","±1,280","1,018","±522","1.9%","±1.0","21,994","±413","260","±205","1.2%","±0.9","17,802","±1,180","733","±569","4.1%","±3.2","44,569","±1,871","1,180","±575","2.6%","±1.3","15,504","±968","1,124","±615","7.2%","±3.9","63,667","±1,041","671","±529","1.1%","±0.8","11,676","±473","124","±148","1.1%","±1.3","74,020,428","±40,229","2,027,970","±27,582","2.7%","±0.1"
"                Population 35 to 64 years","86,588","±1,992","3,300","±1,167","3.8%","±1.4","42,369","±928","3,753","±1,287","8.9%","±3.1","32,502","±822","2,998","±926","9.2%","±2.8","26,421","±742","1,082","±497","4.1%","±1.8","28,462","±1,168","1,374","±560","4.8%","±2.0","39,178","±878","2,900","±1,221","7.4%","±3.1","40,209","±320","2,892","±498","7.2%","±1.2","245,925","±1,986","12,295","±1,821","5.0%","±0.7","33,833","±743","1,648","±547","4.9%","±1.6","57,734","±2,046","1,668","±846","2.9%","±1.4","37,825","±1,607","2,224","±966","5.9%","±2.6","144,374","±1,223","4,007","±1,227","2.8%","±0.9","35,843","±977","1,898","±596","5.3%","±1.7","152,653","±1,410","9,178","±1,494","6.0%","±1.0","80,407","±1,453","3,250","±1,066","4.0%","±1.3","47,668","±1,524","2,286","±792","4.8%","±1.7","35,176","±1,099","2,205","±839","6.3%","±2.3","86,134","±1,821","2,426","±797","2.8%","±0.9","30,105","±1,388","3,007","±938","10.0%","±3.1","72,164","±1,107","3,308","±1,033","4.6%","±1.4","25,221","±737","2,606","±1,023","10.3%","±4.1","123,482,786","±47,507","5,371,160","±38,230","4.3%","±0.1"
"            Population 65 years and over","46,838","±1,373","6,280","±1,738","13.4%","±3.7","20,145","±315","4,095","±1,198","20.3%","±6.0","15,046","±418","2,642","±978","17.6%","±6.5","11,511","±297","1,806","±552","15.7%","±4.7","12,362","±463","1,963","±541","15.9%","±4.4","19,575","±497","2,168","±634","11.1%","±3.3","18,622","±533","2,282","±401","12.3%","±2.1","105,640","±1,173","16,936","±1,912","16.0%","±1.8","19,028","±820","3,081","±784","16.2%","±4.2","20,581","±667","2,625","±904","12.8%","±4.4","15,742","±1,347","2,120","±842","13.5%","±5.1","56,664","±798","7,287","±1,197","12.9%","±2.1","16,182","±476","2,346","±715","14.5%","±4.5","66,629","±710","11,023","±1,538","16.5%","±2.3","34,819","±543","5,526","±1,058","15.9%","±3.1","21,183","±888","3,607","±1,049","17.0%","±4.7","14,207","±602","2,851","±685","20.1%","±4.7","34,966","±738","4,457","±990","12.7%","±2.8","14,163","±322","3,146","±718","22.2%","±5.0","28,102","±548","4,507","±1,205","16.0%","±4.3","11,826","±403","2,767","±697","23.4%","±5.8","52,782,417","±26,301","7,291,433","±47,787","13.8%","±0.1"
"                Population 65 to 74 years","28,682","±1,293","2,131","±1,008","7.4%","±3.5","12,017","±406","1,330","±642","11.1%","±5.3","8,973","±283","1,321","±712","14.7%","±7.9","6,970","±176","442","±257","6.3%","±3.7","7,587","±445","511","±260","6.7%","±3.4","11,278","±465","904","±405","8.0%","±3.5","11,017","±186","742","±247","6.7%","±2.2","64,247","±1,043","6,124","±1,337","9.5%","±2.0","11,248","±857","865","±419","7.7%","±3.8","12,800","±892","1,016","±679","7.9%","±5.2","9,314","±1,221","818","±504","8.8%","±5.4","33,694","±1,017","3,031","±921","9.0%","±2.6","9,627","±465","1,052","±452","10.9%","±4.8","39,979","±666","3,781","±998","9.5%","±2.5","20,937","±377","1,597","±681","7.6%","±3.3","11,789","±454","720","±378","6.1%","±3.2","8,803","±564","1,324","±520","15.0%","±5.8","21,859","±793","985","±411","4.5%","±1.9","8,536","±620","1,041","±542","12.2%","±6.2","17,575","±397","1,859","±702","10.6%","±4.0","6,946","±288","1,012","±444","14.6%","±6.4","31,216,223","±24,889","2,302,102","±25,021","7.4%","±0.1"
"                Population 75 years and over","18,156","±805","4,149","±1,351","22.9%","±7.4","8,128","±387","2,765","±903","34.0%","±11.2","6,073","±177","1,321","±474","21.8%","±7.7","4,541","±293","1,364","±456","30.0%","±9.7","4,775","±385","1,452","±468","30.4%","±9.7","8,297","±535","1,264","±518","15.2%","±6.1","7,605","±363","1,540","±319","20.2%","±4.1","41,393","±734","10,812","±1,561","26.1%","±3.8","7,780","±397","2,216","±637","28.5%","±8.1","7,781","±808","1,609","±548","20.7%","±7.3","6,428","±871","1,302","±662","20.3%","±8.4","22,970","±840","4,256","±840","18.5%","±3.5","6,555","±295","1,294","±505","19.7%","±7.5","26,650","±570","7,242","±1,270","27.2%","±4.7","13,882","±433","3,929","±887","28.3%","±6.3","9,394","±867","2,887","±982","30.7%","±9.1","5,404","±162","1,527","±439","28.3%","±8.2","13,107","±586","3,472","±898","26.5%","±6.4","5,627","±650","2,105","±549","37.4%","±9.8","10,527","±343","2,648","±928","25.2%","±8.7","4,880","±251","1,755","±572","36.0%","±11.1","21,566,194","±17,007","4,989,331","±37,903","23.1%","±0.2"