Label,"Benton County, Arkansas!!Total!!Estimate","Benton County, Arkansas!!Total!!Margin of Error","Benton County, Arkansas!!Percent!!Estimate","Benton County, Arkansas!!Percent!!Margin of Error","Benton County, Arkansas!!Male!!Estimate","Benton County, Arkansas!!Male!!Margin of Error","Benton County, Arkansas!!Percent Male!!Estimate","Benton County, Arkansas!!Percent Male!!Margin of Error","Benton County, Arkansas!!Female!!Estimate","Benton County, Arkansas!!Female!!Margin of Error","Benton County, Arkansas!!Percent Female!!Estimate","Benton County, Arkansas!!Percent Female!!Margin of Error","Craighead County, Arkansas!!Total!!Estimate","Craighead County, Arkansas!!Total!!Margin of Error","Craighead County, Arkansas!!Percent!!Estimate","Craighead County, Arkansas!!Percent!!Margin of Error","Craighead County, Arkansas!!Male!!Estimate","Craighead County, Arkansas!!Male!!Margin of Error","Craighead County, Arkansas!!Percent Male!!Estimate","Craighead County, Arkansas!!Percent Male!!Margin of Error","Craighead County, Arkansas!!Female!!Estimate","Craighead County, Arkansas!!Female!!Margin of Error","Craighead County, Arkansas!!Percent Female!!Estimate","Craighead County, Arkansas!!Percent Female!!Margin of Error","Faulkner County, Arkansas!!Total!!Estimate","Faulkner County, Arkansas!!Total!!Margin of Error","Faulkner County, Arkansas!!Percent!!Estimate","Faulkner County, Arkansas!!Percent!!Margin of Error","Faulkner County, Arkansas!!Male!!Estimate","Faulkner County, Arkansas!!Male!!Margin of Error","Faulkner County, Arkansas!!Percent Male!!Estimate","Faulkner County, Arkansas!!Percent Male!!Margin of Error","Faulkner County, Arkansas!!Female!!Estimate","Faulkner County, Arkansas!!Female!!Margin of Error","Faulkner County, Arkansas!!Percent Female!!Estimate","Faulkner County, Arkansas!!Percent Female!!Margin of Error","Garland County, Arkansas!!Total!!Estimate","Garland County, Arkansas!!Total!!Margin of Error","Garland County, Arkansas!!Percent!!Estimate","Garland County, Arkansas!!Percent!!Margin of Error","Garland County, Arkansas!!Male!!Estimate","Garland County, Arkansas!!Male!!Margin of Error","Garland County, Arkansas!!Percent Male!!Estimate","Garland County, Arkansas!!Percent Male!!Margin of Error","Garland County, Arkansas!!Female!!Estimate","Garland County, Arkansas!!Female!!Margin of Error","Garland County, Arkansas!!Percent Female!!Estimate","Garland County, Arkansas!!Percent Female!!Margin of Error","Jefferson County, Arkansas!!Total!!Estimate","Jefferson County, Arkansas!!Total!!Margin of Error","Jefferson County, Arkansas!!Percent!!Estimate","Jefferson County, Arkansas!!Percent!!Margin of Error","Jefferson County, Arkansas!!Male!!Estimate","Jefferson County, Arkansas!!Male!!Margin of Error","Jefferson County, Arkansas!!Percent Male!!Estimate","Jefferson County, Arkansas!!Percent Male!!Margin of Error","Jefferson County, Arkansas!!Female!!Estimate","Jefferson County, Arkansas!!Female!!Margin of Error","Jefferson County, Arkansas!!Percent Female!!Estimate","Jefferson County, Arkansas!!Percent Female!!Margin of Error","Lonoke County, Arkansas!!Total!!Estimate","Lonoke County, Arkansas!!Total!!Margin of Error","Lonoke County, Arkansas!!Percent!!Estimate","Lonoke County, Arkansas!!Percent!!Margin of Error","Lonoke County, Arkansas!!Male!!Estimate","Lonoke County, Arkansas!!Male!!Margin of Error","Lonoke County, Arkansas!!Percent Male!!Estimate","Lonoke County, Arkansas!!Percent Male!!Margin of Error","Lonoke County, Arkansas!!Female!!Estimate","Lonoke County, Arkansas!!Female!!Margin of Error","Lonoke County, Arkansas!!Percent Female!!Estimate","Lonoke County, Arkansas!!Percent Female!!Margin of Error","Pulaski County, Arkansas!!Total!!Estimate","Pulaski County, Arkansas!!Total!!Margin of Error","Pulaski County, Arkansas!!Percent!!Estimate","Pulaski County, Arkansas!!Percent!!Margin of Error","Pulaski County, Arkansas!!Male!!Estimate","Pulaski County, Arkansas!!Male!!Margin of Error","Pulaski County, Arkansas!!Percent Male!!Estimate","Pulaski County, Arkansas!!Percent Male!!Margin of Error","Pulaski County, Arkansas!!Female!!Estimate","Pulaski County, Arkansas!!Female!!Margin of Error","Pulaski County, Arkansas!!Percent Female!!Estimate","Pulaski County, Arkansas!!Percent Female!!Margin of Error","Saline County, Arkansas!!Total!!Estimate","Saline County, Arkansas!!Total!!Margin of Error","Saline County, Arkansas!!Percent!!Estimate","Saline County, Arkansas!!Percent!!Margin of Error","Saline County, Arkansas!!Male!!Estimate","Saline County, Arkansas!!Male!!Margin of Error","Saline County, Arkansas!!Percent Male!!Estimate","Saline County, Arkansas!!Percent Male!!Margin of Error","Saline County, Arkansas!!Female!!Estimate","Saline County, Arkansas!!Female!!Margin of Error","Saline County, Arkansas!!Percent Female!!Estimate","Saline County, Arkansas!!Percent Female!!Margin of Error","Sebastian County, Arkansas!!Total!!Estimate","Sebastian County, Arkansas!!Total!!Margin of Error","Sebastian County, Arkansas!!Percent!!Estimate","Sebastian County, Arkansas!!Percent!!Margin of Error","Sebastian County, Arkansas!!Male!!Estimate","Sebastian County, Arkansas!!Male!!Margin of Error","Sebastian County, Arkansas!!Percent Male!!Estimate","Sebastian County, Arkansas!!Percent Male!!Margin of Error","Sebastian County, Arkansas!!Female!!Estimate","Sebastian County, Arkansas!!Female!!Margin of Error","Sebastian County, Arkansas!!Percent Female!!Estimate","Sebastian County, Arkansas!!Percent Female!!Margin of Error","Washington County, Arkansas!!Total!!Estimate","Washington County, Arkansas!!Total!!Margin of Error","Washington County, Arkansas!!Percent!!Estimate","Washington County, Arkansas!!Percent!!Margin of Error","Washington County, Arkansas!!Male!!Estimate","Washington County, Arkansas!!Male!!Margin of Error","Washington County, Arkansas!!Percent Male!!Estimate","Washington County, Arkansas!!Percent Male!!Margin of Error","Washington County, Arkansas!!Female!!Estimate","Washington County, Arkansas!!Female!!Margin of Error","Washington County, Arkansas!!Percent Female!!Estimate","Washington County, Arkansas!!Percent Female!!Margin of Error","White County, Arkansas!!Total!!Estimate","White County, Arkansas!!Total!!Margin of Error","White County, Arkansas!!Percent!!Estimate","White County, Arkansas!!Percent!!Margin of Error","White County, Arkansas!!Male!!Estimate","White County, Arkansas!!Male!!Margin of Error","White County, Arkansas!!Percent Male!!Estimate","White County, Arkansas!!Percent Male!!Margin of Error","White County, Arkansas!!Female!!Estimate","White County, Arkansas!!Female!!Margin of Error","White County, Arkansas!!Percent Female!!Estimate","White County, Arkansas!!Percent Female!!Margin of Error",United States!!Total!!Estimate,United States!!Total!!Margin of Error,United States!!Percent!!Estimate,United States!!Percent!!Margin of Error,United States!!Male!!Estimate,United States!!Male!!Margin of Error,United States!!Percent Male!!Estimate,United States!!Percent Male!!Margin of Error,United States!!Female!!Estimate,United States!!Female!!Margin of Error,United States!!Percent Female!!Estimate,United States!!Percent Female!!Margin of Error
AGE BY EDUCATIONAL ATTAINMENT,,,,,,,,,,,,,,,,,,,,,,,,,,,,,,,,,,,,,,,,,,,,,,,,,,,,,,,,,,,,,,,,,,,,,,,,,,,,,,,,,,,,,,,,,,,,,,,,,,,,,,,,,,,,,,,,,,,,,,,,,,,,,,,,,,,,,,,,,,,,,,,,
    Population 18 to 24 years,"22,680",±810,(X),(X),"11,587",±634,(X),(X),"11,093",±550,(X),(X),"12,383","±1,111",(X),(X),"6,488",±795,(X),(X),"5,895",±906,(X),(X),"20,754","±1,445",(X),(X),"10,021",±808,(X),(X),"10,733","±1,026",(X),(X),"7,282",±842,(X),(X),"4,062",±768,(X),(X),"3,220",±447,(X),(X),"6,583",±896,(X),(X),"3,010",±276,(X),(X),"3,573",±807,(X),(X),"5,391",±375,(X),(X),"2,856",±357,(X),(X),"2,535",±240,(X),(X),"32,978",±692,(X),(X),"16,315",±570,(X),(X),"16,663",±343,(X),(X),"9,376","±1,035",(X),(X),"3,664",±207,(X),(X),"5,712","±1,027",(X),(X),"11,776","±1,395",(X),(X),"6,481",±783,(X),(X),"5,295","±1,063",(X),(X),"35,778","±1,300",(X),(X),"18,066",±602,(X),(X),"17,712","±1,223",(X),(X),"9,032",±582,(X),(X),"4,265",±392,(X),(X),"4,767",±366,(X),(X),"30,373,170","±42,282",(X),(X),"15,556,254","±26,205",(X),(X),"14,816,916","±25,476",(X),(X)
        Less than high school graduate,"2,459",±788,10.80%,±3.5,"1,120",±503,9.70%,±4.3,"1,339",±505,12.10%,±4.7,657,±573,5.30%,±4.5,296,±375,4.60%,±5.4,361,±336,6.10%,±5.9,"1,309",±791,6.30%,±3.8,581,±452,5.80%,±4.5,728,±608,6.80%,±5.7,301,±277,4.10%,±3.9,112,±210,2.80%,±5.3,189,±211,5.90%,±6.4,450,±317,6.80%,±4.8,348,±254,11.60%,±8.5,102,±135,2.90%,±3.7,464,±266,8.60%,±4.9,230,±151,8.10%,±5.2,234,±203,9.20%,±8.2,"3,779","±1,374",11.50%,±4.1,"2,388","±1,065",14.60%,±6.4,"1,391",±745,8.30%,±4.5,"2,183",±879,23.30%,±8.9,878,±348,24.00%,±9.4,"1,305",±825,22.80%,±14.0,"1,575",±701,13.40%,±5.9,"1,170",±637,18.10%,±9.5,405,±328,7.60%,±6.3,"3,368","±1,171",9.40%,±3.2,"2,406","±1,132",13.30%,±6.3,962,±511,5.40%,±2.7,"1,454",±740,16.10%,±8.2,674,±427,15.80%,±10.3,780,±620,16.40%,±12.5,"3,662,080","±41,512",12.10%,±0.1,"2,126,765","±29,356",13.70%,±0.2,"1,535,315","±23,612",10.40%,±0.2
        High school graduate (includes equivalency),"7,325","±1,402",32.30%,±6.0,"4,314","±1,059",37.20%,±8.8,"3,011",±873,27.10%,±7.6,"2,847",±976,23.00%,±8.0,"2,284",±956,35.20%,±14.7,563,±315,9.60%,±5.7,"3,393","±1,019",16.30%,±5.0,"2,229",±866,22.20%,±8.9,"1,164",±631,10.80%,±5.7,"4,681","±1,070",64.30%,±11.7,"2,940",±911,72.40%,±15.4,"1,741",±537,54.10%,±15.3,"2,781","±1,146",42.20%,±15.7,933,±595,31.00%,±19.5,"1,848",±888,51.70%,±22.2,"2,929",±650,54.30%,±12.8,"1,896",±407,66.40%,±13.3,"1,033",±489,40.70%,±19.7,"10,185","±2,226",30.90%,±6.8,"6,219","±1,687",38.10%,±10.2,"3,966","±1,356",23.80%,±8.1,"3,705","±1,087",39.50%,±10.2,"1,549",±606,42.30%,±15.8,"2,156",±924,37.70%,±13.6,"3,711","±1,152",31.50%,±9.1,"2,153",±953,33.20%,±12.9,"1,558",±758,29.40%,±15.1,"9,727","±2,068",27.20%,±5.8,"4,263","±1,377",23.60%,±7.7,"5,464","±1,650",30.80%,±9.1,"2,390",±911,26.50%,±10.0,911,±610,21.40%,±14.8,"1,479",±908,31.00%,±19.3,"9,921,331","±56,156",32.70%,±0.2,"5,613,801","±42,121",36.10%,±0.3,"4,307,530","±28,987",29.10%,±0.2
        Some college or associate's degree,"9,019","±1,525",39.80%,±6.5,"4,296","±1,045",37.10%,±8.8,"4,723","±1,016",42.60%,±8.7,"7,968","±1,412",64.30%,±9.1,"3,741","±1,052",57.70%,±14.9,"4,227","±1,093",71.70%,±10.6,"13,607","±1,751",65.60%,±6.4,"6,091","±1,238",60.80%,±10.1,"7,516","±1,044",70.00%,±9.4,"1,945",±853,26.70%,±11.3,"1,010",±586,24.90%,±14.5,935,±461,29.00%,±13.4,"2,900","±1,077",44.10%,±15.8,"1,451",±561,48.20%,±18.6,"1,449",±916,40.60%,±23.3,"1,480",±616,27.50%,±10.7,581,±317,20.30%,±10.4,899,±477,35.50%,±16.8,"12,174","±2,465",36.90%,±7.3,"5,236","±1,687",32.10%,±10.3,"6,938","±1,665",41.60%,±9.9,"3,061","±1,177",32.60%,±12.6,"1,218",±501,33.20%,±14.1,"1,843","±1,004",32.30%,±17.4,"5,946","±1,440",50.50%,±10.2,"3,045",±881,47.00%,±14.1,"2,901","±1,208",54.80%,±16.5,"19,788","±2,975",55.30%,±8.0,"9,987","±2,140",55.30%,±11.3,"9,801","±1,905",55.30%,±10.1,"4,576",±816,50.70%,±8.4,"2,424",±926,56.80%,±18.8,"2,152",±858,45.10%,±18.0,"13,168,280","±67,371",43.40%,±0.2,"6,298,275","±47,639",40.50%,±0.3,"6,870,005","±38,395",46.40%,±0.2
        Bachelor's degree or higher,"3,877","±1,201",17.10%,±5.3,"1,857",±771,16.00%,±6.7,"2,020",±734,18.20%,±6.6,911,±447,7.40%,±3.7,167,±219,2.60%,±3.3,744,±418,12.60%,±7.7,"2,445",±777,11.80%,±3.7,"1,120",±593,11.20%,±6.0,"1,325",±618,12.30%,±5.3,355,±353,4.90%,±4.9,0,±206,0.00%,±4.2,355,±353,11.00%,±11.2,452,±372,6.90%,±5.6,278,±308,9.20%,±10.0,174,±212,4.90%,±6.0,518,±360,9.60%,±6.5,149,±169,5.20%,±5.9,369,±322,14.60%,±13.0,"6,840","±1,701",20.70%,±5.2,"2,472","±1,141",15.20%,±7.0,"4,368","±1,518",26.20%,±9.2,427,±320,4.60%,±3.5,19,±31,0.50%,±0.8,408,±320,7.10%,±5.9,544,±350,4.60%,±3.0,113,±146,1.70%,±2.3,431,±327,8.10%,±6.3,"2,895",±999,8.10%,±2.8,"1,410",±726,7.80%,±4.1,"1,485",±683,8.40%,±4.0,612,±407,6.80%,±4.4,256,±284,6.00%,±6.8,356,±366,7.50%,±7.6,"3,621,479","±38,999",11.90%,±0.1,"1,517,413","±21,841",9.80%,±0.1,"2,104,066","±26,405",14.20%,±0.2
    Population 25 years and over,"183,203",±824,(X),(X),"89,218",±663,(X),(X),"93,985",±650,(X),(X),"71,813","±1,592",(X),(X),"33,464","±1,653",(X),(X),"38,349","±1,092",(X),(X),"76,684","±1,180",(X),(X),"36,151",±814,(X),(X),"40,533",±962,(X),(X),"72,565",±845,(X),(X),"32,855",±978,(X),(X),"39,710",±665,(X),(X),"45,719",±895,(X),(X),"22,453",±275,(X),(X),"23,266",±806,(X),(X),"49,301",±375,(X),(X),"23,165",±514,(X),(X),"26,136",±293,(X),(X),"268,684",±723,(X),(X),"124,590",±726,(X),(X),"144,094",±457,(X),(X),"84,730","±1,074",(X),(X),"41,735",±598,(X),(X),"42,995","±1,081",(X),(X),"85,379","±1,393",(X),(X),"39,873",±882,(X),(X),"45,506","±1,219",(X),(X),"145,660","±1,299",(X),(X),"71,637",±722,(X),(X),"74,023","±1,088",(X),(X),"51,446",±616,(X),(X),"24,836",±472,(X),(X),"26,610",±505,(X),(X),"224,898,568","±68,852",(X),(X),"108,711,092","±44,257",(X),(X),"116,187,476","±37,512",(X),(X)
        Less than 9th grade,"9,088","±1,677",5.00%,±0.9,"4,658","±1,087",5.20%,±1.2,"4,430",±989,4.70%,±1.1,"3,458","±1,731",4.80%,±2.3,"2,380","±1,491",7.10%,±4.2,"1,078",±645,2.80%,±1.7,"1,905",±966,2.50%,±1.3,"1,045",±661,2.90%,±1.8,860,±452,2.10%,±1.1,"2,078",±850,2.90%,±1.2,"1,118",±667,3.40%,±2.0,960,±502,2.40%,±1.3,"1,540",±559,3.40%,±1.2,490,±281,2.20%,±1.3,"1,050",±522,4.50%,±2.3,"1,869",±766,3.80%,±1.5,816,±470,3.50%,±2.0,"1,053",±449,4.00%,±1.7,"7,403","±1,947",2.80%,±0.7,"4,565","±1,541",3.70%,±1.2,"2,838",±913,2.00%,±0.6,"1,488",±650,1.80%,±0.8,592,±368,1.40%,±0.9,896,±497,2.10%,±1.1,"4,221","±1,215",4.90%,±1.4,"1,821",±897,4.60%,±2.3,"2,400",±929,5.30%,±2.0,"10,801","±2,214",7.40%,±1.5,"5,366","±1,153",7.50%,±1.6,"5,435","±1,505",7.30%,±2.0,"2,912","±1,164",5.70%,±2.3,"1,253",±674,5.00%,±2.7,"1,659","±1,008",6.20%,±3.8,"10,874,685","±74,193",4.80%,±0.1,"5,401,669","±47,283",5.00%,±0.1,"5,473,016","±42,598",4.70%,±0.1
"        9th to 12th grade, no diploma","10,160","±2,098",5.50%,±1.1,"4,032","±1,001",4.50%,±1.1,"6,128","±1,544",6.50%,±1.6,"4,169","±1,505",5.80%,±2.1,"1,654",±864,4.90%,±2.6,"2,515","±1,190",6.60%,±3.0,"2,853","±1,023",3.70%,±1.3,645,±351,1.80%,±1.0,"2,208",±972,5.40%,±2.4,"4,271","±1,261",5.90%,±1.7,"2,080",±849,6.30%,±2.5,"2,191",±916,5.50%,±2.3,"4,483",±859,9.80%,±1.9,"2,390",±575,10.60%,±2.6,"2,093",±628,9.00%,±2.8,"3,524",±923,7.10%,±1.9,"1,894",±836,8.20%,±3.6,"1,630",±609,6.20%,±2.3,"15,074","±2,701",5.60%,±1.0,"6,986","±1,543",5.60%,±1.2,"8,088","±1,785",5.60%,±1.2,"7,283","±1,547",8.60%,±1.8,"4,400","±1,008",10.50%,±2.4,"2,883","±1,010",6.70%,±2.4,"9,018","±1,818",10.60%,±2.2,"4,318","±1,301",10.80%,±3.3,"4,700","±1,212",10.30%,±2.7,"12,128","±2,228",8.30%,±1.5,"6,113","±1,702",8.50%,±2.4,"6,015","±1,534",8.10%,±2.1,"6,637","±1,587",12.90%,±3.1,"4,461","±1,491",18.00%,±6.0,"2,176",±874,8.20%,±3.2,"14,743,856","±83,892",6.60%,±0.1,"7,685,261","±56,956",7.10%,±0.1,"7,058,595","±49,549",6.10%,±0.1
        High school graduate (includes equivalency),"53,130","±3,719",29.00%,±2.0,"26,429","±2,460",29.60%,±2.8,"26,701","±2,404",28.40%,±2.6,"23,643","±2,899",32.90%,±4.0,"12,263","±1,791",36.60%,±5.1,"11,380","±1,614",29.70%,±4.4,"24,953","±2,258",32.50%,±2.8,"13,534","±1,577",37.40%,±4.3,"11,419","±1,561",28.20%,±3.8,"20,930","±1,898",28.80%,±2.5,"9,873","±1,403",30.10%,±3.9,"11,057","±1,559",27.80%,±3.9,"18,015","±1,748",39.40%,±3.7,"9,971","±1,177",44.40%,±5.0,"8,044","±1,166",34.60%,±4.9,"20,122","±2,385",40.80%,±4.8,"9,884","±1,520",42.70%,±6.6,"10,238","±1,603",39.20%,±6.2,"70,334","±4,752",26.20%,±1.8,"32,451","±3,033",26.00%,±2.4,"37,883","±3,518",26.30%,±2.4,"29,344","±3,086",34.60%,±3.5,"14,622","±2,089",35.00%,±4.8,"14,722","±1,876",34.20%,±4.1,"24,440","±2,319",28.60%,±2.7,"12,217","±1,650",30.60%,±4.0,"12,223","±1,582",26.90%,±3.5,"39,707","±3,581",27.30%,±2.5,"20,425","±2,568",28.50%,±3.6,"19,282","±2,153",26.00%,±2.9,"21,972","±2,323",42.70%,±4.5,"10,401","±1,501",41.90%,±5.9,"11,571","±1,422",43.50%,±5.4,"60,482,353","±181,247",26.90%,±0.1,"30,551,814","±109,150",28.10%,±0.1,"29,930,539","±105,580",25.80%,±0.1
"        Some college, no degree","34,185","±3,115",18.70%,±1.7,"16,611","±2,164",18.60%,±2.4,"17,574","±2,011",18.70%,±2.1,"15,891","±1,821",22.10%,±2.6,"7,060","±1,163",21.10%,±3.8,"8,831","±1,359",23.00%,±3.4,"17,317","±2,355",22.60%,±3.1,"7,119","±1,231",19.70%,±3.3,"10,198","±1,804",25.20%,±4.4,"18,515","±2,300",25.50%,±3.2,"8,058","±1,662",24.50%,±5.2,"10,457","±1,859",26.30%,±4.7,"10,152","±1,502",22.20%,±3.1,"5,468","±1,153",24.40%,±5.2,"4,684","±1,235",20.10%,±4.9,"10,032","±1,369",20.30%,±2.8,"4,334",±868,18.70%,±3.7,"5,698","±1,093",21.80%,±4.2,"60,057","±4,115",22.40%,±1.5,"26,269","±2,603",21.10%,±2.1,"33,788","±2,806",23.40%,±1.9,"17,181","±2,217",20.30%,±2.6,"9,532","±1,647",22.80%,±4.0,"7,649","±1,515",17.80%,±3.5,"20,387","±2,303",23.90%,±2.6,"9,898","±1,597",24.80%,±4.0,"10,489","±1,716",23.00%,±3.6,"27,798","±2,908",19.10%,±2.0,"14,888","±2,097",20.80%,±2.9,"12,910","±1,951",17.40%,±2.6,"6,468","±1,150",12.60%,±2.2,"3,181",±856,12.80%,±3.4,"3,287",±924,12.40%,±3.5,"44,914,086","±111,140",20.00%,±0.1,"21,578,525","±71,329",19.80%,±0.1,"23,335,561","±81,887",20.10%,±0.1
        Associate's degree,"12,511","±1,818",6.80%,±1.0,"4,914","±1,174",5.50%,±1.3,"7,597","±1,400",8.10%,±1.5,"6,371","±1,392",8.90%,±2.0,"2,314",±826,6.90%,±2.5,"4,057","±1,120",10.60%,±3.0,"7,127","±1,167",9.30%,±1.5,"3,064","±1,101",8.50%,±3.1,"4,063",±946,10.00%,±2.3,"6,042","±1,552",8.30%,±2.1,"2,326",±848,7.10%,±2.6,"3,716","±1,336",9.40%,±3.4,"3,115",±955,6.80%,±2.1,"1,205",±577,5.40%,±2.6,"1,910",±704,8.20%,±3.1,"4,371","±1,141",8.90%,±2.3,"1,727",±676,7.50%,±2.9,"2,644",±947,10.10%,±3.6,"22,041","±3,335",8.20%,±1.2,"9,644","±2,076",7.70%,±1.7,"12,397","±2,099",8.60%,±1.5,"6,948","±1,334",8.20%,±1.6,"2,597",±788,6.20%,±1.9,"4,351","±1,183",10.10%,±2.7,"5,889","±1,437",6.90%,±1.7,"2,196",±711,5.50%,±1.8,"3,693","±1,149",8.10%,±2.6,"8,791","±1,606",6.00%,±1.1,"3,457","±1,121",4.80%,±1.6,"5,334","±1,364",7.20%,±1.8,"5,054","±1,325",9.80%,±2.6,"2,024",±787,8.10%,±3.2,"3,030",±860,11.40%,±3.2,"19,381,937","±84,109",8.60%,±0.1,"8,391,409","±46,395",7.70%,±0.1,"10,990,528","±58,737",9.50%,±0.1
        Bachelor's degree,"41,162","±3,351",22.50%,±1.8,"19,860","±1,745",22.30%,±2.0,"21,302","±2,600",22.70%,±2.7,"11,232","±2,197",15.60%,±3.1,"5,060","±1,080",15.10%,±3.4,"6,172","±1,533",16.10%,±3.9,"16,010","±1,533",20.90%,±2.0,"7,773",±908,21.50%,±2.5,"8,237","±1,267",20.30%,±3.2,"13,383","±1,959",18.40%,±2.7,"6,014","±1,378",18.30%,±4.2,"7,369","±1,484",18.60%,±3.7,"5,507","±1,035",12.00%,±2.3,"1,760",±613,7.80%,±2.7,"3,747",±905,16.10%,±3.9,"6,161","±1,147",12.50%,±2.3,"2,877",±774,12.40%,±3.3,"3,284",±717,12.60%,±2.7,"56,208","±4,048",20.90%,±1.5,"27,447","±2,913",22.00%,±2.3,"28,761","±2,727",20.00%,±1.9,"14,965","±2,623",17.70%,±3.1,"6,927","±1,478",16.60%,±3.6,"8,038","±1,530",18.70%,±3.6,"14,157","±2,337",16.60%,±2.7,"6,070","±1,211",15.20%,±3.0,"8,087","±1,779",17.80%,±3.8,"27,896","±3,017",19.20%,±2.0,"12,353","±1,872",17.20%,±2.6,"15,543","±1,861",21.00%,±2.5,"5,119","±1,125",10.00%,±2.2,"1,667",±769,6.70%,±3.1,"3,452",±939,13.00%,±3.5,"45,730,479","±155,188",20.30%,±0.1,"21,645,659","±90,559",19.90%,±0.1,"24,084,820","±89,426",20.70%,±0.1
        Graduate or professional degree,"22,967","±2,497",12.50%,±1.4,"12,714","±1,560",14.30%,±1.7,"10,253","±1,766",10.90%,±1.9,"7,049","±1,890",9.80%,±2.6,"2,733","±1,039",8.20%,±3.1,"4,316","±1,257",11.30%,±3.3,"6,519","±1,389",8.50%,±1.8,"2,971",±784,8.20%,±2.1,"3,548",±956,8.80%,±2.4,"7,346","±1,485",10.10%,±2.0,"3,386",±771,10.30%,±2.4,"3,960","±1,167",10.00%,±3.0,"2,907",±947,6.40%,±2.1,"1,169",±708,5.20%,±3.2,"1,738",±530,7.50%,±2.3,"3,222",±801,6.50%,±1.6,"1,633",±605,7.00%,±2.6,"1,589",±537,6.10%,±2.0,"37,567","±3,239",14.00%,±1.2,"17,228","±2,150",13.80%,±1.7,"20,339","±2,343",14.10%,±1.6,"7,521","±1,522",8.90%,±1.8,"3,065",±899,7.30%,±2.2,"4,456","±1,005",10.40%,±2.4,"7,267","±1,594",8.50%,±1.9,"3,353","±1,117",8.40%,±2.8,"3,914","±1,165",8.60%,±2.5,"18,539","±2,674",12.70%,±1.8,"9,035","±1,535",12.60%,±2.2,"9,504","±1,719",12.80%,±2.3,"3,284","±1,095",6.40%,±2.1,"1,849",±744,7.40%,±3.0,"1,435",±662,5.40%,±2.5,"28,771,172","±144,021",12.80%,±0.1,"13,456,755","±82,122",12.40%,±0.1,"15,314,417","±82,431",13.20%,±0.1
        High school graduate or higher,"163,955","±2,809",89.50%,±1.4,"80,528","±1,728",90.30%,±1.7,"83,427","±1,947",88.80%,±2.0,"64,186","±1,922",89.40%,±3.2,"29,430","±1,062",87.90%,±4.7,"34,756","±1,349",90.60%,±3.5,"71,926","±1,652",93.80%,±1.6,"34,461","±1,086",95.30%,±2.0,"37,465","±1,310",92.40%,±2.5,"66,216","±1,419",91.30%,±2.0,"29,657","±1,174",90.30%,±3.0,"36,559","±1,142",92.10%,±2.4,"39,696","±1,363",86.80%,±2.2,"19,573",±717,87.20%,±2.9,"20,123","±1,230",86.50%,±3.5,"43,908","±1,011",89.10%,±2.2,"20,455",±874,88.30%,±3.7,"23,453",±805,89.70%,±2.6,"246,207","±3,280",91.60%,±1.2,"113,039","±1,854",90.70%,±1.4,"133,168","±2,219",92.40%,±1.5,"75,959","±1,922",89.60%,±2.0,"36,743","±1,150",88.00%,±2.6,"39,216","±1,470",91.20%,±2.6,"72,140","±2,514",84.50%,±2.4,"33,734","±1,695",84.60%,±3.7,"38,406","±1,712",84.40%,±2.9,"122,731","±2,843",84.30%,±1.8,"60,158","±1,777",84.00%,±2.2,"62,573","±1,974",84.50%,±2.4,"41,897","±2,174",81.40%,±4.0,"19,122","±1,538",77.00%,±5.9,"22,775","±1,131",85.60%,±3.8,"199,280,027","±175,350",88.60%,±0.1,"95,624,162","±99,645",88.00%,±0.1,"103,655,865","±95,374",89.20%,±0.1
        Bachelor's degree or higher,"64,129","±3,827",35.00%,±2.1,"32,574","±2,191",36.50%,±2.5,"31,555","±2,608",33.60%,±2.7,"18,281","±2,740",25.50%,±3.9,"7,793","±1,435",23.30%,±4.5,"10,488","±1,735",27.30%,±4.4,"22,529","±2,268",29.40%,±3.0,"10,744","±1,261",29.70%,±3.4,"11,785","±1,579",29.10%,±3.9,"20,729","±2,407",28.60%,±3.4,"9,400","±1,559",28.60%,±4.7,"11,329","±1,846",28.50%,±4.6,"8,414","±1,238",18.40%,±2.8,"2,929",±925,13.00%,±4.1,"5,485",±934,23.60%,±4.1,"9,383","±1,374",19.00%,±2.8,"4,510",±864,19.50%,±3.7,"4,873",±961,18.60%,±3.6,"93,775","±4,855",34.90%,±1.8,"44,675","±3,167",35.90%,±2.6,"49,100","±3,359",34.10%,±2.3,"22,486","±3,095",26.50%,±3.7,"9,992","±1,729",23.90%,±4.2,"12,494","±1,782",29.10%,±4.2,"21,424","±2,854",25.10%,±3.3,"9,423","±1,595",23.60%,±3.9,"12,001","±1,922",26.40%,±4.1,"46,435","±3,629",31.90%,±2.4,"21,388","±2,202",29.90%,±3.1,"25,047","±2,249",33.80%,±2.9,"8,403","±1,666",16.30%,±3.2,"3,516",±978,14.20%,±3.9,"4,887","±1,121",18.40%,±4.2,"74,501,651","±239,607",33.10%,±0.1,"35,102,414","±124,144",32.30%,±0.1,"39,399,237","±133,327",33.90%,±0.1
    Population 25 to 34 years,"41,123","±1,236",(X),(X),"20,661",±979,(X),(X),"20,462",±760,(X),(X),"16,407","±1,925",(X),(X),"8,396","±1,590",(X),(X),"8,011","±1,169",(X),(X),"16,493","±1,181",(X),(X),"8,019",±662,(X),(X),"8,474",±820,(X),(X),"10,991","±1,020",(X),(X),"4,779",±458,(X),(X),"6,212",±840,(X),(X),"8,910",±985,(X),(X),"4,737",±324,(X),(X),"4,173",±906,(X),(X),"10,179",±701,(X),(X),"4,742",±394,(X),(X),"5,437",±539,(X),(X),"57,542","±1,226",(X),(X),"27,798",±885,(X),(X),"29,744",±830,(X),(X),"14,903","±1,088",(X),(X),"7,674",±749,(X),(X),"7,229",±704,(X),(X),"17,072","±1,468",(X),(X),"7,904",±718,(X),(X),"9,168","±1,166",(X),(X),"33,619","±1,830",(X),(X),"17,591","±1,187",(X),(X),"16,028","±1,034",(X),(X),"9,766",±504,(X),(X),"4,933",±468,(X),(X),"4,833",±194,(X),(X),"45,578,475","±44,197",(X),(X),"23,099,299","±31,667",(X),(X),"22,479,176","±24,494",(X),(X)
        High school graduate or higher,"38,132","±1,532",92.70%,±3.0,"19,553","±1,127",94.60%,±2.8,"18,579","±1,049",90.80%,±5.0,"13,808","±1,300",84.20%,±8.7,"6,673",±593,79.50%,±14.6,"7,135","±1,024",89.10%,±8.6,"15,898","±1,175",96.40%,±2.5,"7,737",±623,96.50%,±3.5,"8,161",±889,96.30%,±3.9,"10,393",±953,94.60%,±4.3,"4,587",±529,96.00%,±5.2,"5,806",±839,93.50%,±6.4,"8,404","±1,021",94.30%,±3.0,"4,262",±359,90.00%,±5.5,"4,142",±906,99.30%,±1.4,"9,436",±834,92.70%,±5.2,"4,564",±443,96.20%,±3.9,"4,872",±688,89.60%,±9.1,"53,275","±1,830",92.60%,±2.5,"25,588","±1,232",92.00%,±3.4,"27,687","±1,345",93.10%,±3.7,"13,707","±1,080",92.00%,±4.1,"6,942",±769,90.50%,±6.7,"6,765",±718,93.60%,±4.1,"14,682","±1,281",86.00%,±5.2,"6,919",±673,87.50%,±5.6,"7,763",±997,84.70%,±7.6,"28,704","±1,655",85.40%,±4.7,"14,608","±1,254",83.00%,±5.5,"14,096",±930,87.90%,±6.0,"8,252",±862,84.50%,±7.3,"3,869",±819,78.40%,±13.2,"4,383",±402,90.70%,±8.2,"41,789,966","±62,802",91.70%,±0.1,"20,916,920","±42,044",90.60%,±0.1,"20,873,046","±36,536",92.90%,±0.1
        Bachelor's degree or higher,"17,478","±2,350",42.50%,±5.6,"8,909","±1,514",43.10%,±6.7,"8,569","±1,224",41.90%,±6.1,"3,928","±1,334",23.90%,±8.2,"1,617",±783,19.30%,±9.6,"2,311",±840,28.80%,±10.7,"5,156","±1,006",31.30%,±6.2,"2,829",±678,35.30%,±8.4,"2,327",±818,27.50%,±9.7,"2,012",±846,18.30%,±7.9,831,±530,17.40%,±10.9,"1,181",±624,19.00%,±10.7,"1,545",±780,17.30%,±8.7,543,±410,11.50%,±8.8,"1,002",±615,24.00%,±14.3,"1,865",±750,18.30%,±7.2,813,±428,17.10%,±9.1,"1,052",±499,19.30%,±8.4,"20,238","±2,661",35.20%,±4.6,"10,184","±1,831",36.60%,±6.6,"10,054","±1,784",33.80%,±6.0,"5,119","±1,234",34.30%,±8.7,"2,150",±814,28.00%,±10.8,"2,969",±743,41.10%,±10.7,"5,259","±1,285",30.80%,±7.6,"2,175",±694,27.50%,±9.0,"3,084","±1,148",33.60%,±11.8,"13,002","±1,715",38.70%,±5.7,"6,152","±1,297",35.00%,±7.9,"6,850",±988,42.70%,±6.5,"2,327",±911,23.80%,±9.5,688,±399,13.90%,±8.1,"1,639",±754,33.90%,±15.6,"16,837,545","±88,110",36.90%,±0.2,"7,600,635","±47,398",32.90%,±0.2,"9,236,910","±53,810",41.10%,±0.2
    Population 35 to 44 years,"40,324","±1,173",(X),(X),"20,710",±785,(X),(X),"19,614",±732,(X),(X),"15,686","±1,474",(X),(X),"7,309",±744,(X),(X),"8,377","±1,130",(X),(X),"16,977","±1,268",(X),(X),"8,113",±690,(X),(X),"8,864",±766,(X),(X),"11,839",±981,(X),(X),"5,404",±581,(X),(X),"6,435","±1,011",(X),(X),"7,692",±380,(X),(X),"4,251",±225,(X),(X),"3,441",±347,(X),(X),"10,433",±723,(X),(X),"5,038",±387,(X),(X),"5,395",±462,(X),(X),"50,979","±1,001",(X),(X),"24,279",±606,(X),(X),"26,700",±862,(X),(X),"16,077",±977,(X),(X),"8,153","±1,002",(X),(X),"7,924",±568,(X),(X),"15,520","±1,108",(X),(X),"7,019",±742,(X),(X),"8,501",±817,(X),(X),"32,640","±1,799",(X),(X),"15,819","±1,238",(X),(X),"16,821","±1,289",(X),(X),"8,721",±655,(X),(X),"4,389",±389,(X),(X),"4,332",±422,(X),(X),"41,914,845","±33,511",(X),(X),"20,920,715","±24,215",(X),(X),"20,994,130","±22,812",(X),(X)
        High school graduate or higher,"37,034","±1,540",91.80%,±2.2,"19,272","±1,005",93.10%,±2.9,"17,762",±899,90.60%,±2.8,"14,279","±1,736",91.00%,±6.2,"6,394",±839,87.50%,±7.9,"7,885","±1,198",94.10%,±5.4,"16,814","±1,287",99.00%,±1.0,"7,975",±717,98.30%,±2.0,"8,839",±774,99.70%,±0.4,"10,482","±1,239",88.50%,±6.9,"4,712",±570,87.20%,±8.8,"5,770","±1,148",89.70%,±9.6,"6,926",±461,90.00%,±3.7,"3,706",±302,87.20%,±5.2,"3,220",±390,93.60%,±5.5,"9,786",±628,93.80%,±4.5,"4,578",±350,90.90%,±8.4,"5,208",±456,96.50%,±3.9,"45,975","±1,766",90.20%,±3.0,"21,156","±1,281",87.10%,±4.8,"24,819","±1,146",93.00%,±3.4,"14,930","±1,152",92.90%,±5.1,"7,658",±942,93.90%,±4.5,"7,272",±863,91.80%,±9.0,"13,310","±1,524",85.80%,±6.5,"5,973",±949,85.10%,±8.3,"7,337","±1,018",86.30%,±8.3,"27,290","±1,647",83.60%,±4.1,"13,093",±960,82.80%,±6.0,"14,197","±1,042",84.40%,±5.5,"7,743",±457,88.80%,±7.2,"3,898",±380,88.80%,±6.4,"3,845",±240,88.80%,±11.0,"37,310,520","±53,369",89.00%,±0.1,"18,358,431","±32,890",87.80%,±0.1,"18,952,089","±34,714",90.30%,±0.1
        Bachelor's degree or higher,"15,485","±1,986",38.40%,±4.4,"7,512","±1,225",36.30%,±5.1,"7,973","±1,392",40.60%,±6.5,"4,166","±1,279",26.60%,±7.7,"1,816",±721,24.80%,±9.6,"2,350",±789,28.10%,±8.9,"6,043","±1,271",35.60%,±7.1,"2,734",±707,33.70%,±9.3,"3,309",±947,37.30%,±10.1,"4,153","±1,158",35.10%,±9.9,"1,702",±850,31.50%,±16.3,"2,451",±784,38.10%,±11.1,741,±468,9.60%,±5.9,327,±362,7.70%,±8.5,414,±331,12.00%,±9.0,"2,205",±868,21.10%,±8.1,862,±482,17.10%,±9.6,"1,343",±652,24.90%,±11.7,"20,369","±2,422",40.00%,±4.8,"9,702","±1,462",40.00%,±5.9,"10,667","±1,848",40.00%,±7.0,"4,963","±1,133",30.90%,±7.1,"1,762",±653,21.60%,±7.7,"3,201",±841,40.40%,±9.5,"4,319","±1,325",27.80%,±7.9,"2,115",±828,30.10%,±11.0,"2,204",±783,25.90%,±8.5,"10,823","±1,681",33.20%,±5.2,"4,108","±1,160",26.00%,±7.4,"6,715","±1,143",39.90%,±7.1,"1,455",±592,16.70%,±6.8,670,±360,15.30%,±8.0,785,±329,18.10%,±7.7,"15,688,232","±73,536",37.40%,±0.2,"7,051,332","±39,031",33.70%,±0.2,"8,636,900","±46,808",41.10%,±0.2
    Population 45 to 64 years,"63,571","±1,279",(X),(X),"30,941",±615,(X),(X),"32,630",±905,(X),(X),"24,839","±1,394",(X),(X),"11,580",±709,(X),(X),"13,259","±1,189",(X),(X),"27,104",±939,(X),(X),"13,194",±632,(X),(X),"13,910",±746,(X),(X),"25,936",±782,(X),(X),"11,839",±523,(X),(X),"14,097",±681,(X),(X),"17,103",*****,(X),(X),"8,253",*****,(X),(X),"8,850",*****,(X),(X),"18,286",±948,(X),(X),"8,795",±508,(X),(X),"9,491",±515,(X),(X),"96,189","±1,312",(X),(X),"44,819",±722,(X),(X),"51,370",±883,(X),(X),"31,152","±1,045",(X),(X),"15,737",±896,(X),(X),"15,415",±815,(X),(X),"31,118","±1,268",(X),(X),"16,168",±825,(X),(X),"14,950",±788,(X),(X),"50,243","±2,227",(X),(X),"25,278","±1,610",(X),(X),"24,965","±1,411",(X),(X),"19,744",±534,(X),(X),"9,688",±374,(X),(X),"10,056",±460,(X),(X),"83,331,220","±42,888",(X),(X),"40,646,797","±27,200",(X),(X),"42,684,423","±26,492",(X),(X)
        High school graduate or higher,"55,436","±2,061",87.20%,±2.5,"26,419","±1,265",85.40%,±3.5,"29,017","±1,233",88.90%,±2.7,"22,915","±1,324",92.30%,±3.7,"10,961",±795,94.70%,±3.8,"11,954","±1,012",90.20%,±6.4,"25,083","±1,171",92.50%,±2.9,"12,609",±798,95.60%,±3.6,"12,474",±763,89.70%,±5.0,"24,024",±978,92.60%,±2.8,"10,445",±727,88.20%,±5.0,"13,579",±638,96.30%,±3.2,"15,006",±701,87.70%,±4.1,"7,276",±390,88.20%,±4.7,"7,730",±566,87.30%,±6.4,"15,784",±964,86.30%,±5.3,"7,267",±660,82.60%,±7.0,"8,517",±562,89.70%,±5.5,"90,047","±2,135",93.60%,±1.7,"41,532","±1,307",92.70%,±2.5,"48,515","±1,297",94.40%,±2.0,"28,004","±1,300",89.90%,±2.8,"13,356","±1,201",84.90%,±5.4,"14,648",±853,95.00%,±2.1,"26,968","±1,320",86.70%,±3.4,"13,892",±959,85.90%,±5.0,"13,076",±906,87.50%,±5.2,"42,496","±1,857",84.60%,±3.7,"21,044","±1,163",83.30%,±4.6,"21,452","±1,283",85.90%,±5.5,"16,238","±1,418",82.20%,±6.8,"6,988","±1,268",72.10%,±12.6,"9,250",±666,92.00%,±4.3,"73,820,286","±78,538",88.60%,±0.1,"35,576,443","±46,237",87.50%,±0.1,"38,243,843","±48,481",89.60%,±0.1
        Bachelor's degree or higher,"19,923","±2,076",31.30%,±3.2,"10,435","±1,384",33.70%,±4.4,"9,488","±1,161",29.10%,±3.4,"6,913","±1,628",27.80%,±6.1,"2,733",±855,23.60%,±6.9,"4,180","±1,222",31.50%,±8.4,"6,855","±1,219",25.30%,±4.4,"2,921",±728,22.10%,±5.4,"3,934",±902,28.30%,±6.4,"7,716","±1,233",29.80%,±4.8,"3,343",±806,28.20%,±6.9,"4,373","±1,127",31.00%,±7.9,"3,819",±878,22.30%,±5.1,"1,242",±498,15.00%,±6.0,"2,577",±712,29.10%,±8.0,"3,684",±837,20.10%,±4.6,"1,902",±554,21.60%,±6.2,"1,782",±502,18.80%,±5.4,"31,457","±2,711",32.70%,±2.7,"13,542","±1,532",30.20%,±3.3,"17,915","±1,907",34.90%,±3.7,"6,457","±1,475",20.70%,±4.9,"2,965",±967,18.80%,±6.1,"3,492",±972,22.70%,±6.4,"6,643","±1,654",21.30%,±5.2,"3,162",±984,19.60%,±5.9,"3,481",±913,23.30%,±6.1,"15,402","±2,184",30.70%,±4.2,"7,283","±1,156",28.80%,±4.7,"8,119","±1,418",32.50%,±5.6,"2,489",±925,12.60%,±4.6,962,±496,9.90%,±5.1,"1,527",±654,15.20%,±6.3,"26,523,511","±107,540",31.80%,±0.1,"12,456,376","±55,788",30.60%,±0.1,"14,067,135","±67,314",33.00%,±0.2
    Population 65 years and over,"38,185",±608,(X),(X),"16,906",±236,(X),(X),"21,279",±553,(X),(X),"14,881",±508,(X),(X),"6,179",±185,(X),(X),"8,702",±483,(X),(X),"16,110",±613,(X),(X),"6,825",±287,(X),(X),"9,285",±620,(X),(X),"23,799",±515,(X),(X),"10,833",±455,(X),(X),"12,966",±250,(X),(X),"12,014",*****,(X),(X),"5,212",*****,(X),(X),"6,802",*****,(X),(X),"10,403",±258,(X),(X),"4,590",±138,(X),(X),"5,813",±172,(X),(X),"63,974",±662,(X),(X),"27,694",±409,(X),(X),"36,280",±503,(X),(X),"22,598",±591,(X),(X),"10,171",±300,(X),(X),"12,427",±451,(X),(X),"21,669",±920,(X),(X),"8,782",±317,(X),(X),"12,887",±794,(X),(X),"29,158",±764,(X),(X),"12,949",±589,(X),(X),"16,209",±522,(X),(X),"13,215",±334,(X),(X),"5,826",±229,(X),(X),"7,389",±227,(X),(X),"54,074,028","±24,915",(X),(X),"24,044,281","±16,352",(X),(X),"30,029,747","±17,170",(X),(X)
        High school graduate or higher,"33,353","±1,348",87.30%,±3.0,"15,284",±528,90.40%,±3.0,"18,069","±1,139",84.90%,±4.4,"13,184",±748,88.60%,±4.3,"5,402",±402,87.40%,±6.0,"7,782",±534,89.40%,±5.1,"14,131","±1,081",87.70%,±5.1,"6,140",±623,90.00%,±7.0,"7,991",±819,86.10%,±5.7,"21,317",±783,89.60%,±3.3,"9,913",±560,91.50%,±4.3,"11,404",±624,88.00%,±4.6,"9,360",±711,77.90%,±5.9,"4,329",±384,83.10%,±7.4,"5,031",±576,74.00%,±8.5,"8,902",±462,85.60%,±4.6,"4,046",±265,88.10%,±5.9,"4,856",±349,83.50%,±6.1,"56,910","±1,446",89.00%,±2.1,"24,763",±758,89.40%,±2.8,"32,147","±1,196",88.60%,±3.0,"19,318","±1,076",85.50%,±4.3,"8,787",±615,86.40%,±6.1,"10,531",±898,84.70%,±6.5,"17,180","±1,334",79.30%,±5.1,"6,950",±713,79.10%,±7.8,"10,230","±1,095",79.40%,±6.8,"24,241","±1,198",83.10%,±4.0,"11,413",±705,88.10%,±5.5,"12,828",±882,79.10%,±5.9,"9,664","±1,146",73.10%,±8.1,"4,367",±656,75.00%,±10.4,"5,297",±814,71.70%,±10.7,"46,359,255","±51,809",85.70%,±0.1,"20,772,368","±34,793",86.40%,±0.1,"25,586,887","±37,275",85.20%,±0.1
        Bachelor's degree or higher,"11,243","±1,551",29.40%,±3.9,"5,718",±875,33.80%,±5.0,"5,525","±1,122",26.00%,±5.0,"3,274",±836,22.00%,±5.6,"1,627",±549,26.30%,±8.9,"1,647",±532,18.90%,±6.0,"4,475",±947,27.80%,±5.7,"2,260",±651,33.10%,±8.7,"2,215",±621,23.90%,±6.7,"6,848","±1,298",28.80%,±5.5,"3,524",±770,32.50%,±7.3,"3,324",±942,25.60%,±7.3,"2,309",±691,19.20%,±5.8,817,±381,15.70%,±7.3,"1,492",±481,21.90%,±7.1,"1,629",±502,15.70%,±4.8,933,±344,20.30%,±7.5,696,±291,12.00%,±5.0,"21,711","±1,915",33.90%,±3.0,"11,247","±1,268",40.60%,±4.6,"10,464","±1,421",28.80%,±3.9,"5,947","±1,697",26.30%,±7.4,"3,115",±909,30.60%,±9.0,"2,832",±992,22.80%,±7.9,"5,203","±1,197",24.00%,±5.4,"1,971",±578,22.40%,±6.6,"3,232",±997,25.10%,±7.5,"7,208","±1,127",24.70%,±3.9,"3,845",±768,29.70%,±6.1,"3,363",±722,20.70%,±4.5,"2,132",±840,16.10%,±6.2,"1,196",±596,20.50%,±10.1,936,±395,12.70%,±5.3,"15,452,363","±55,467",28.60%,±0.1,"7,994,071","±35,710",33.20%,±0.1,"7,458,292","±35,848",24.80%,±0.1
RACE AND HISPANIC OR LATINO ORIGIN BY EDUCATIONAL ATTAINMENT,,,,,,,,,,,,,,,,,,,,,,,,,,,,,,,,,,,,,,,,,,,,,,,,,,,,,,,,,,,,,,,,,,,,,,,,,,,,,,,,,,,,,,,,,,,,,,,,,,,,,,,,,,,,,,,,,,,,,,,,,,,,,,,,,,,,,,,,,,,,,,,,
    White alone,"162,642","±1,126",(X),(X),"78,787",±714,(X),(X),"83,855",±591,(X),(X),"61,026","±1,524",(X),(X),"29,569","±1,501",(X),(X),"31,457",±753,(X),(X),"66,806",±854,(X),(X),"32,209",±468,(X),(X),"34,597",±564,(X),(X),"63,966",±486,(X),(X),"29,763",±476,(X),(X),"34,203",±435,(X),(X),"20,525",±503,(X),(X),"10,358",±277,(X),(X),"10,167",±336,(X),(X),"44,628",±378,(X),(X),"21,200",±427,(X),(X),"23,428",±339,(X),(X),"160,700","±1,524",(X),(X),"76,772","±1,053",(X),(X),"83,928",±937,(X),(X),"76,299",±567,(X),(X),"36,995",±296,(X),(X),"39,304",±426,(X),(X),"66,627","±1,234",(X),(X),"31,824",±685,(X),(X),"34,803",±734,(X),(X),"122,132","±2,563",(X),(X),"59,118","±1,624",(X),(X),"63,014","±1,158",(X),(X),"47,961",±491,(X),(X),"22,740",±330,(X),(X),"25,221",±230,(X),(X),"167,334,031","±67,944",(X),(X),"81,503,222","±46,765",(X),(X),"85,830,809","±35,285",(X),(X)
        High school graduate or higher,"146,206","±2,575",89.90%,±1.5,"71,419","±1,627",90.60%,±1.9,"74,787","±1,692",89.20%,±2.0,"54,340","±1,533",89.00%,±3.5,"25,885",±862,87.50%,±5.2,"28,455",±997,90.50%,±3.7,"62,812","±1,222",94.00%,±1.6,"30,549",±791,94.80%,±2.3,"32,263",±973,93.30%,±2.3,"58,904","±1,303",92.10%,±1.9,"27,011","±1,085",90.80%,±3.2,"31,893",±820,93.20%,±2.2,"17,386",±838,84.70%,±3.8,"8,550",±655,82.50%,±5.9,"8,836",±592,86.90%,±5.4,"40,360",±945,90.40%,±2.3,"18,996",±729,89.60%,±3.4,"21,364",±753,91.20%,±2.8,"149,286","±2,377",92.90%,±1.3,"71,216","±1,466",92.80%,±1.5,"78,070","±1,623",93.00%,±1.6,"68,385","±1,641",89.60%,±2.1,"32,590","±1,047",88.10%,±2.6,"35,795","±1,118",91.10%,±2.8,"58,663","±1,868",88.00%,±2.4,"28,234","±1,268",88.70%,±3.5,"30,429","±1,280",87.40%,±3.0,"107,961","±2,573",88.40%,±1.9,"52,604","±1,531",89.00%,±2.1,"55,357","±1,695",87.80%,±2.5,"39,138","±1,970",81.60%,±4.1,"17,420","±1,383",76.60%,±6.1,"21,718",±937,86.10%,±3.8,"151,274,037","±128,143",90.40%,±0.1,"73,141,588","±77,104",89.70%,±0.1,"78,132,449","±68,811",91.00%,±0.1
        Bachelor's degree or higher,"54,172","±3,508",33.30%,±2.2,"27,140","±2,121",34.40%,±2.7,"27,032","±2,300",32.20%,±2.8,"15,798","±2,529",25.90%,±4.2,"6,847","±1,370",23.20%,±4.8,"8,951","±1,532",28.50%,±4.8,"19,777","±2,037",29.60%,±3.1,"9,736","±1,200",30.20%,±3.7,"10,041","±1,376",29.00%,±4.0,"19,521","±2,314",30.50%,±3.6,"9,187","±1,553",30.90%,±5.2,"10,334","±1,763",30.20%,±5.1,"3,037",±727,14.80%,±3.7,925,±400,8.90%,±3.9,"2,112",±595,20.80%,±6.0,"9,120","±1,348",20.40%,±3.1,"4,474",±871,21.10%,±4.1,"4,646",±907,19.80%,±3.8,"63,156","±3,741",39.30%,±2.4,"31,631","±2,395",41.20%,±3.0,"31,525","±2,205",37.60%,±2.7,"20,937","±3,052",27.40%,±4.0,"9,344","±1,639",25.30%,±4.4,"11,593","±1,809",29.50%,±4.6,"17,652","±2,486",26.50%,±3.7,"8,345","±1,406",26.20%,±4.4,"9,307","±1,596",26.70%,±4.5,"42,400","±3,399",34.70%,±2.9,"19,378","±2,033",32.80%,±3.6,"23,022","±2,112",36.50%,±3.4,"7,880","±1,521",16.40%,±3.2,"3,196",±888,14.10%,±3.9,"4,684","±1,029",18.60%,±4.1,"57,614,239","±178,573",34.40%,±0.1,"27,574,216","±96,445",33.80%,±0.1,"30,040,023","±103,127",35.00%,±0.1
"    White alone, not Hispanic or Latino","141,585",±206,(X),(X),"68,179",±206,(X),(X),"73,406",±206,(X),(X),"57,644",±206,(X),(X),"27,314",±206,(X),(X),"30,330",±206,(X),(X),"65,284",±206,(X),(X),"31,567",±206,(X),(X),"33,717",±206,(X),(X),"62,089",±144,(X),(X),"28,957",±206,(X),(X),"33,132",±144,(X),(X),"20,465",±512,(X),(X),"10,344",±276,(X),(X),"10,121",±347,(X),(X),"42,849",±206,(X),(X),"20,533",±206,(X),(X),"22,316",±206,(X),(X),"152,977",±518,(X),(X),"72,796",±105,(X),(X),"80,181",±471,(X),(X),"73,922",±206,(X),(X),"35,589",±206,(X),(X),"38,333",±206,(X),(X),"63,688",±206,(X),(X),"30,281",±206,(X),(X),"33,407",±206,(X),(X),"110,842",±645,(X),(X),"53,468",±605,(X),(X),"57,374",±247,(X),(X),"46,918",±206,(X),(X),"22,292",±206,(X),(X),"24,626",±206,(X),(X),"144,203,068","±19,329",(X),(X),"70,079,401","±12,781",(X),(X),"74,123,667","±10,510",(X),(X)
        High school graduate or higher,"132,243","±1,753",93.40%,±1.2,"63,983",±986,93.80%,±1.4,"68,260","±1,394",93.00%,±1.9,"53,474","±1,389",92.80%,±2.4,"25,350",±755,92.80%,±2.8,"28,124",±890,92.70%,±2.9,"61,463","±1,084",94.10%,±1.7,"30,080",±719,95.30%,±2.3,"31,383",±790,93.10%,±2.3,"57,702","±1,233",92.90%,±2.0,"26,383",±929,91.10%,±3.2,"31,319",±734,94.50%,±2.1,"17,386",±838,85.00%,±3.7,"8,550",±655,82.70%,±5.8,"8,836",±592,87.30%,±5.3,"39,111",±845,91.30%,±2.0,"18,592",±631,90.50%,±3.1,"20,519",±600,91.90%,±2.7,"144,158","±2,001",94.20%,±1.3,"68,270","±1,123",93.80%,±1.5,"75,888","±1,397",94.60%,±1.7,"66,820","±1,557",90.40%,±2.1,"31,730",±932,89.20%,±2.6,"35,090","±1,103",91.50%,±2.9,"56,305","±1,493",88.40%,±2.3,"27,058","±1,022",89.40%,±3.4,"29,247","±1,006",87.50%,±3.0,"103,098","±1,934",93.00%,±1.6,"50,437","±1,051",94.30%,±1.6,"52,661","±1,373",91.80%,±2.3,"38,386","±1,992",81.80%,±4.2,"17,104","±1,391",76.70%,±6.2,"21,282",±959,86.40%,±3.9,"134,556,337","±77,731",93.30%,±0.1,"65,002,939","±44,268",92.80%,±0.1,"69,553,398","±43,771",93.80%,±0.1
        Bachelor's degree or higher,"51,800","±3,355",36.60%,±2.4,"25,890","±2,064",38.00%,±3.0,"25,910","±2,211",35.30%,±3.0,"15,339","±2,402",26.60%,±4.2,"6,587","±1,349",24.10%,±4.9,"8,752","±1,486",28.90%,±4.9,"19,496","±2,058",29.90%,±3.2,"9,541","±1,196",30.20%,±3.8,"9,955","±1,385",29.50%,±4.1,"19,252","±2,287",31.00%,±3.7,"9,187","±1,553",31.70%,±5.4,"10,065","±1,694",30.40%,±5.1,"3,037",±727,14.80%,±3.7,925,±400,8.90%,±3.9,"2,112",±595,20.90%,±6.0,"8,731","±1,323",20.40%,±3.1,"4,474",±871,21.80%,±4.2,"4,257",±807,19.10%,±3.6,"62,003","±3,754",40.50%,±2.5,"30,912","±2,378",42.50%,±3.3,"31,091","±2,201",38.80%,±2.7,"20,798","±3,034",28.10%,±4.1,"9,290","±1,652",26.10%,±4.6,"11,508","±1,771",30.00%,±4.6,"17,042","±2,404",26.80%,±3.8,"8,105","±1,393",26.80%,±4.6,"8,937","±1,465",26.80%,±4.4,"41,771","±3,425",37.70%,±3.1,"19,112","±2,096",35.70%,±3.9,"22,659","±2,095",39.50%,±3.6,"7,880","±1,521",16.80%,±3.2,"3,196",±888,14.30%,±4.0,"4,684","±1,029",19.00%,±4.2,"53,161,917","±149,450",36.90%,±0.1,"25,550,556","±82,137",36.50%,±0.1,"27,611,361","±89,547",37.30%,±0.1
    Black alone,"2,722",±561,(X),(X),"1,191",±346,(X),(X),"1,531",±481,(X),(X),"8,013","±1,060",(X),(X),"2,555",±821,(X),(X),"5,458",±970,(X),(X),"8,238",±621,(X),(X),"3,168",±584,(X),(X),"5,070",±668,(X),(X),"5,699",±634,(X),(X),"2,033",±675,(X),(X),"3,666",±332,(X),(X),"23,672","±1,128",(X),(X),"11,390",±474,(X),(X),"12,282",±873,(X),(X),"3,166",±729,(X),(X),"1,383",±456,(X),(X),"1,783",±491,(X),(X),"92,739",±779,(X),(X),"40,254",±503,(X),(X),"52,485",±553,(X),(X),"5,599","±1,266",(X),(X),"3,391",±523,(X),(X),"2,208",±927,(X),(X),"5,488",±677,(X),(X),"2,549",±371,(X),(X),"2,939",±529,(X),(X),"4,341",±675,(X),(X),"2,384",±400,(X),(X),"1,957",±631,(X),(X),N,N,(X),(X),N,N,(X),(X),N,N,(X),(X),"27,336,967","±36,368",(X),(X),"12,615,129","±23,931",(X),(X),"14,721,838","±27,233",(X),(X)
        High school graduate or higher,"2,567",±545,94.30%,±5.7,"1,076",±337,90.30%,±11.5,"1,491",±485,97.40%,±4.7,"7,456","±1,055",93.00%,±6.3,"2,286",±783,89.50%,±12.2,"5,170",±819,94.70%,±7.5,"7,556",±822,91.70%,±7.2,"3,138",±582,99.10%,±2.1,"4,418",±801,87.10%,±11.6,"5,230",±676,91.80%,±5.5,"1,944",±678,95.60%,±6.6,"3,286",±453,89.60%,±8.2,"20,788","±1,469",87.80%,±3.7,"10,318",±678,90.60%,±4.6,"10,470","±1,067",85.20%,±5.0,"2,387",±752,75.40%,±14.4,976,±482,70.60%,±24.9,"1,411",±440,79.10%,±13.0,"83,543","±2,445",90.10%,±2.3,"35,629","±1,443",88.50%,±3.2,"47,914","±1,687",91.30%,±2.8,"5,204","±1,241",92.90%,±8.7,"3,040",±539,89.60%,±12.4,"2,164",±922,98.00%,±3.3,"4,336",±886,79.00%,±13.8,"1,904",±494,74.70%,±20.1,"2,432",±655,82.70%,±13.0,"3,651",±745,84.10%,±11.4,"2,076",±520,87.10%,±16.0,"1,575",±640,80.50%,±18.3,N,N,N,N,N,N,N,N,N,N,N,N,"23,799,881","±50,444",87.10%,±0.1,"10,831,809","±36,150",85.90%,±0.2,"12,968,072","±35,719",88.10%,±0.2
        Bachelor's degree or higher,"1,522",±446,55.90%,±15.4,832,±286,69.90%,±19.9,690,±315,45.10%,±17.6,"1,491","±1,171",18.60%,±14.5,434,±438,17.00%,±17.1,"1,057",±870,19.40%,±15.2,"2,326","±1,010",28.20%,±11.8,824,±511,26.00%,±14.1,"1,502",±774,29.60%,±14.8,654,±585,11.50%,±10.2,114,±152,5.60%,±7.3,540,±558,14.70%,±15.6,"5,156","±1,068",21.80%,±4.5,"1,839",±770,16.10%,±6.7,"3,317",±806,27.00%,±6.7,153,±170,4.80%,±5.2,36,±63,2.60%,±4.6,117,±130,6.60%,±7.1,"23,397","±3,287",25.20%,±3.5,"9,370","±2,122",23.30%,±5.2,"14,027","±2,246",26.70%,±4.2,957,±572,17.10%,±11.5,475,±546,14.00%,±17.0,482,±369,21.80%,±15.1,"1,242",±765,22.60%,±12.8,89,±157,3.50%,±6.2,"1,153",±722,39.20%,±20.4,718,±493,16.50%,±10.8,181,±287,7.60%,±12.2,537,±406,27.40%,±18.3,N,N,N,N,N,N,N,N,N,N,N,N,"6,164,066","±48,286",22.50%,±0.2,"2,481,765","±29,631",19.70%,±0.2,"3,682,301","±33,884",25.00%,±0.2
    American Indian or Alaska Native alone,"2,926",±538,(X),(X),"1,332",±417,(X),(X),"1,594",±497,(X),(X),N,N,(X),(X),N,N,(X),(X),N,N,(X),(X),N,N,(X),(X),N,N,(X),(X),N,N,(X),(X),N,N,(X),(X),N,N,(X),(X),N,N,(X),(X),N,N,(X),(X),N,N,(X),(X),N,N,(X),(X),N,N,(X),(X),N,N,(X),(X),N,N,(X),(X),N,N,(X),(X),N,N,(X),(X),N,N,(X),(X),N,N,(X),(X),N,N,(X),(X),N,N,(X),(X),N,N,(X),(X),N,N,(X),(X),N,N,(X),(X),N,N,(X),(X),N,N,(X),(X),N,N,(X),(X),N,N,(X),(X),N,N,(X),(X),N,N,(X),(X),"1,802,438","±22,359",(X),(X),"878,986","±15,406",(X),(X),"923,452","±13,293",(X),(X)
        High school graduate or higher,"2,390",±517,81.70%,±17.3,"1,247",±395,93.60%,±9.7,"1,143",±392,71.70%,±29.5,N,N,N,N,N,N,N,N,N,N,N,N,N,N,N,N,N,N,N,N,N,N,N,N,N,N,N,N,N,N,N,N,N,N,N,N,N,N,N,N,N,N,N,N,N,N,N,N,N,N,N,N,N,N,N,N,N,N,N,N,N,N,N,N,N,N,N,N,N,N,N,N,N,N,N,N,N,N,N,N,N,N,N,N,N,N,N,N,N,N,N,N,N,N,N,N,N,N,N,N,N,N,N,N,N,N,N,N,N,N,N,N,N,N,N,N,N,N,N,N,"1,469,556","±20,692",81.50%,±0.6,"706,492","±13,111",80.40%,±0.8,"763,064","±14,113",82.60%,±0.7
        Bachelor's degree or higher,352,±279,12.00%,±9.7,184,±236,13.80%,±17.9,168,±165,10.50%,±11.0,N,N,N,N,N,N,N,N,N,N,N,N,N,N,N,N,N,N,N,N,N,N,N,N,N,N,N,N,N,N,N,N,N,N,N,N,N,N,N,N,N,N,N,N,N,N,N,N,N,N,N,N,N,N,N,N,N,N,N,N,N,N,N,N,N,N,N,N,N,N,N,N,N,N,N,N,N,N,N,N,N,N,N,N,N,N,N,N,N,N,N,N,N,N,N,N,N,N,N,N,N,N,N,N,N,N,N,N,N,N,N,N,N,N,N,N,N,N,N,N,"289,540","±8,534",16.10%,±0.5,"127,481","±5,754",14.50%,±0.6,"162,059","±6,737",17.50%,±0.7
    Asian alone,"7,890",±743,(X),(X),"4,164",±656,(X),(X),"3,726",±486,(X),(X),N,N,(X),(X),N,N,(X),(X),N,N,(X),(X),N,N,(X),(X),N,N,(X),(X),N,N,(X),(X),N,N,(X),(X),N,N,(X),(X),N,N,(X),(X),N,N,(X),(X),N,N,(X),(X),N,N,(X),(X),N,N,(X),(X),N,N,(X),(X),N,N,(X),(X),"6,224",±537,(X),(X),"3,094",±365,(X),(X),"3,130",±397,(X),(X),N,N,(X),(X),N,N,(X),(X),N,N,(X),(X),"3,538",±554,(X),(X),"1,108",±373,(X),(X),"2,430",±385,(X),(X),"3,196",±618,(X),(X),"1,667",±406,(X),(X),"1,529",±414,(X),(X),N,N,(X),(X),N,N,(X),(X),N,N,(X),(X),"13,381,406","±28,077",(X),(X),"6,167,780","±18,761",(X),(X),"7,213,626","±19,397",(X),(X)
        High school graduate or higher,"7,605",±774,96.40%,±3.6,"4,116",±645,98.80%,±1.9,"3,489",±590,93.60%,±6.7,N,N,N,N,N,N,N,N,N,N,N,N,N,N,N,N,N,N,N,N,N,N,N,N,N,N,N,N,N,N,N,N,N,N,N,N,N,N,N,N,N,N,N,N,N,N,N,N,N,N,N,N,N,N,N,N,N,N,N,N,"6,110",±563,98.20%,±3.2,"3,094",±365,100.00%,±5.5,"3,016",±437,96.40%,±6.3,N,N,N,N,N,N,N,N,N,N,N,N,"3,172",±586,89.70%,±7.5,925,±377,83.50%,±15.0,"2,247",±417,92.50%,±6.4,"2,541",±667,79.50%,±14.8,"1,202",±483,72.10%,±21.9,"1,339",±376,87.60%,±10.7,N,N,N,N,N,N,N,N,N,N,N,N,"11,747,079","±36,349",87.80%,±0.2,"5,515,960","±20,475",89.40%,±0.2,"6,231,119","±23,264",86.40%,±0.2
        Bachelor's degree or higher,"6,183","±1,127",78.40%,±10.6,"3,405",±720,81.80%,±9.9,"2,778",±873,74.60%,±16.4,N,N,N,N,N,N,N,N,N,N,N,N,N,N,N,N,N,N,N,N,N,N,N,N,N,N,N,N,N,N,N,N,N,N,N,N,N,N,N,N,N,N,N,N,N,N,N,N,N,N,N,N,N,N,N,N,N,N,N,N,"4,441",±654,71.40%,±7.9,"2,618",±484,84.60%,±11.2,"1,823",±486,58.20%,±11.6,N,N,N,N,N,N,N,N,N,N,N,N,"1,581",±648,44.70%,±17.0,418,±364,37.70%,±29.9,"1,163",±498,47.90%,±18.5,"1,483",±727,46.40%,±22.4,812,±575,48.70%,±31.8,671,±298,43.90%,±18.8,N,N,N,N,N,N,N,N,N,N,N,N,"7,434,848","±41,840",55.60%,±0.3,"3,553,501","±25,926",57.60%,±0.4,"3,881,347","±22,789",53.80%,±0.3
    Native Hawaiian and Other Pacific Islander alone,N,N,(X),(X),N,N,(X),(X),N,N,(X),(X),N,N,(X),(X),N,N,(X),(X),N,N,(X),(X),N,N,(X),(X),N,N,(X),(X),N,N,(X),(X),N,N,(X),(X),N,N,(X),(X),N,N,(X),(X),N,N,(X),(X),N,N,(X),(X),N,N,(X),(X),N,N,(X),(X),N,N,(X),(X),N,N,(X),(X),N,N,(X),(X),N,N,(X),(X),N,N,(X),(X),N,N,(X),(X),N,N,(X),(X),N,N,(X),(X),N,N,(X),(X),N,N,(X),(X),N,N,(X),(X),N,N,(X),(X),N,N,(X),(X),N,N,(X),(X),N,N,(X),(X),N,N,(X),(X),N,N,(X),(X),"395,310","±10,730",(X),(X),"190,929","±6,660",(X),(X),"204,381","±7,186",(X),(X)
        High school graduate or higher,N,N,N,N,N,N,N,N,N,N,N,N,N,N,N,N,N,N,N,N,N,N,N,N,N,N,N,N,N,N,N,N,N,N,N,N,N,N,N,N,N,N,N,N,N,N,N,N,N,N,N,N,N,N,N,N,N,N,N,N,N,N,N,N,N,N,N,N,N,N,N,N,N,N,N,N,N,N,N,N,N,N,N,N,N,N,N,N,N,N,N,N,N,N,N,N,N,N,N,N,N,N,N,N,N,N,N,N,N,N,N,N,N,N,N,N,N,N,N,N,N,N,N,N,N,N,N,N,N,N,N,N,"341,078","±10,486",86.30%,±1.2,"164,777","±6,557",86.30%,±1.5,"176,301","±7,178",86.30%,±1.5
        Bachelor's degree or higher,N,N,N,N,N,N,N,N,N,N,N,N,N,N,N,N,N,N,N,N,N,N,N,N,N,N,N,N,N,N,N,N,N,N,N,N,N,N,N,N,N,N,N,N,N,N,N,N,N,N,N,N,N,N,N,N,N,N,N,N,N,N,N,N,N,N,N,N,N,N,N,N,N,N,N,N,N,N,N,N,N,N,N,N,N,N,N,N,N,N,N,N,N,N,N,N,N,N,N,N,N,N,N,N,N,N,N,N,N,N,N,N,N,N,N,N,N,N,N,N,N,N,N,N,N,N,N,N,N,N,N,N,"71,507","±5,501",18.10%,±1.3,"32,507","±3,127",17.00%,±1.5,"39,000","±3,904",19.10%,±1.8
    Some other race alone,"3,112","±1,008",(X),(X),"1,793",±615,(X),(X),"1,319",±547,(X),(X),N,N,(X),(X),N,N,(X),(X),N,N,(X),(X),N,N,(X),(X),N,N,(X),(X),N,N,(X),(X),N,N,(X),(X),N,N,(X),(X),N,N,(X),(X),N,N,(X),(X),N,N,(X),(X),N,N,(X),(X),N,N,(X),(X),N,N,(X),(X),N,N,(X),(X),N,N,(X),(X),N,N,(X),(X),N,N,(X),(X),N,N,(X),(X),N,N,(X),(X),N,N,(X),(X),N,N,(X),(X),N,N,(X),(X),N,N,(X),(X),"8,566","±2,567",(X),(X),"4,549","±1,591",(X),(X),"4,017","±1,171",(X),(X),N,N,(X),(X),N,N,(X),(X),N,N,(X),(X),"9,752,522","±63,527",(X),(X),"4,962,511","±37,682",(X),(X),"4,790,011","±36,676",(X),(X)
        High school graduate or higher,"1,935",±752,62.20%,±13.9,"1,150",±599,64.10%,±18.1,785,±354,59.50%,±17.2,N,N,N,N,N,N,N,N,N,N,N,N,N,N,N,N,N,N,N,N,N,N,N,N,N,N,N,N,N,N,N,N,N,N,N,N,N,N,N,N,N,N,N,N,N,N,N,N,N,N,N,N,N,N,N,N,N,N,N,N,N,N,N,N,N,N,N,N,N,N,N,N,N,N,N,N,N,N,N,N,N,N,N,N,N,N,N,N,N,N,N,N,N,N,N,N,"3,330","±1,500",38.90%,±16.1,"1,457",±938,32.00%,±19.2,"1,873",±843,46.60%,±17.4,N,N,N,N,N,N,N,N,N,N,N,N,"6,283,268","±53,492",64.40%,±0.4,"3,142,888","±33,645",63.30%,±0.5,"3,140,380","±31,597",65.60%,±0.4
        Bachelor's degree or higher,277,±256,8.90%,±7.5,64,±106,3.60%,±5.6,213,±207,16.10%,±12.8,N,N,N,N,N,N,N,N,N,N,N,N,N,N,N,N,N,N,N,N,N,N,N,N,N,N,N,N,N,N,N,N,N,N,N,N,N,N,N,N,N,N,N,N,N,N,N,N,N,N,N,N,N,N,N,N,N,N,N,N,N,N,N,N,N,N,N,N,N,N,N,N,N,N,N,N,N,N,N,N,N,N,N,N,N,N,N,N,N,N,N,N,N,N,N,N,476,±479,5.60%,±5.9,411,±476,9.00%,±10.9,65,±83,1.60%,±2.2,N,N,N,N,N,N,N,N,N,N,N,N,"1,294,122","±24,766",13.30%,±0.2,"587,951","±15,568",11.80%,±0.3,"706,171","±16,347",14.70%,±0.3
    Two or more races,"3,291","±1,155",(X),(X),"1,520",±701,(X),(X),"1,771",±761,(X),(X),N,N,(X),(X),N,N,(X),(X),N,N,(X),(X),N,N,(X),(X),N,N,(X),(X),N,N,(X),(X),N,N,(X),(X),N,N,(X),(X),N,N,(X),(X),N,N,(X),(X),N,N,(X),(X),N,N,(X),(X),N,N,(X),(X),N,N,(X),(X),N,N,(X),(X),"3,416",±968,(X),(X),"1,640",±670,(X),(X),"1,776",±695,(X),(X),N,N,(X),(X),N,N,(X),(X),N,N,(X),(X),N,N,(X),(X),N,N,(X),(X),N,N,(X),(X),N,N,(X),(X),N,N,(X),(X),N,N,(X),(X),N,N,(X),(X),N,N,(X),(X),N,N,(X),(X),"4,895,894","±66,473",(X),(X),"2,392,535","±37,999",(X),(X),"2,503,359","±38,158",(X),(X)
        High school graduate or higher,"3,239","±1,130",98.40%,±2.4,"1,520",±701,100.00%,±10.9,"1,719",±736,97.10%,±4.5,N,N,N,N,N,N,N,N,N,N,N,N,N,N,N,N,N,N,N,N,N,N,N,N,N,N,N,N,N,N,N,N,N,N,N,N,N,N,N,N,N,N,N,N,N,N,N,N,N,N,N,N,N,N,N,N,N,N,N,N,"3,067",±912,89.80%,±8.7,"1,443",±635,88.00%,±13.5,"1,624",±663,91.40%,±10.6,N,N,N,N,N,N,N,N,N,N,N,N,N,N,N,N,N,N,N,N,N,N,N,N,N,N,N,N,N,N,N,N,N,N,N,N,N,N,N,N,N,N,N,N,N,N,N,N,"4,365,128","±62,657",89.20%,±0.3,"2,120,648","±34,361",88.60%,±0.4,"2,244,480","±37,418",89.70%,±0.4
        Bachelor's degree or higher,"1,623",±768,49.30%,±14.8,949,±560,62.40%,±20.0,674,±397,38.10%,±19.3,N,N,N,N,N,N,N,N,N,N,N,N,N,N,N,N,N,N,N,N,N,N,N,N,N,N,N,N,N,N,N,N,N,N,N,N,N,N,N,N,N,N,N,N,N,N,N,N,N,N,N,N,N,N,N,N,N,N,N,N,"1,573",±686,46.00%,±15.8,715,±483,43.60%,±22.0,858,±401,48.30%,±17.1,N,N,N,N,N,N,N,N,N,N,N,N,N,N,N,N,N,N,N,N,N,N,N,N,N,N,N,N,N,N,N,N,N,N,N,N,N,N,N,N,N,N,N,N,N,N,N,N,"1,633,329","±31,096",33.40%,±0.4,"744,993","±18,866",31.10%,±0.6,"888,336","±20,220",35.50%,±0.5
    Hispanic or Latino Origin,"24,903",*****,(X),(X),"12,846",*****,(X),(X),"12,057",*****,(X),(X),N,N,(X),(X),N,N,(X),(X),N,N,(X),(X),N,N,(X),(X),N,N,(X),(X),N,N,(X),(X),"2,436",±551,(X),(X),"1,057",±548,(X),(X),"1,379",±408,(X),(X),N,N,(X),(X),N,N,(X),(X),N,N,(X),(X),N,N,(X),(X),N,N,(X),(X),N,N,(X),(X),"12,597",±531,(X),(X),"7,010",±531,(X),(X),"5,587",*****,(X),(X),"2,893",±536,(X),(X),"1,683",±154,(X),(X),"1,210",±476,(X),(X),"9,442",±644,(X),(X),"4,357",±587,(X),(X),"5,085",±626,(X),(X),"19,950",*****,(X),(X),"10,347",*****,(X),(X),"9,603",*****,(X),(X),N,N,(X),(X),N,N,(X),(X),N,N,(X),(X),"34,949,077","±25,522",(X),(X),"17,427,118","±19,467",(X),(X),"17,521,959","±16,003",(X),(X)
        High school graduate or higher,"16,580","±1,543",66.60%,±6.2,"9,031","±1,035",70.30%,±8.1,"7,549",±882,62.60%,±7.3,N,N,N,N,N,N,N,N,N,N,N,N,N,N,N,N,N,N,N,N,N,N,N,N,"1,642",±466,67.40%,±18.3,760,±486,71.90%,±23.8,882,±425,64.00%,±29.2,N,N,N,N,N,N,N,N,N,N,N,N,N,N,N,N,N,N,N,N,N,N,N,N,"8,664","±1,068",68.80%,±8.3,"4,800",±945,68.50%,±13.2,"3,864",±570,69.20%,±10.2,"1,920",±496,66.40%,±13.5,"1,068",±409,63.50%,±21.1,852,±332,70.40%,±13.5,"5,212","±1,108",55.20%,±10.5,"2,244",±811,51.50%,±16.8,"2,968",±816,58.40%,±14.0,"7,958","±1,729",39.90%,±8.7,"3,541","±1,071",34.20%,±10.4,"4,417","±1,075",46.00%,±11.2,N,N,N,N,N,N,N,N,N,N,N,N,"24,623,646","±81,220",70.50%,±0.2,"12,088,356","±48,993",69.40%,±0.3,"12,535,290","±44,405",71.50%,±0.2
        Bachelor's degree or higher,"2,880",±901,11.60%,±3.6,"1,448",±592,11.30%,±4.6,"1,432",±542,11.90%,±4.5,N,N,N,N,N,N,N,N,N,N,N,N,N,N,N,N,N,N,N,N,N,N,N,N,276,±388,11.30%,±17.0,7,±14,0.70%,±1.2,269,±392,19.50%,±27.1,N,N,N,N,N,N,N,N,N,N,N,N,N,N,N,N,N,N,N,N,N,N,N,N,"2,112","±1,055",16.80%,±8.6,"1,017",±531,14.50%,±7.6,"1,095",±775,19.60%,±13.9,304,±292,10.50%,±9.6,185,±237,11.00%,±13.9,119,±159,9.80%,±12.6,985,±663,10.40%,±7.1,485,±410,11.10%,±9.7,500,±480,9.80%,±9.3,879,±488,4.40%,±2.4,451,±379,4.40%,±3.7,428,±281,4.50%,±2.9,N,N,N,N,N,N,N,N,N,N,N,N,"6,164,098","±60,655",17.60%,±0.2,"2,791,429","±35,288",16.00%,±0.2,"3,372,669","±37,288",19.20%,±0.2
POVERTY RATE FOR THE POPULATION 25 YEARS AND OVER FOR WHOM POVERTY STATUS IS DETERMINED BY EDUCATIONAL ATTAINMENT LEVEL,,,,,,,,,,,,,,,,,,,,,,,,,,,,,,,,,,,,,,,,,,,,,,,,,,,,,,,,,,,,,,,,,,,,,,,,,,,,,,,,,,,,,,,,,,,,,,,,,,,,,,,,,,,,,,,,,,,,,,,,,,,,,,,,,,,,,,,,,,,,,,,,
    Less than high school graduate,(X),(X),17.00%,±5.9,(X),(X),12.70%,±7.4,(X),(X),20.50%,±7.1,(X),(X),36.00%,±12.5,(X),(X),29.30%,±16.8,(X),(X),43.50%,±18.7,(X),(X),34.40%,±18.7,(X),(X),50.10%,±27.1,(X),(X),25.80%,±18.0,(X),(X),25.20%,±11.0,(X),(X),7.30%,±6.8,(X),(X),42.90%,±17.8,(X),(X),41.70%,±13.3,(X),(X),28.20%,±14.5,(X),(X),49.60%,±17.9,(X),(X),21.50%,±11.7,(X),(X),17.20%,±12.3,(X),(X),25.90%,±18.1,(X),(X),20.90%,±5.8,(X),(X),16.90%,±6.3,(X),(X),25.20%,±7.8,(X),(X),18.20%,±7.6,(X),(X),11.20%,±7.5,(X),(X),27.40%,±13.3,(X),(X),34.10%,±8.6,(X),(X),17.70%,±8.5,(X),(X),48.40%,±11.4,(X),(X),24.10%,±9.9,(X),(X),25.40%,±10.8,(X),(X),22.90%,±10.6,(X),(X),18.40%,±9.0,(X),(X),12.10%,±8.9,(X),(X),27.70%,±12.4,(X),(X),23.40%,±0.2,(X),(X),19.60%,±0.2,(X),(X),27.20%,±0.2
    High school graduate (includes equivalency),(X),(X),10.00%,±2.5,(X),(X),8.10%,±2.7,(X),(X),11.90%,±3.9,(X),(X),11.90%,±4.4,(X),(X),10.10%,±4.8,(X),(X),13.80%,±7.0,(X),(X),14.60%,±5.2,(X),(X),13.00%,±5.7,(X),(X),16.40%,±7.6,(X),(X),21.90%,±7.3,(X),(X),21.80%,±9.0,(X),(X),21.90%,±8.3,(X),(X),22.60%,±7.8,(X),(X),23.60%,±10.5,(X),(X),21.50%,±7.6,(X),(X),12.40%,±6.6,(X),(X),12.20%,±6.9,(X),(X),12.50%,±8.3,(X),(X),17.80%,±3.1,(X),(X),15.80%,±4.5,(X),(X),19.40%,±4.6,(X),(X),8.10%,±4.0,(X),(X),6.10%,±3.9,(X),(X),10.10%,±5.6,(X),(X),14.50%,±4.4,(X),(X),12.40%,±5.2,(X),(X),16.70%,±5.8,(X),(X),13.90%,±4.1,(X),(X),10.40%,±4.7,(X),(X),17.70%,±5.2,(X),(X),13.20%,±4.6,(X),(X),10.00%,±4.3,(X),(X),16.00%,±6.4,(X),(X),13.10%,±0.1,(X),(X),10.90%,±0.1,(X),(X),15.20%,±0.1
    Some college or associate's degree,(X),(X),6.90%,±2.4,(X),(X),5.20%,±3.0,(X),(X),8.40%,±3.3,(X),(X),12.70%,±3.7,(X),(X),12.80%,±5.7,(X),(X),12.60%,±4.6,(X),(X),13.80%,±5.1,(X),(X),8.50%,±5.9,(X),(X),17.50%,±7.0,(X),(X),13.50%,±4.2,(X),(X),11.40%,±5.5,(X),(X),15.00%,±6.5,(X),(X),21.80%,±7.1,(X),(X),15.90%,±8.2,(X),(X),27.50%,±11.3,(X),(X),6.20%,±2.3,(X),(X),0.70%,±1.1,(X),(X),10.20%,±3.9,(X),(X),11.90%,±2.0,(X),(X),12.20%,±3.4,(X),(X),11.60%,±2.7,(X),(X),7.80%,±3.5,(X),(X),9.10%,±4.7,(X),(X),6.50%,±3.5,(X),(X),12.20%,±4.1,(X),(X),10.30%,±6.1,(X),(X),13.80%,±5.5,(X),(X),12.40%,±4.1,(X),(X),10.00%,±5.8,(X),(X),14.70%,±5.2,(X),(X),10.20%,±4.2,(X),(X),6.10%,±6.0,(X),(X),13.60%,±7.1,(X),(X),9.10%,±0.1,(X),(X),7.10%,±0.1,(X),(X),10.90%,±0.1
    Bachelor's degree or higher,(X),(X),2.40%,±1.2,(X),(X),1.30%,±0.9,(X),(X),3.50%,±2.1,(X),(X),2.70%,±2.5,(X),(X),1.70%,±1.8,(X),(X),3.50%,±3.3,(X),(X),4.10%,±2.0,(X),(X),3.40%,±2.7,(X),(X),4.70%,±3.0,(X),(X),8.30%,±5.0,(X),(X),8.80%,±8.5,(X),(X),8.00%,±5.6,(X),(X),7.20%,±5.2,(X),(X),2.00%,±3.5,(X),(X),9.90%,±7.2,(X),(X),4.70%,±3.3,(X),(X),7.10%,±6.5,(X),(X),2.50%,±2.5,(X),(X),5.60%,±2.1,(X),(X),5.80%,±2.5,(X),(X),5.40%,±2.3,(X),(X),1.70%,±1.5,(X),(X),2.00%,±2.2,(X),(X),1.40%,±1.6,(X),(X),5.00%,±2.6,(X),(X),2.10%,±2.0,(X),(X),7.20%,±4.2,(X),(X),4.60%,±1.8,(X),(X),6.60%,±3.0,(X),(X),2.90%,±2.0,(X),(X),2.00%,±3.0,(X),(X),0.20%,±0.3,(X),(X),3.30%,±5.1,(X),(X),4.10%,±0.1,(X),(X),3.70%,±0.1,(X),(X),4.40%,±0.1
MEDIAN EARNINGS IN THE PAST 12 MONTHS (IN 2019 INFLATION-ADJUSTED DOLLARS),,,,,,,,,,,,,,,,,,,,,,,,,,,,,,,,,,,,,,,,,,,,,,,,,,,,,,,,,,,,,,,,,,,,,,,,,,,,,,,,,,,,,,,,,,,,,,,,,,,,,,,,,,,,,,,,,,,,,,,,,,,,,,,,,,,,,,,,,,,,,,,,
    Population 25 years and over with earnings,"41,914","±1,712",(X),(X),"52,076","±2,341",(X),(X),"32,203","±2,915",(X),(X),"36,222","±3,673",(X),(X),"44,257","±5,879",(X),(X),"29,882","±4,416",(X),(X),"40,734","±2,097",(X),(X),"46,905","±3,049",(X),(X),"35,529","±5,410",(X),(X),"27,470","±5,926",(X),(X),"30,913","±7,858",(X),(X),"26,878","±4,372",(X),(X),"30,454","±3,315",(X),(X),"32,319","±7,724",(X),(X),"26,765","±5,145",(X),(X),"40,376","±1,760",(X),(X),"44,316","±4,902",(X),(X),"32,089","±4,789",(X),(X),"37,106","±1,596",(X),(X),"40,795","±1,592",(X),(X),"34,355","±3,156",(X),(X),"44,047","±4,959",(X),(X),"47,852","±6,103",(X),(X),"40,156","±6,113",(X),(X),"31,041","±2,913",(X),(X),"36,545","±2,979",(X),(X),"26,756","±1,780",(X),(X),"35,900","±1,975",(X),(X),"40,267","±2,666",(X),(X),"32,196","±2,845",(X),(X),"32,574","±5,291",(X),(X),"41,328","±4,658",(X),(X),"24,825","±3,773",(X),(X),"41,801",±44,(X),(X),"50,016",±57,(X),(X),"35,728",±71,(X),(X)
        Less than high school graduate,"30,014","±3,946",(X),(X),"36,325","±4,609",(X),(X),"23,476","±4,056",(X),(X),"24,225","±4,723",(X),(X),"26,588","±2,911",(X),(X),"18,386","±10,249",(X),(X),"24,827","±5,798",(X),(X),"27,135","±112,971",(X),(X),"23,161","±19,592",(X),(X),"23,111","±12,223",(X),(X),"25,194","±3,203",(X),(X),"12,127","±17,871",(X),(X),"19,543","±11,525",(X),(X),"36,946","±5,144",(X),(X),"9,603","±14,113",(X),(X),"38,386","±12,972",(X),(X),"41,711","±6,809",(X),(X),"5,705","±19,396",(X),(X),"22,065","±4,338",(X),(X),"29,017","±7,652",(X),(X),"17,433","±6,002",(X),(X),"29,409","±10,397",(X),(X),"39,419","±17,803",(X),(X),"12,176","±10,224",(X),(X),"26,388","±3,312",(X),(X),"29,238","±4,812",(X),(X),"23,201","±7,016",(X),(X),"24,781","±3,928",(X),(X),"25,875","±3,189",(X),(X),"22,037","±3,759",(X),(X),"19,930","±15,788",(X),(X),"32,895","±23,452",(X),(X),"19,094","±2,325",(X),(X),"25,876",±94,(X),(X),"30,725",±102,(X),(X),"20,046",±113,(X),(X)
        High school graduate (includes equivalency),"34,203","±4,009",(X),(X),"37,603","±4,825",(X),(X),"25,793","±2,476",(X),(X),"30,203","±9,223",(X),(X),"34,923","±8,321",(X),(X),"22,321","±9,424",(X),(X),"34,563","±6,002",(X),(X),"39,890","±11,266",(X),(X),"30,835","±5,711",(X),(X),"20,936","±1,868",(X),(X),"22,123","±3,557",(X),(X),"17,352","±4,518",(X),(X),"25,922","±6,931",(X),(X),"28,683","±14,673",(X),(X),"23,661","±7,015",(X),(X),"32,752","±4,987",(X),(X),"40,607","±3,753",(X),(X),"24,904","±5,863",(X),(X),"30,229","±2,593",(X),(X),"32,175","±2,523",(X),(X),"25,907","±2,379",(X),(X),"35,858","±9,476",(X),(X),"42,042","±4,024",(X),(X),"27,502","±3,439",(X),(X),"24,613","±3,811",(X),(X),"27,273","±5,162",(X),(X),"18,954","±3,702",(X),(X),"31,052","±1,186",(X),(X),"33,140","±6,038",(X),(X),"28,318","±2,970",(X),(X),"31,099","±3,731",(X),(X),"41,896","±7,015",(X),(X),"24,631","±6,600",(X),(X),"31,956",±42,(X),(X),"38,906",±159,(X),(X),"25,829",±94,(X),(X)
        Some college or associate's degree,"39,074","±3,843",(X),(X),"48,797","±4,129",(X),(X),"30,077","±3,051",(X),(X),"33,132","±6,918",(X),(X),"46,946","±3,565",(X),(X),"26,477","±3,184",(X),(X),"35,297","±5,855",(X),(X),"46,132","±7,989",(X),(X),"27,486","±6,509",(X),(X),"25,470","±2,829",(X),(X),"26,727","±10,608",(X),(X),"24,858","±4,069",(X),(X),"26,006","±6,502",(X),(X),"35,197","±24,313",(X),(X),"24,229","±4,220",(X),(X),"40,685","±2,111",(X),(X),"47,858","±6,283",(X),(X),"35,829","±8,858",(X),(X),"31,720","±2,202",(X),(X),"35,408","±2,804",(X),(X),"29,569","±2,215",(X),(X),"39,036","±6,427",(X),(X),"36,804","±8,158",(X),(X),"40,992","±7,260",(X),(X),"30,233","±4,277",(X),(X),"36,405","±6,028",(X),(X),"26,883","±2,019",(X),(X),"34,434","±3,218",(X),(X),"40,555","±6,661",(X),(X),"28,046","±6,178",(X),(X),"27,195","±12,160",(X),(X),"37,174","±8,737",(X),(X),"21,382","±5,394",(X),(X),"38,125",±148,(X),(X),"46,610",±155,(X),(X),"31,644",±65,(X),(X)
        Bachelor's degree,"56,930","±5,199",(X),(X),"85,958","±6,262",(X),(X),"43,581","±6,803",(X),(X),"50,157","±9,015",(X),(X),"70,645","±8,275",(X),(X),"34,284","±8,176",(X),(X),"51,552","±7,371",(X),(X),"60,952","±10,755",(X),(X),"47,745","±7,649",(X),(X),"47,057","±5,030",(X),(X),"54,380","±19,004",(X),(X),"45,493","±8,826",(X),(X),"32,022","±5,617",(X),(X),"31,329","±1,691",(X),(X),"34,018","±21,644",(X),(X),"50,130","±7,136",(X),(X),"68,688","±35,084",(X),(X),"40,354","±9,160",(X),(X),"48,167","±4,480",(X),(X),"51,673","±1,854",(X),(X),"41,995","±4,623",(X),(X),"54,410","±8,021",(X),(X),"76,760","±14,331",(X),(X),"46,355","±3,678",(X),(X),"46,168","±7,551",(X),(X),"60,320","±12,737",(X),(X),"39,573","±5,780",(X),(X),"46,521","±4,439",(X),(X),"51,780","±8,636",(X),(X),"40,854","±4,372",(X),(X),"45,870","±4,528",(X),(X),"47,325","±9,728",(X),(X),"45,090","±10,907",(X),(X),"56,344",±136,(X),(X),"69,201",±502,(X),(X),"47,895",±260,(X),(X)
        Graduate or professional degree,"80,000","±13,821",(X),(X),"97,714","±7,121",(X),(X),"57,270","±5,386",(X),(X),"63,538","±3,533",(X),(X),"64,059","±22,614",(X),(X),"62,041","±19,148",(X),(X),"56,370","±10,106",(X),(X),"56,930","±10,865",(X),(X),"55,709","±15,798",(X),(X),"60,269","±16,006",(X),(X),"62,065","±29,245",(X),(X),"54,547","±13,846",(X),(X),"48,250","±9,598",(X),(X),"44,198","±20,729",(X),(X),"49,946","±6,560",(X),(X),"64,554","±12,832",(X),(X),"77,083","±34,036",(X),(X),"62,087","±6,420",(X),(X),"61,033","±4,391",(X),(X),"71,512","±10,874",(X),(X),"56,875","±5,831",(X),(X),"69,589","±12,842",(X),(X),"89,005","±20,894",(X),(X),"65,953","±8,570",(X),(X),"70,585","±12,463",(X),(X),"72,103","±6,022",(X),(X),"57,820","±22,408",(X),(X),"64,567","±3,601",(X),(X),"81,697","±11,610",(X),(X),"56,830","±8,976",(X),(X),"54,389","±7,824",(X),(X),"57,838","±75,496",(X),(X),"52,813","±23,967",(X),(X),"75,495",±179,(X),(X),"93,998",±962,(X),(X),"63,912",±394,(X),(X)