"Label","Canadian County, Oklahoma!!Total!!Estimate","Canadian County, Oklahoma!!Total!!Margin of Error","Canadian County, Oklahoma!!Percent!!Estimate","Canadian County, Oklahoma!!Percent!!Margin of Error","Canadian County, Oklahoma!!Male!!Estimate","Canadian County, Oklahoma!!Male!!Margin of Error","Canadian County, Oklahoma!!Percent Male!!Estimate","Canadian County, Oklahoma!!Percent Male!!Margin of Error","Canadian County, Oklahoma!!Female!!Estimate","Canadian County, Oklahoma!!Female!!Margin of Error","Canadian County, Oklahoma!!Percent Female!!Estimate","Canadian County, Oklahoma!!Percent Female!!Margin of Error","Cleveland County, Oklahoma!!Total!!Estimate","Cleveland County, Oklahoma!!Total!!Margin of Error","Cleveland County, Oklahoma!!Percent!!Estimate","Cleveland County, Oklahoma!!Percent!!Margin of Error","Cleveland County, Oklahoma!!Male!!Estimate","Cleveland County, Oklahoma!!Male!!Margin of Error","Cleveland County, Oklahoma!!Percent Male!!Estimate","Cleveland County, Oklahoma!!Percent Male!!Margin of Error","Cleveland County, Oklahoma!!Female!!Estimate","Cleveland County, Oklahoma!!Female!!Margin of Error","Cleveland County, Oklahoma!!Percent Female!!Estimate","Cleveland County, Oklahoma!!Percent Female!!Margin of Error","Comanche County, Oklahoma!!Total!!Estimate","Comanche County, Oklahoma!!Total!!Margin of Error","Comanche County, Oklahoma!!Percent!!Estimate","Comanche County, Oklahoma!!Percent!!Margin of Error","Comanche County, Oklahoma!!Male!!Estimate","Comanche County, Oklahoma!!Male!!Margin of Error","Comanche County, Oklahoma!!Percent Male!!Estimate","Comanche County, Oklahoma!!Percent Male!!Margin of Error","Comanche County, Oklahoma!!Female!!Estimate","Comanche County, Oklahoma!!Female!!Margin of Error","Comanche County, Oklahoma!!Percent Female!!Estimate","Comanche County, Oklahoma!!Percent Female!!Margin of Error","Creek County, Oklahoma!!Total!!Estimate","Creek County, Oklahoma!!Total!!Margin of Error","Creek County, Oklahoma!!Percent!!Estimate","Creek County, Oklahoma!!Percent!!Margin of Error","Creek County, Oklahoma!!Male!!Estimate","Creek County, Oklahoma!!Male!!Margin of Error","Creek County, Oklahoma!!Percent Male!!Estimate","Creek County, Oklahoma!!Percent Male!!Margin of Error","Creek County, Oklahoma!!Female!!Estimate","Creek County, Oklahoma!!Female!!Margin of Error","Creek County, Oklahoma!!Percent Female!!Estimate","Creek County, Oklahoma!!Percent Female!!Margin of Error","Muskogee County, Oklahoma!!Total!!Estimate","Muskogee County, Oklahoma!!Total!!Margin of Error","Muskogee County, Oklahoma!!Percent!!Estimate","Muskogee County, Oklahoma!!Percent!!Margin of Error","Muskogee County, Oklahoma!!Male!!Estimate","Muskogee County, Oklahoma!!Male!!Margin of Error","Muskogee County, Oklahoma!!Percent Male!!Estimate","Muskogee County, Oklahoma!!Percent Male!!Margin of Error","Muskogee County, Oklahoma!!Female!!Estimate","Muskogee County, Oklahoma!!Female!!Margin of Error","Muskogee County, Oklahoma!!Percent Female!!Estimate","Muskogee County, Oklahoma!!Percent Female!!Margin of Error","Oklahoma County, Oklahoma!!Total!!Estimate","Oklahoma County, Oklahoma!!Total!!Margin of Error","Oklahoma County, Oklahoma!!Percent!!Estimate","Oklahoma County, Oklahoma!!Percent!!Margin of Error","Oklahoma County, Oklahoma!!Male!!Estimate","Oklahoma County, Oklahoma!!Male!!Margin of Error","Oklahoma County, Oklahoma!!Percent Male!!Estimate","Oklahoma County, Oklahoma!!Percent Male!!Margin of Error","Oklahoma County, Oklahoma!!Female!!Estimate","Oklahoma County, Oklahoma!!Female!!Margin of Error","Oklahoma County, Oklahoma!!Percent Female!!Estimate","Oklahoma County, Oklahoma!!Percent Female!!Margin of Error","Payne County, Oklahoma!!Total!!Estimate","Payne County, Oklahoma!!Total!!Margin of Error","Payne County, Oklahoma!!Percent!!Estimate","Payne County, Oklahoma!!Percent!!Margin of Error","Payne County, Oklahoma!!Male!!Estimate","Payne County, Oklahoma!!Male!!Margin of Error","Payne County, Oklahoma!!Percent Male!!Estimate","Payne County, Oklahoma!!Percent Male!!Margin of Error","Payne County, Oklahoma!!Female!!Estimate","Payne County, Oklahoma!!Female!!Margin of Error","Payne County, Oklahoma!!Percent Female!!Estimate","Payne County, Oklahoma!!Percent Female!!Margin of Error","Pottawatomie County, Oklahoma!!Total!!Estimate","Pottawatomie County, Oklahoma!!Total!!Margin of Error","Pottawatomie County, Oklahoma!!Percent!!Estimate","Pottawatomie County, Oklahoma!!Percent!!Margin of Error","Pottawatomie County, Oklahoma!!Male!!Estimate","Pottawatomie County, Oklahoma!!Male!!Margin of Error","Pottawatomie County, Oklahoma!!Percent Male!!Estimate","Pottawatomie County, Oklahoma!!Percent Male!!Margin of Error","Pottawatomie County, Oklahoma!!Female!!Estimate","Pottawatomie County, Oklahoma!!Female!!Margin of Error","Pottawatomie County, Oklahoma!!Percent Female!!Estimate","Pottawatomie County, Oklahoma!!Percent Female!!Margin of Error","Rogers County, Oklahoma!!Total!!Estimate","Rogers County, Oklahoma!!Total!!Margin of Error","Rogers County, Oklahoma!!Percent!!Estimate","Rogers County, Oklahoma!!Percent!!Margin of Error","Rogers County, Oklahoma!!Male!!Estimate","Rogers County, Oklahoma!!Male!!Margin of Error","Rogers County, Oklahoma!!Percent Male!!Estimate","Rogers County, Oklahoma!!Percent Male!!Margin of Error","Rogers County, Oklahoma!!Female!!Estimate","Rogers County, Oklahoma!!Female!!Margin of Error","Rogers County, Oklahoma!!Percent Female!!Estimate","Rogers County, Oklahoma!!Percent Female!!Margin of Error","Tulsa County, Oklahoma!!Total!!Estimate","Tulsa County, Oklahoma!!Total!!Margin of Error","Tulsa County, Oklahoma!!Percent!!Estimate","Tulsa County, Oklahoma!!Percent!!Margin of Error","Tulsa County, Oklahoma!!Male!!Estimate","Tulsa County, Oklahoma!!Male!!Margin of Error","Tulsa County, Oklahoma!!Percent Male!!Estimate","Tulsa County, Oklahoma!!Percent Male!!Margin of Error","Tulsa County, Oklahoma!!Female!!Estimate","Tulsa County, Oklahoma!!Female!!Margin of Error","Tulsa County, Oklahoma!!Percent Female!!Estimate","Tulsa County, Oklahoma!!Percent Female!!Margin of Error","Wagoner County, Oklahoma!!Total!!Estimate","Wagoner County, Oklahoma!!Total!!Margin of Error","Wagoner County, Oklahoma!!Percent!!Estimate","Wagoner County, Oklahoma!!Percent!!Margin of Error","Wagoner County, Oklahoma!!Male!!Estimate","Wagoner County, Oklahoma!!Male!!Margin of Error","Wagoner County, Oklahoma!!Percent Male!!Estimate","Wagoner County, Oklahoma!!Percent Male!!Margin of Error","Wagoner County, Oklahoma!!Female!!Estimate","Wagoner County, Oklahoma!!Female!!Margin of Error","Wagoner County, Oklahoma!!Percent Female!!Estimate","Wagoner County, Oklahoma!!Percent Female!!Margin of Error","United States!!Total!!Estimate","United States!!Total!!Margin of Error","United States!!Percent!!Estimate","United States!!Percent!!Margin of Error","United States!!Male!!Estimate","United States!!Male!!Margin of Error","United States!!Percent Male!!Estimate","United States!!Percent Male!!Margin of Error","United States!!Female!!Estimate","United States!!Female!!Margin of Error","United States!!Percent Female!!Estimate","United States!!Percent Female!!Margin of Error"
"AGE BY EDUCATIONAL ATTAINMENT","","","","","","","","","","","","","","","","","","","","","","","","","","","","","","","","","","","","","","","","","","","","","","","","","","","","","","","","","","","","","","","","","","","","","","","","","","","","","","","","","","","","","","","","","","","","","","","","","","","","","","","","","","","","","","","","","","","","","","","","","","","","","","","","","","","","","","","","","","","","","","","",""
"    Population 18 to 24 years","12,512","±1,239","(X)","(X)","6,194","±924","(X)","(X)","6,318","±783","(X)","(X)","43,395","±1,264","(X)","(X)","22,739","±783","(X)","(X)","20,656","±791","(X)","(X)","14,845","±811","(X)","(X)","9,025","±596","(X)","(X)","5,820","±612","(X)","(X)","5,627","±422","(X)","(X)","2,975","±335","(X)","(X)","2,652","±293","(X)","(X)","5,871","±451","(X)","(X)","3,294","±452","(X)","(X)","2,577","±200","(X)","(X)","72,124","±92","(X)","(X)","36,495","±7","(X)","(X)","35,629","±92","(X)","(X)","21,055","±1,159","(X)","(X)","10,688","±803","(X)","(X)","10,367","±787","(X)","(X)","7,239","±441","(X)","(X)","3,432","±335","(X)","(X)","3,807","±259","(X)","(X)","7,958","±240","(X)","(X)","4,297","±151","(X)","(X)","3,661","±171","(X)","(X)","57,477","±4","(X)","(X)","29,087","±2","(X)","(X)","28,390","±4","(X)","(X)","6,299","±343","(X)","(X)","3,530","±294","(X)","(X)","2,769","±198","(X)","(X)","30,373,170","±42,282","(X)","(X)","15,556,254","±26,205","(X)","(X)","14,816,916","±25,476","(X)","(X)"
"        Less than high school graduate","2,038","±939","16.3%","±6.9","978","±688","15.8%","±10.3","1,060","±529","16.8%","±7.8","3,520","±962","8.1%","±2.2","2,288","±814","10.1%","±3.6","1,232","±735","6.0%","±3.5","1,549","±699","10.4%","±4.7","981","±453","10.9%","±5.0","568","±505","9.8%","±8.8","1,159","±375","20.6%","±6.7","770","±276","25.9%","±8.7","389","±213","14.7%","±8.3","1,389","±459","23.7%","±7.6","667","±312","20.2%","±9.2","722","±316","28.0%","±12.0","9,321","±1,426","12.9%","±2.0","5,069","±1,172","13.9%","±3.2","4,252","±959","11.9%","±2.7","1,113","±662","5.3%","±3.2","292","±203","2.7%","±1.9","821","±645","7.9%","±6.3","1,622","±456","22.4%","±6.8","935","±327","27.2%","±10.6","687","±328","18.0%","±8.9","1,246","±333","15.7%","±4.3","826","±268","19.2%","±6.2","420","±208","11.5%","±5.8","7,850","±973","13.7%","±1.7","5,010","±805","17.2%","±2.8","2,840","±573","10.0%","±2.0","917","±348","14.6%","±5.4","728","±295","20.6%","±7.9","189","±145","6.8%","±5.3","3,662,080","±41,512","12.1%","±0.1","2,126,765","±29,356","13.7%","±0.2","1,535,315","±23,612","10.4%","±0.2"
"        High school graduate (includes equivalency)","5,085","±1,144","40.6%","±10.0","3,236","±792","52.2%","±12.5","1,849","±697","29.3%","±12.1","8,379","±1,971","19.3%","±4.5","4,175","±1,179","18.4%","±5.1","4,204","±1,292","20.4%","±6.2","6,742","±1,152","45.4%","±7.1","4,721","±945","52.3%","±10.0","2,021","±841","34.7%","±12.9","2,989","±515","53.1%","±8.2","1,626","±332","54.7%","±10.5","1,363","±334","51.4%","±12.2","2,244","±579","38.2%","±10.4","1,208","±376","36.7%","±12.9","1,036","±382","40.2%","±14.1","24,469","±2,844","33.9%","±3.9","13,611","±2,069","37.3%","±5.7","10,858","±1,689","30.5%","±4.7","4,764","±1,155","22.6%","±5.0","2,668","±777","25.0%","±6.6","2,096","±713","20.2%","±6.8","2,042","±547","28.2%","±7.0","1,098","±435","32.0%","±11.7","944","±337","24.8%","±9.1","3,059","±546","38.4%","±6.7","1,924","±393","44.8%","±9.0","1,135","±298","31.0%","±7.7","19,613","±1,566","34.1%","±2.7","11,038","±1,129","37.9%","±3.9","8,575","±1,055","30.2%","±3.7","2,794","±469","44.4%","±7.4","1,494","±343","42.3%","±9.9","1,300","±304","46.9%","±10.8","9,921,331","±56,156","32.7%","±0.2","5,613,801","±42,121","36.1%","±0.3","4,307,530","±28,987","29.1%","±0.2"
"        Some college or associate's degree","4,537","±1,345","36.3%","±9.2","1,955","±793","31.6%","±11.4","2,582","±956","40.9%","±12.7","26,019","±2,465","60.0%","±5.1","13,161","±1,661","57.9%","±6.5","12,858","±1,634","62.2%","±7.5","5,862","±1,038","39.5%","±6.8","3,183","±825","35.3%","±8.6","2,679","±862","46.0%","±15.4","1,242","±398","22.1%","±6.5","506","±258","17.0%","±7.9","736","±344","27.8%","±11.5","1,794","±549","30.6%","±9.0","1,189","±432","36.1%","±11.5","605","±329","23.5%","±12.8","30,205","±2,689","41.9%","±3.7","14,126","±1,713","38.7%","±4.7","16,079","±1,808","45.1%","±5.1","13,700","±1,465","65.1%","±6.1","7,115","±951","66.6%","±8.1","6,585","±1,185","63.5%","±9.1","3,159","±653","43.6%","±8.2","1,100","±481","32.1%","±13.0","2,059","±595","54.1%","±14.3","3,134","±548","39.4%","±6.8","1,337","±342","31.1%","±7.9","1,797","±375","49.1%","±9.7","23,979","±1,563","41.7%","±2.7","10,642","±1,143","36.6%","±3.9","13,337","±1,122","47.0%","±4.0","2,063","±422","32.8%","±6.6","1,080","±301","30.6%","±8.6","983","±260","35.5%","±8.7","13,168,280","±67,371","43.4%","±0.2","6,298,275","±47,639","40.5%","±0.3","6,870,005","±38,395","46.4%","±0.2"
"        Bachelor's degree or higher","852","±524","6.8%","±4.3","25","±34","0.4%","±0.6","827","±523","13.1%","±8.3","5,477","±1,510","12.6%","±3.5","3,115","±1,229","13.7%","±5.5","2,362","±919","11.4%","±4.5","692","±469","4.7%","±3.1","140","±151","1.6%","±1.7","552","±454","9.5%","±7.6","237","±149","4.2%","±2.7","73","±76","2.5%","±2.6","164","±122","6.2%","±4.7","444","±437","7.6%","±7.2","230","±340","7.0%","±9.9","214","±263","8.3%","±10.2","8,129","±1,708","11.3%","±2.4","3,689","±1,219","10.1%","±3.3","4,440","±1,047","12.5%","±2.9","1,478","±1,010","7.0%","±4.8","613","±528","5.7%","±5.0","865","±597","8.3%","±5.8","416","±243","5.7%","±3.3","299","±207","8.7%","±6.0","117","±148","3.1%","±3.8","519","±330","6.5%","±4.1","210","±221","4.9%","±5.1","309","±238","8.4%","±6.5","6,035","±1,084","10.5%","±1.9","2,397","±550","8.2%","±1.9","3,638","±868","12.8%","±3.1","525","±282","8.3%","±4.4","228","±236","6.5%","±6.5","297","±153","10.7%","±5.4","3,621,479","±38,999","11.9%","±0.1","1,517,413","±21,841","9.8%","±0.1","2,104,066","±26,405","14.2%","±0.2"
"    Population 25 years and over","97,242","±1,238","(X)","(X)","46,979","±869","(X)","(X)","50,263","±997","(X)","(X)","180,400","±1,263","(X)","(X)","88,080","±783","(X)","(X)","92,320","±791","(X)","(X)","77,989","±905","(X)","(X)","39,880","±703","(X)","(X)","38,109","±823","(X)","(X)","49,128","±421","(X)","(X)","23,630","±362","(X)","(X)","25,498","±358","(X)","(X)","45,522","±451","(X)","(X)","21,387","±453","(X)","(X)","24,135","±218","(X)","(X)","522,715","±138","(X)","(X)","250,324","±210","(X)","(X)","272,391","±151","(X)","(X)","45,198","±1,158","(X)","(X)","22,075","±1,044","(X)","(X)","23,123","±608","(X)","(X)","48,262","±527","(X)","(X)","22,690","±438","(X)","(X)","25,572","±320","(X)","(X)","63,129","±239","(X)","(X)","30,772","±236","(X)","(X)","32,357","±279","(X)","(X)","430,396","±232","(X)","(X)","205,220","±244","(X)","(X)","225,176","±135","(X)","(X)","55,510","±343","(X)","(X)","26,748","±384","(X)","(X)","28,762","±313","(X)","(X)","224,898,568","±68,852","(X)","(X)","108,711,092","±44,257","(X)","(X)","116,187,476","±37,512","(X)","(X)"
"        Less than 9th grade","3,342","±1,474","3.4%","±1.5","1,219","±588","2.6%","±1.3","2,123","±1,281","4.2%","±2.5","4,936","±1,485","2.7%","±0.8","3,051","±1,030","3.5%","±1.2","1,885","±823","2.0%","±0.9","1,404","±545","1.8%","±0.7","763","±433","1.9%","±1.1","641","±293","1.7%","±0.8","1,101","±388","2.2%","±0.8","618","±226","2.6%","±1.0","483","±297","1.9%","±1.2","1,932","±528","4.2%","±1.2","861","±337","4.0%","±1.6","1,071","±371","4.4%","±1.5","26,452","±2,696","5.1%","±0.5","13,378","±1,704","5.3%","±0.7","13,074","±1,757","4.8%","±0.6","856","±339","1.9%","±0.8","408","±192","1.8%","±0.9","448","±241","1.9%","±1.0","1,165","±412","2.4%","±0.9","624","±283","2.8%","±1.3","541","±297","2.1%","±1.2","1,910","±791","3.0%","±1.3","1,039","±445","3.4%","±1.4","871","±434","2.7%","±1.3","15,540","±1,545","3.6%","±0.4","7,702","±1,017","3.8%","±0.5","7,838","±930","3.5%","±0.4","1,762","±513","3.2%","±0.9","910","±355","3.4%","±1.3","852","±326","3.0%","±1.1","10,874,685","±74,193","4.8%","±0.1","5,401,669","±47,283","5.0%","±0.1","5,473,016","±42,598","4.7%","±0.1"
"        9th to 12th grade, no diploma","7,851","±2,181","8.1%","±2.2","4,045","±1,325","8.6%","±2.8","3,806","±1,431","7.6%","±2.9","8,882","±1,497","4.9%","±0.8","4,803","±983","5.5%","±1.1","4,079","±1,035","4.4%","±1.1","5,806","±1,655","7.4%","±2.1","1,697","±622","4.3%","±1.6","4,109","±1,383","10.8%","±3.6","4,545","±727","9.3%","±1.5","2,183","±462","9.2%","±1.9","2,362","±482","9.3%","±1.9","4,310","±763","9.5%","±1.7","2,421","±574","11.3%","±2.7","1,889","±548","7.8%","±2.3","37,051","±3,625","7.1%","±0.7","18,424","±2,590","7.4%","±1.0","18,627","±2,235","6.8%","±0.8","1,897","±559","4.2%","±1.3","920","±373","4.2%","±1.7","977","±392","4.2%","±1.7","4,289","±789","8.9%","±1.6","1,837","±552","8.1%","±2.4","2,452","±525","9.6%","±2.0","3,865","±731","6.1%","±1.2","2,249","±479","7.3%","±1.6","1,616","±476","5.0%","±1.5","28,611","±2,079","6.6%","±0.5","13,903","±1,358","6.8%","±0.7","14,708","±1,544","6.5%","±0.7","3,177","±661","5.7%","±1.2","1,675","±528","6.3%","±2.0","1,502","±431","5.2%","±1.5","14,743,856","±83,892","6.6%","±0.1","7,685,261","±56,956","7.1%","±0.1","7,058,595","±49,549","6.1%","±0.1"
"        High school graduate (includes equivalency)","30,934","±3,176","31.8%","±3.2","15,824","±1,850","33.7%","±3.8","15,110","±2,411","30.1%","±4.8","43,318","±3,681","24.0%","±2.0","20,281","±2,380","23.0%","±2.7","23,037","±2,407","25.0%","±2.6","26,597","±2,365","34.1%","±3.0","13,745","±1,664","34.5%","±4.2","12,852","±1,572","33.7%","±4.1","19,755","±1,371","40.2%","±2.8","10,255","±923","43.4%","±4.0","9,500","±936","37.3%","±3.6","14,058","±1,233","30.9%","±2.7","7,317","±883","34.2%","±4.1","6,741","±898","27.9%","±3.7","135,646","±5,245","26.0%","±1.0","65,657","±3,661","26.2%","±1.5","69,989","±3,620","25.7%","±1.3","12,585","±1,460","27.8%","±3.2","6,278","±889","28.4%","±4.1","6,307","±1,132","27.3%","±4.7","17,851","±1,271","37.0%","±2.5","9,191","±813","40.5%","±3.4","8,660","±887","33.9%","±3.4","19,179","±1,294","30.4%","±2.1","9,679","±881","31.5%","±2.8","9,500","±967","29.4%","±3.0","108,593","±3,710","25.2%","±0.9","54,487","±2,519","26.6%","±1.2","54,106","±2,556","24.0%","±1.1","18,419","±1,436","33.2%","±2.6","8,555","±956","32.0%","±3.4","9,864","±1,054","34.3%","±3.7","60,482,353","±181,247","26.9%","±0.1","30,551,814","±109,150","28.1%","±0.1","29,930,539","±105,580","25.8%","±0.1"
"        Some college, no degree","21,166","±2,811","21.8%","±2.9","9,797","±1,650","20.9%","±3.6","11,369","±2,158","22.6%","±4.2","43,728","±3,272","24.2%","±1.8","21,996","±2,448","25.0%","±2.8","21,732","±1,884","23.5%","±2.0","22,275","±2,178","28.6%","±2.8","12,476","±1,664","31.3%","±4.1","9,799","±1,221","25.7%","±3.2","10,879","±1,096","22.1%","±2.2","4,768","±679","20.2%","±2.9","6,111","±774","24.0%","±3.0","10,251","±1,158","22.5%","±2.5","4,597","±914","21.5%","±4.2","5,654","±818","23.4%","±3.4","116,506","±5,496","22.3%","±1.1","55,865","±3,625","22.3%","±1.5","60,641","±3,739","22.3%","±1.4","9,046","±1,175","20.0%","±2.6","4,500","±1,054","20.4%","±4.6","4,546","±709","19.7%","±3.1","11,205","±1,241","23.2%","±2.6","5,224","±727","23.0%","±3.3","5,981","±808","23.4%","±3.1","15,798","±1,124","25.0%","±1.8","7,114","±801","23.1%","±2.6","8,684","±844","26.8%","±2.6","95,418","±3,286","22.2%","±0.8","44,140","±2,058","21.5%","±1.0","51,278","±2,271","22.8%","±1.0","14,191","±1,410","25.6%","±2.5","7,163","±898","26.8%","±3.3","7,028","±944","24.4%","±3.3","44,914,086","±111,140","20.0%","±0.1","21,578,525","±71,329","19.8%","±0.1","23,335,561","±81,887","20.1%","±0.1"
"        Associate's degree","7,270","±1,580","7.5%","±1.6","3,980","±1,221","8.5%","±2.6","3,290","±920","6.5%","±1.8","15,360","±2,255","8.5%","±1.2","7,088","±1,565","8.0%","±1.8","8,272","±1,459","9.0%","±1.6","5,681","±1,326","7.3%","±1.7","3,585","±1,119","9.0%","±2.8","2,096","±793","5.5%","±2.1","4,205","±846","8.6%","±1.7","1,982","±510","8.4%","±2.1","2,223","±649","8.7%","±2.6","5,223","±923","11.5%","±2.1","2,180","±499","10.2%","±2.4","3,043","±690","12.6%","±2.9","36,498","±3,019","7.0%","±0.6","16,275","±1,846","6.5%","±0.7","20,223","±2,562","7.4%","±0.9","3,110","±746","6.9%","±1.6","1,237","±442","5.6%","±1.9","1,873","±541","8.1%","±2.4","4,088","±758","8.5%","±1.6","1,897","±482","8.4%","±2.1","2,191","±506","8.6%","±2.0","7,467","±1,138","11.8%","±1.8","3,751","±699","12.2%","±2.3","3,716","±681","11.5%","±2.1","37,757","±2,122","8.8%","±0.5","16,216","±1,405","7.9%","±0.7","21,541","±1,508","9.6%","±0.7","5,247","±756","9.5%","±1.4","2,323","±499","8.7%","±1.9","2,924","±568","10.2%","±2.0","19,381,937","±84,109","8.6%","±0.1","8,391,409","±46,395","7.7%","±0.1","10,990,528","±58,737","9.5%","±0.1"
"        Bachelor's degree","18,279","±2,426","18.8%","±2.5","8,886","±1,539","18.9%","±3.2","9,393","±1,666","18.7%","±3.3","39,527","±3,489","21.9%","±1.9","19,270","±2,435","21.9%","±2.7","20,257","±2,358","21.9%","±2.5","9,651","±1,602","12.4%","±2.0","4,896","±1,192","12.3%","±3.0","4,755","±1,058","12.5%","±2.7","6,135","±858","12.5%","±1.8","2,490","±530","10.5%","±2.2","3,645","±582","14.3%","±2.3","6,956","±1,038","15.3%","±2.2","2,875","±653","13.4%","±3.0","4,081","±750","16.9%","±3.1","105,740","±4,531","20.2%","±0.9","50,530","±2,853","20.2%","±1.1","55,210","±3,307","20.3%","±1.2","9,507","±1,549","21.0%","±3.4","3,889","±952","17.6%","±4.2","5,618","±1,175","24.3%","±5.1","6,413","±927","13.3%","±1.9","2,470","±519","10.9%","±2.3","3,943","±634","15.4%","±2.5","10,517","±1,261","16.7%","±2.0","4,659","±737","15.1%","±2.4","5,858","±858","18.1%","±2.7","95,702","±3,260","22.2%","±0.8","44,424","±1,814","21.6%","±0.9","51,278","±2,523","22.8%","±1.1","8,899","±987","16.0%","±1.8","3,954","±733","14.8%","±2.7","4,945","±674","17.2%","±2.3","45,730,479","±155,188","20.3%","±0.1","21,645,659","±90,559","19.9%","±0.1","24,084,820","±89,426","20.7%","±0.1"
"        Graduate or professional degree","8,400","±1,525","8.6%","±1.6","3,228","±861","6.9%","±1.9","5,172","±1,123","10.3%","±2.2","24,649","±2,499","13.7%","±1.4","11,591","±1,647","13.2%","±1.9","13,058","±1,512","14.1%","±1.7","6,575","±1,287","8.4%","±1.7","2,718","±667","6.8%","±1.7","3,857","±967","10.1%","±2.6","2,508","±545","5.1%","±1.1","1,334","±368","5.6%","±1.5","1,174","±319","4.6%","±1.3","2,792","±740","6.1%","±1.6","1,136","±454","5.3%","±2.1","1,656","±546","6.9%","±2.3","64,822","±3,996","12.4%","±0.8","30,195","±2,202","12.1%","±0.9","34,627","±2,721","12.7%","±1.0","8,197","±1,548","18.1%","±3.3","4,843","±1,007","21.9%","±4.3","3,354","±870","14.5%","±3.7","3,251","±667","6.7%","±1.4","1,447","±430","6.4%","±1.9","1,804","±482","7.1%","±1.9","4,393","±794","7.0%","±1.3","2,281","±528","7.4%","±1.7","2,112","±512","6.5%","±1.6","48,775","±3,027","11.3%","±0.7","24,348","±1,894","11.9%","±0.9","24,427","±1,999","10.8%","±0.9","3,815","±742","6.9%","±1.3","2,168","±491","8.1%","±1.8","1,647","±440","5.7%","±1.5","28,771,172","±144,021","12.8%","±0.1","13,456,755","±82,122","12.4%","±0.1","15,314,417","±82,431","13.2%","±0.1"
"        High school graduate or higher","86,049","±2,414","88.5%","±2.4","41,715","±1,380","88.8%","±2.8","44,334","±1,823","88.2%","±3.3","166,582","±2,395","92.3%","±1.1","80,226","±1,598","91.1%","±1.6","86,356","±1,479","93.5%","±1.4","70,779","±1,845","90.8%","±2.1","37,420","±990","93.8%","±1.8","33,359","±1,414","87.5%","±3.5","43,482","±838","88.5%","±1.7","20,829","±584","88.1%","±2.3","22,653","±577","88.8%","±2.0","39,280","±921","86.3%","±1.9","18,105","±662","84.7%","±2.6","21,175","±654","87.7%","±2.7","459,212","±4,565","87.9%","±0.9","218,522","±2,944","87.3%","±1.2","240,690","±2,587","88.4%","±1.0","42,445","±1,385","93.9%","±1.5","20,747","±1,174","94.0%","±2.0","21,698","±710","93.8%","±2.0","42,808","±872","88.7%","±1.8","20,229","±557","89.2%","±2.5","22,579","±643","88.3%","±2.2","57,354","±1,050","90.9%","±1.7","27,484","±728","89.3%","±2.2","29,870","±577","92.3%","±1.8","386,245","±2,356","89.7%","±0.6","183,615","±1,535","89.5%","±0.8","202,630","±1,646","90.0%","±0.7","50,571","±908","91.1%","±1.4","24,163","±762","90.3%","±2.3","26,408","±570","91.8%","±1.8","199,280,027","±175,350","88.6%","±0.1","95,624,162","±99,645","88.0%","±0.1","103,655,865","±95,374","89.2%","±0.1"
"        Bachelor's degree or higher","26,679","±2,756","27.4%","±2.9","12,114","±1,629","25.8%","±3.4","14,565","±1,880","29.0%","±3.8","64,176","±4,180","35.6%","±2.3","30,861","±2,762","35.0%","±3.1","33,315","±2,442","36.1%","±2.7","16,226","±1,846","20.8%","±2.4","7,614","±1,252","19.1%","±3.2","8,612","±1,313","22.6%","±3.4","8,643","±1,042","17.6%","±2.1","3,824","±643","16.2%","±2.7","4,819","±675","18.9%","±2.7","9,748","±1,222","21.4%","±2.6","4,011","±705","18.8%","±3.2","5,737","±852","23.8%","±3.5","170,562","±5,083","32.6%","±1.0","80,725","±3,066","32.2%","±1.2","89,837","±3,484","33.0%","±1.3","17,704","±1,940","39.2%","±4.0","8,732","±1,285","39.6%","±5.3","8,972","±1,146","38.8%","±4.9","9,664","±1,175","20.0%","±2.4","3,917","±680","17.3%","±3.0","5,747","±759","22.5%","±2.9","14,910","±1,502","23.6%","±2.4","6,940","±824","22.6%","±2.7","7,970","±964","24.6%","±3.0","144,477","±4,003","33.6%","±0.9","68,772","±2,359","33.5%","±1.1","75,705","±2,880","33.6%","±1.3","12,714","±1,248","22.9%","±2.3","6,122","±830","22.9%","±3.1","6,592","±760","22.9%","±2.6","74,501,651","±239,607","33.1%","±0.1","35,102,414","±124,144","32.3%","±0.1","39,399,237","±133,327","33.9%","±0.1"
"    Population 25 to 34 years","20,645","±1,621","(X)","(X)","10,452","±935","(X)","(X)","10,193","±1,161","(X)","(X)","40,032","±1,859","(X)","(X)","19,874","±1,046","(X)","(X)","20,158","±1,232","(X)","(X)","20,938","±1,293","(X)","(X)","11,848","±877","(X)","(X)","9,090","±1,062","(X)","(X)","8,441","±439","(X)","(X)","4,261","±305","(X)","(X)","4,180","±339","(X)","(X)","8,885","±563","(X)","(X)","4,271","±468","(X)","(X)","4,614","±231","(X)","(X)","123,419","±121","(X)","(X)","61,344","±121","(X)","(X)","62,075","±105","(X)","(X)","11,731","±1,241","(X)","(X)","6,431","±842","(X)","(X)","5,300","±578","(X)","(X)","8,639","±515","(X)","(X)","4,079","±306","(X)","(X)","4,560","±431","(X)","(X)","11,665","±445","(X)","(X)","5,747","±245","(X)","(X)","5,918","±255","(X)","(X)","95,358","±237","(X)","(X)","47,323","±259","(X)","(X)","48,035","±67","(X)","(X)","10,497","±471","(X)","(X)","5,028","±320","(X)","(X)","5,469","±313","(X)","(X)","45,578,475","±44,197","(X)","(X)","23,099,299","±31,667","(X)","(X)","22,479,176","±24,494","(X)","(X)"
"        High school graduate or higher","19,239","±1,447","93.2%","±3.9","9,798","±736","93.7%","±5.6","9,441","±1,278","92.6%","±6.5","37,817","±1,921","94.5%","±1.6","18,717","±1,121","94.2%","±2.4","19,100","±1,289","94.8%","±2.5","18,857","±1,321","90.1%","±5.7","11,091","±877","93.6%","±4.5","7,766","±1,199","85.4%","±10.4","7,595","±520","90.0%","±4.3","3,882","±315","91.1%","±5.1","3,713","±379","88.8%","±5.9","7,844","±677","88.3%","±5.0","3,687","±531","86.3%","±7.7","4,157","±316","90.1%","±5.5","110,324","±1,962","89.4%","±1.6","54,068","±1,384","88.1%","±2.2","56,256","±1,296","90.6%","±2.1","11,347","±1,208","96.7%","±2.2","6,127","±824","95.3%","±3.6","5,220","±568","98.5%","±1.9","8,130","±535","94.1%","±3.1","3,908","±314","95.8%","±3.0","4,222","±453","92.6%","±5.1","10,548","±503","90.4%","±4.3","5,195","±253","90.4%","±4.9","5,353","±382","90.5%","±6.0","86,375","±1,112","90.6%","±1.1","42,098","±877","89.0%","±1.8","44,277","±713","92.2%","±1.5","9,854","±542","93.9%","±3.0","4,702","±368","93.5%","±4.9","5,152","±380","94.2%","±3.3","41,789,966","±62,802","91.7%","±0.1","20,916,920","±42,044","90.6%","±0.1","20,873,046","±36,536","92.9%","±0.1"
"        Bachelor's degree or higher","6,135","±1,302","29.7%","±6.1","2,364","±929","22.6%","±8.4","3,771","±977","37.0%","±9.8","16,282","±2,256","40.7%","±5.8","7,961","±1,748","40.1%","±8.7","8,321","±1,159","41.3%","±6.0","3,458","±924","16.5%","±4.3","1,595","±662","13.5%","±5.5","1,863","±586","20.5%","±6.6","1,470","±478","17.4%","±5.7","484","±230","11.4%","±5.4","986","±365","23.6%","±8.9","1,453","±517","16.4%","±5.7","357","±242","8.4%","±5.3","1,096","±425","23.8%","±9.2","42,179","±3,128","34.2%","±2.5","18,194","±1,878","29.7%","±3.0","23,985","±2,442","38.6%","±3.9","5,148","±1,096","43.9%","±7.7","2,627","±787","40.8%","±9.5","2,521","±560","47.6%","±10.4","1,540","±518","17.8%","±5.9","373","±211","9.1%","±4.9","1,167","±420","25.6%","±9.1","2,734","±710","23.4%","±6.1","1,246","±412","21.7%","±7.3","1,488","±431","25.1%","±7.3","28,934","±1,923","30.3%","±2.0","11,963","±1,071","25.3%","±2.3","16,971","±1,528","35.3%","±3.2","2,079","±645","19.8%","±6.0","921","±359","18.3%","±7.0","1,158","±432","21.2%","±7.7","16,837,545","±88,110","36.9%","±0.2","7,600,635","±47,398","32.9%","±0.2","9,236,910","±53,810","41.1%","±0.2"
"    Population 35 to 44 years","22,759","±1,471","(X)","(X)","10,832","±854","(X)","(X)","11,927","±977","(X)","(X)","36,695","±1,787","(X)","(X)","19,047","±1,010","(X)","(X)","17,648","±1,138","(X)","(X)","15,568","±1,321","(X)","(X)","7,962","±891","(X)","(X)","7,606","±1,065","(X)","(X)","8,365","±333","(X)","(X)","4,125","±196","(X)","(X)","4,240","±269","(X)","(X)","8,638","±673","(X)","(X)","4,071","±484","(X)","(X)","4,567","±352","(X)","(X)","104,521","±103","(X)","(X)","51,592","±2","(X)","(X)","52,929","±103","(X)","(X)","8,248","±659","(X)","(X)","4,153","±508","(X)","(X)","4,095","±407","(X)","(X)","9,580","±530","(X)","(X)","4,561","±403","(X)","(X)","5,019","±370","(X)","(X)","11,135","±260","(X)","(X)","5,512","±188","(X)","(X)","5,623","±165","(X)","(X)","84,832","±92","(X)","(X)","41,925","±2","(X)","(X)","42,907","±92","(X)","(X)","10,693","±544","(X)","(X)","5,125","±321","(X)","(X)","5,568","±395","(X)","(X)","41,914,845","±33,511","(X)","(X)","20,920,715","±24,215","(X)","(X)","20,994,130","±22,812","(X)","(X)"
"        High school graduate or higher","18,673","±1,636","82.0%","±6.9","9,148","±1,073","84.5%","±9.8","9,525","±1,096","79.9%","±8.6","34,094","±1,913","92.9%","±2.6","17,277","±1,213","90.7%","±4.5","16,817","±1,123","95.3%","±2.6","14,723","±1,364","94.6%","±4.2","7,560","±862","95.0%","±3.0","7,163","±1,227","94.2%","±7.2","7,204","±488","86.1%","±5.1","3,596","±297","87.2%","±5.7","3,608","±338","85.1%","±7.0","7,435","±722","86.1%","±4.9","3,412","±508","83.8%","±7.6","4,023","±335","88.1%","±5.3","89,856","±2,054","86.0%","±2.0","44,077","±1,133","85.4%","±2.2","45,779","±1,437","86.5%","±2.7","7,889","±690","95.6%","±3.0","4,039","±536","97.3%","±3.1","3,850","±394","94.0%","±4.0","8,337","±685","87.0%","±4.6","3,876","±465","85.0%","±7.0","4,461","±483","88.9%","±6.1","10,096","±569","90.7%","±4.8","4,788","±484","86.9%","±8.2","5,308","±209","94.4%","±3.2","74,763","±1,096","88.1%","±1.3","36,442","±785","86.9%","±1.9","38,321","±640","89.3%","±1.5","9,762","±552","91.3%","±3.4","4,660","±346","90.9%","±4.4","5,102","±409","91.6%","±5.0","37,310,520","±53,369","89.0%","±0.1","18,358,431","±32,890","87.8%","±0.1","18,952,089","±34,714","90.3%","±0.1"
"        Bachelor's degree or higher","6,860","±1,338","30.1%","±6.2","2,608","±787","24.1%","±7.5","4,252","±964","35.7%","±8.6","14,878","±1,889","40.5%","±5.1","6,264","±1,382","32.9%","±7.2","8,614","±1,112","48.8%","±5.8","3,089","±917","19.8%","±6.0","1,472","±677","18.5%","±7.8","1,617","±562","21.3%","±8.1","1,938","±422","23.2%","±5.1","827","±247","20.0%","±6.0","1,111","±300","26.2%","±7.1","1,897","±659","22.0%","±7.3","860","±392","21.1%","±9.6","1,037","±408","22.7%","±8.7","37,987","±2,579","36.3%","±2.5","16,890","±1,425","32.7%","±2.8","21,097","±1,727","39.9%","±3.3","3,605","±942","43.7%","±10.7","1,588","±574","38.2%","±12.7","2,017","±530","49.3%","±13.0","2,595","±599","27.1%","±6.3","900","±288","19.7%","±6.2","1,695","±461","33.8%","±8.5","2,541","±710","22.8%","±6.4","994","±410","18.0%","±7.5","1,547","±424","27.5%","±7.6","30,832","±2,027","36.3%","±2.4","14,625","±1,173","34.9%","±2.8","16,207","±1,309","37.8%","±3.0","2,655","±665","24.8%","±6.2","1,200","±418","23.4%","±8.2","1,455","±407","26.1%","±7.4","15,688,232","±73,536","37.4%","±0.2","7,051,332","±39,031","33.7%","±0.2","8,636,900","±46,808","41.1%","±0.2"
"    Population 45 to 64 years","34,100","±1,067","(X)","(X)","16,689","±788","(X)","(X)","17,411","±594","(X)","(X)","64,176","±1,676","(X)","(X)","31,412","±1,183","(X)","(X)","32,764","±772","(X)","(X)","26,805","±1,214","(X)","(X)","13,266","±881","(X)","(X)","13,539","±725","(X)","(X)","19,086","±367","(X)","(X)","9,355","±308","(X)","(X)","9,731","±242","(X)","(X)","16,424","±509","(X)","(X)","8,012","±449","(X)","(X)","8,412","±303","(X)","(X)","182,812","±141","(X)","(X)","88,391","±70","(X)","(X)","94,421","±74","(X)","(X)","13,875","±421","(X)","(X)","6,729","±375","(X)","(X)","7,146","±332","(X)","(X)","18,109","±508","(X)","(X)","8,600","±346","(X)","(X)","9,509","±378","(X)","(X)","24,857","±392","(X)","(X)","12,178","±259","(X)","(X)","12,679","±275","(X)","(X)","153,754","±119","(X)","(X)","74,426","±98","(X)","(X)","79,328","±106","(X)","(X)","20,682","±584","(X)","(X)","10,214","±400","(X)","(X)","10,468","±460","(X)","(X)","83,331,220","±42,888","(X)","(X)","40,646,797","±27,200","(X)","(X)","42,684,423","±26,492","(X)","(X)"
"        High school graduate or higher","30,953","±1,061","90.8%","±2.5","15,075","±809","90.3%","±3.8","15,878","±658","91.2%","±4.2","60,049","±1,570","93.6%","±1.8","28,871","±1,212","91.9%","±2.5","31,178","±763","95.2%","±1.8","24,954","±1,222","93.1%","±2.0","12,729","±858","96.0%","±3.0","12,225","±823","90.3%","±3.7","17,232","±583","90.3%","±2.4","8,230","±440","88.0%","±3.6","9,002","±357","92.5%","±2.7","14,367","±661","87.5%","±3.1","6,862","±488","85.6%","±4.4","7,505","±413","89.2%","±4.0","158,687","±2,277","86.8%","±1.3","75,798","±1,770","85.8%","±2.0","82,889","±1,355","87.8%","±1.4","12,532","±602","90.3%","±3.7","6,130","±496","91.1%","±5.3","6,402","±367","89.6%","±5.4","15,838","±687","87.5%","±3.0","7,556","±434","87.9%","±4.1","8,282","±508","87.1%","±4.2","23,104","±453","92.9%","±1.6","11,087","±367","91.0%","±2.7","12,017","±290","94.8%","±1.8","138,758","±1,444","90.2%","±0.9","66,913","±944","89.9%","±1.3","71,845","±1,029","90.6%","±1.3","18,645","±696","90.2%","±2.8","9,173","±516","89.8%","±4.0","9,472","±560","90.5%","±3.6","73,820,286","±78,538","88.6%","±0.1","35,576,443","±46,237","87.5%","±0.1","38,243,843","±48,481","89.6%","±0.1"
"        Bachelor's degree or higher","9,119","±1,532","26.7%","±4.5","4,867","±939","29.2%","±5.8","4,252","±932","24.4%","±5.3","21,409","±2,192","33.4%","±3.5","10,626","±1,446","33.8%","±4.6","10,783","±1,306","32.9%","±4.1","5,494","±1,119","20.5%","±4.2","2,484","±642","18.7%","±4.6","3,010","±809","22.2%","±6.1","3,401","±675","17.8%","±3.5","1,421","±405","15.2%","±4.3","1,980","±444","20.3%","±4.5","3,369","±678","20.5%","±3.9","1,621","±478","20.2%","±5.7","1,748","±493","20.8%","±5.9","54,763","±2,971","30.0%","±1.6","26,616","±1,866","30.1%","±2.1","28,147","±1,978","29.8%","±2.1","4,942","±1,128","35.6%","±8.2","2,258","±669","33.6%","±9.9","2,684","±761","37.6%","±10.6","3,718","±641","20.5%","±3.5","1,595","±414","18.5%","±4.8","2,123","±425","22.3%","±4.3","6,275","±746","25.2%","±3.0","2,990","±478","24.6%","±4.0","3,285","±521","25.9%","±4.1","53,530","±2,465","34.8%","±1.6","24,991","±1,366","33.6%","±1.8","28,539","±1,831","36.0%","±2.3","5,003","±748","24.2%","±3.7","2,302","±475","22.5%","±4.7","2,701","±528","25.8%","±5.1","26,523,511","±107,540","31.8%","±0.1","12,456,376","±55,788","30.6%","±0.1","14,067,135","±67,314","33.0%","±0.2"
"    Population 65 years and over","19,738","±477","(X)","(X)","9,006","±348","(X)","(X)","10,732","±385","(X)","(X)","39,497","±724","(X)","(X)","17,747","±392","(X)","(X)","21,750","±508","(X)","(X)","14,678","±768","(X)","(X)","6,804","±562","(X)","(X)","7,874","±476","(X)","(X)","13,236","±316","(X)","(X)","5,889","±188","(X)","(X)","7,347","±269","(X)","(X)","11,575","±138","(X)","(X)","5,033","±68","(X)","(X)","6,542","±81","(X)","(X)","111,963","±200","(X)","(X)","48,997","±200","(X)","(X)","62,966","±4","(X)","(X)","11,344","±737","(X)","(X)","4,762","±294","(X)","(X)","6,582","±644","(X)","(X)","11,934","±138","(X)","(X)","5,450","±114","(X)","(X)","6,484","±113","(X)","(X)","15,472","±236","(X)","(X)","7,335","±188","(X)","(X)","8,137","±123","(X)","(X)","96,452","±74","(X)","(X)","41,546","±2","(X)","(X)","54,906","±74","(X)","(X)","13,638","±228","(X)","(X)","6,381","±148","(X)","(X)","7,257","±160","(X)","(X)","54,074,028","±24,915","(X)","(X)","24,044,281","±16,352","(X)","(X)","30,029,747","±17,170","(X)","(X)"
"        High school graduate or higher","17,184","±1,145","87.1%","±5.1","7,694","±729","85.4%","±7.6","9,490","±814","88.4%","±6.9","34,622","±1,016","87.7%","±2.5","15,361","±608","86.6%","±3.7","19,261","±760","88.6%","±3.5","12,245","±1,020","83.4%","±4.7","6,040","±627","88.8%","±4.7","6,205","±734","78.8%","±7.9","11,451","±426","86.5%","±3.1","5,121","±294","87.0%","±4.0","6,330","±291","86.2%","±4.1","9,634","±508","83.2%","±4.3","4,144","±262","82.3%","±5.2","5,490","±385","83.9%","±5.8","100,345","±1,533","89.6%","±1.4","44,579","±996","91.0%","±2.0","55,766","±1,098","88.6%","±1.7","10,677","±838","94.1%","±2.7","4,451","±372","93.5%","±4.3","6,226","±673","94.6%","±2.7","10,503","±436","88.0%","±3.6","4,889","±248","89.7%","±4.4","5,614","±339","86.6%","±4.9","13,606","±573","87.9%","±3.3","6,414","±404","87.4%","±4.5","7,192","±325","88.4%","±4.0","86,349","±1,183","89.5%","±1.2","38,162","±570","91.9%","±1.4","48,187","±971","87.8%","±1.7","12,310","±500","90.3%","±3.2","5,628","±334","88.2%","±4.6","6,682","±304","92.1%","±3.5","46,359,255","±51,809","85.7%","±0.1","20,772,368","±34,793","86.4%","±0.1","25,586,887","±37,275","85.2%","±0.1"
"        Bachelor's degree or higher","4,565","±1,172","23.1%","±5.8","2,275","±581","25.3%","±6.2","2,290","±783","21.3%","±7.3","11,607","±1,415","29.4%","±3.6","6,010","±758","33.9%","±4.1","5,597","±978","25.7%","±4.5","4,185","±900","28.5%","±6.2","2,063","±587","30.3%","±8.5","2,122","±642","26.9%","±8.0","1,834","±493","13.9%","±3.7","1,092","±357","18.5%","±6.0","742","±267","10.1%","±3.6","3,029","±552","26.2%","±4.8","1,173","±326","23.3%","±6.5","1,856","±387","28.4%","±5.9","35,633","±2,428","31.8%","±2.2","19,025","±1,692","38.8%","±3.5","16,608","±1,437","26.4%","±2.3","4,009","±788","35.3%","±6.7","2,259","±545","47.4%","±12.0","1,750","±473","26.6%","±7.6","1,811","±507","15.2%","±4.3","1,049","±326","19.2%","±6.0","762","±323","11.8%","±5.0","3,360","±642","21.7%","±4.1","1,710","±390","23.3%","±5.3","1,650","±411","20.3%","±5.1","31,181","±1,682","32.3%","±1.7","17,193","±1,151","41.4%","±2.8","13,988","±1,134","25.5%","±2.1","2,977","±603","21.8%","±4.4","1,699","±421","26.6%","±6.7","1,278","±309","17.6%","±4.2","15,452,363","±55,467","28.6%","±0.1","7,994,071","±35,710","33.2%","±0.1","7,458,292","±35,848","24.8%","±0.1"
"RACE AND HISPANIC OR LATINO ORIGIN BY EDUCATIONAL ATTAINMENT","","","","","","","","","","","","","","","","","","","","","","","","","","","","","","","","","","","","","","","","","","","","","","","","","","","","","","","","","","","","","","","","","","","","","","","","","","","","","","","","","","","","","","","","","","","","","","","","","","","","","","","","","","","","","","","","","","","","","","","","","","","","","","","","","","","","","","","","","","","","","","","",""
"    White alone","83,222","±915","(X)","(X)","40,294","±788","(X)","(X)","42,928","±511","(X)","(X)","147,677","±1,270","(X)","(X)","72,372","±594","(X)","(X)","75,305","±863","(X)","(X)","51,212","±1,597","(X)","(X)","26,081","±765","(X)","(X)","25,131","±1,049","(X)","(X)","40,645","±366","(X)","(X)","19,464","±253","(X)","(X)","21,181","±199","(X)","(X)","29,240","±528","(X)","(X)","13,811","±317","(X)","(X)","15,429","±275","(X)","(X)","376,046","±2,462","(X)","(X)","182,099","±1,577","(X)","(X)","193,947","±1,452","(X)","(X)","36,633","±256","(X)","(X)","17,859","±158","(X)","(X)","18,774","±222","(X)","(X)","38,741","±356","(X)","(X)","18,173","±302","(X)","(X)","20,568","±200","(X)","(X)","49,657","±351","(X)","(X)","24,316","±227","(X)","(X)","25,341","±245","(X)","(X)","320,263","±1,403","(X)","(X)","153,288","±924","(X)","(X)","166,975","±752","(X)","(X)","43,923","±403","(X)","(X)","21,374","±265","(X)","(X)","22,549","±329","(X)","(X)","167,334,031","±67,944","(X)","(X)","81,503,222","±46,765","(X)","(X)","85,830,809","±35,285","(X)","(X)"
"        High school graduate or higher","75,229","±2,181","90.4%","±2.8","36,979","±1,233","91.8%","±3.2","38,250","±1,498","89.1%","±3.7","137,152","±2,248","92.9%","±1.2","66,116","±1,396","91.4%","±1.9","71,036","±1,476","94.3%","±1.4","47,167","±1,970","92.1%","±2.3","24,709","±924","94.7%","±2.0","22,458","±1,454","89.4%","±3.8","36,058","±688","88.7%","±1.6","17,225","±493","88.5%","±2.3","18,833","±480","88.9%","±2.0","25,415","±916","86.9%","±2.6","11,992","±489","86.8%","±3.0","13,423","±646","87.0%","±3.7","333,377","±3,954","88.7%","±1.0","160,644","±2,436","88.2%","±1.2","172,733","±2,474","89.1%","±1.1","34,552","±616","94.3%","±1.6","16,744","±460","93.8%","±2.5","17,808","±385","94.9%","±1.8","34,606","±684","89.3%","±1.8","16,193","±471","89.1%","±2.6","18,413","±498","89.5%","±2.3","45,405","±929","91.4%","±2.0","21,857","±585","89.9%","±2.4","23,548","±535","92.9%","±2.2","292,708","±2,117","91.4%","±0.5","140,162","±1,273","91.4%","±0.7","152,546","±1,531","91.4%","±0.8","40,240","±807","91.6%","±1.6","19,384","±636","90.7%","±2.6","20,856","±536","92.5%","±1.9","151,274,037","±128,143","90.4%","±0.1","73,141,588","±77,104","89.7%","±0.1","78,132,449","±68,811","91.0%","±0.1"
"        Bachelor's degree or higher","23,838","±2,586","28.6%","±3.1","11,020","±1,485","27.3%","±3.6","12,818","±1,861","29.9%","±4.4","54,055","±3,980","36.6%","±2.6","26,240","±2,567","36.3%","±3.5","27,815","±2,217","36.9%","±2.8","12,352","±1,676","24.1%","±3.3","5,707","±1,065","21.9%","±4.1","6,645","±1,180","26.4%","±4.7","7,278","±998","17.9%","±2.4","3,161","±560","16.2%","±2.9","4,117","±641","19.4%","±3.0","6,474","±926","22.1%","±3.2","2,810","±601","20.3%","±4.4","3,664","±644","23.7%","±4.2","133,762","±4,343","35.6%","±1.2","64,351","±2,766","35.3%","±1.6","69,411","±3,107","35.8%","±1.6","14,678","±1,602","40.1%","±4.4","7,096","±1,065","39.7%","±5.9","7,582","±978","40.4%","±5.2","8,221","±1,035","21.2%","±2.7","3,442","±623","18.9%","±3.4","4,779","±612","23.2%","±3.0","12,465","±1,380","25.1%","±2.8","5,811","±723","23.9%","±3.0","6,654","±955","26.3%","±3.8","116,193","±3,447","36.3%","±1.1","56,428","±2,212","36.8%","±1.4","59,765","±2,561","35.8%","±1.5","10,481","±1,109","23.9%","±2.5","5,300","±815","24.8%","±3.8","5,181","±611","23.0%","±2.7","57,614,239","±178,573","34.4%","±0.1","27,574,216","±96,445","33.8%","±0.1","30,040,023","±103,127","35.0%","±0.1"
"    White alone, not Hispanic or Latino","77,674","±164","(X)","(X)","37,695","±165","(X)","(X)","39,979","±164","(X)","(X)","137,361","±441","(X)","(X)","66,803","±441","(X)","(X)","70,558","±165","(X)","(X)","46,669","±222","(X)","(X)","23,738","±165","(X)","(X)","22,931","±222","(X)","(X)","39,168","±113","(X)","(X)","18,833","±113","(X)","(X)","20,335","±165","(X)","(X)","28,356","±165","(X)","(X)","13,395","±165","(X)","(X)","14,961","±165","(X)","(X)","324,029","±623","(X)","(X)","155,066","±528","(X)","(X)","168,963","±308","(X)","(X)","35,943","±165","(X)","(X)","17,588","±165","(X)","(X)","18,355","±165","(X)","(X)","37,393","±165","(X)","(X)","17,516","±165","(X)","(X)","19,877","±165","(X)","(X)","48,029","±121","(X)","(X)","23,631","±121","(X)","(X)","24,398","±165","(X)","(X)","290,880","±355","(X)","(X)","137,972","±247","(X)","(X)","152,908","±160","(X)","(X)","42,102","±143","(X)","(X)","20,527","±165","(X)","(X)","21,575","±143","(X)","(X)","144,203,068","±19,329","(X)","(X)","70,079,401","±12,781","(X)","(X)","74,123,667","±10,510","(X)","(X)"
"        High school graduate or higher","72,344","±1,851","93.1%","±2.4","35,283","±1,062","93.6%","±2.8","37,061","±1,274","92.7%","±3.1","129,055","±1,544","94.0%","±1.1","62,184","±1,164","93.1%","±1.7","66,871","±980","94.8%","±1.4","42,809","±1,121","91.7%","±2.4","22,508","±462","94.8%","±1.9","20,301","±940","88.5%","±4.2","34,943","±588","89.2%","±1.5","16,738","±443","88.9%","±2.3","18,205","±355","89.5%","±1.7","24,583","±771","86.7%","±2.7","11,621","±402","86.8%","±3.0","12,962","±575","86.6%","±3.8","304,798","±2,616","94.1%","±0.8","146,268","±1,734","94.3%","±1.1","158,530","±1,734","93.8%","±1.0","34,001","±588","94.6%","±1.6","16,585","±441","94.3%","±2.5","17,416","±346","94.9%","±1.9","33,591","±656","89.8%","±1.8","15,751","±437","89.9%","±2.5","17,840","±454","89.8%","±2.3","44,330","±866","92.3%","±1.8","21,353","±557","90.4%","±2.3","22,977","±481","94.2%","±2.0","272,766","±1,517","93.8%","±0.5","129,868","±1,000","94.1%","±0.7","142,898","±1,169","93.5%","±0.8","38,886","±611","92.4%","±1.4","18,765","±527","91.4%","±2.6","20,121","±397","93.3%","±1.8","134,556,337","±77,731","93.3%","±0.1","65,002,939","±44,268","92.8%","±0.1","69,553,398","±43,771","93.8%","±0.1"
"        Bachelor's degree or higher","22,787","±2,549","29.3%","±3.3","10,164","±1,332","27.0%","±3.5","12,623","±1,851","31.6%","±4.6","51,323","±3,832","37.4%","±2.8","25,007","±2,591","37.4%","±3.9","26,316","±2,003","37.3%","±2.8","11,338","±1,551","24.3%","±3.3","5,044","±999","21.2%","±4.2","6,294","±1,100","27.4%","±4.8","7,218","±984","18.4%","±2.5","3,101","±547","16.5%","±2.9","4,117","±641","20.2%","±3.2","6,424","±933","22.7%","±3.3","2,810","±601","21.0%","±4.5","3,614","±650","24.2%","±4.3","127,121","±4,222","39.2%","±1.3","61,024","±2,673","39.4%","±1.7","66,097","±2,901","39.1%","±1.7","14,462","±1,626","40.2%","±4.5","7,096","±1,065","40.3%","±6.1","7,366","±973","40.1%","±5.3","8,119","±1,017","21.7%","±2.7","3,365","±608","19.2%","±3.5","4,754","±618","23.9%","±3.1","12,255","±1,350","25.5%","±2.8","5,764","±703","24.4%","±3.0","6,491","±951","26.6%","±3.9","112,467","±3,265","38.7%","±1.1","54,401","±2,060","39.4%","±1.5","58,066","±2,558","38.0%","±1.7","10,395","±1,102","24.7%","±2.6","5,260","±807","25.6%","±3.9","5,135","±601","23.8%","±2.8","53,161,917","±149,450","36.9%","±0.1","25,550,556","±82,137","36.5%","±0.1","27,611,361","±89,547","37.3%","±0.1"
"    Black alone","N","N","(X)","(X)","N","N","(X)","(X)","N","N","(X)","(X)","7,309","±1,501","(X)","(X)","3,842","±969","(X)","(X)","3,467","±715","(X)","(X)","12,147","±1,638","(X)","(X)","6,581","±746","(X)","(X)","5,566","±1,198","(X)","(X)","N","N","(X)","(X)","N","N","(X)","(X)","N","N","(X)","(X)","4,504","±386","(X)","(X)","1,858","±381","(X)","(X)","2,646","±185","(X)","(X)","75,697","±1,472","(X)","(X)","34,471","±783","(X)","(X)","41,226","±1,092","(X)","(X)","N","N","(X)","(X)","N","N","(X)","(X)","N","N","(X)","(X)","1,453","±218","(X)","(X)","708","±179","(X)","(X)","745","±173","(X)","(X)","N","N","(X)","(X)","N","N","(X)","(X)","N","N","(X)","(X)","40,082","±867","(X)","(X)","18,743","±557","(X)","(X)","21,339","±603","(X)","(X)","1,969","±223","(X)","(X)","940","±198","(X)","(X)","1,029","±130","(X)","(X)","27,336,967","±36,368","(X)","(X)","12,615,129","±23,931","(X)","(X)","14,721,838","±27,233","(X)","(X)"
"        High school graduate or higher","N","N","N","N","N","N","N","N","N","N","N","N","6,551","±1,495","89.6%","±7.6","3,484","±981","90.7%","±5.9","3,067","±718","88.5%","±11.3","11,371","±1,691","93.6%","±5.0","6,515","±753","99.0%","±1.1","4,856","±1,247","87.2%","±10.6","N","N","N","N","N","N","N","N","N","N","N","N","4,177","±389","92.7%","±3.4","1,659","±385","89.3%","±7.1","2,518","±212","95.2%","±4.0","68,018","±1,937","89.9%","±2.0","30,683","±1,284","89.0%","±3.1","37,335","±1,549","90.6%","±2.9","N","N","N","N","N","N","N","N","N","N","N","N","1,291","±254","88.9%","±9.4","656","±189","92.7%","±8.3","635","±203","85.2%","±15.6","N","N","N","N","N","N","N","N","N","N","N","N","36,035","±1,017","89.9%","±1.7","16,582","±680","88.5%","±2.6","19,453","±735","91.2%","±2.3","1,956","±217","99.3%","±1.1","940","±198","100.0%","±11.3","1,016","±131","98.7%","±2.2","23,799,881","±50,444","87.1%","±0.1","10,831,809","±36,150","85.9%","±0.2","12,968,072","±35,719","88.1%","±0.2"
"        Bachelor's degree or higher","N","N","N","N","N","N","N","N","N","N","N","N","2,511","±975","34.4%","±9.8","994","±724","25.9%","±15.1","1,517","±639","43.8%","±15.8","2,187","±885","18.0%","±6.9","1,032","±524","15.7%","±8.1","1,155","±589","20.8%","±9.6","N","N","N","N","N","N","N","N","N","N","N","N","831","±434","18.5%","±9.2","310","±258","16.7%","±12.9","521","±320","19.7%","±11.7","15,566","±2,043","20.6%","±2.6","6,861","±1,289","19.9%","±3.6","8,705","±1,458","21.1%","±3.4","N","N","N","N","N","N","N","N","N","N","N","N","324","±210","22.3%","±14.5","194","±162","27.4%","±19.4","130","±117","17.4%","±17.1","N","N","N","N","N","N","N","N","N","N","N","N","8,408","±1,185","21.0%","±2.9","3,551","±718","18.9%","±3.8","4,857","±794","22.8%","±3.7","550","±231","27.9%","±12.0","201","±144","21.4%","±15.7","349","±199","33.9%","±18.9","6,164,066","±48,286","22.5%","±0.2","2,481,765","±29,631","19.7%","±0.2","3,682,301","±33,884","25.0%","±0.2"
"    American Indian or Alaska Native alone","3,643","±861","(X)","(X)","1,699","±533","(X)","(X)","1,944","±571","(X)","(X)","7,467","±1,091","(X)","(X)","3,383","±528","(X)","(X)","4,084","±753","(X)","(X)","3,595","±793","(X)","(X)","1,573","±418","(X)","(X)","2,022","±561","(X)","(X)","5,181","±514","(X)","(X)","2,522","±350","(X)","(X)","2,659","±315","(X)","(X)","6,999","±781","(X)","(X)","3,007","±482","(X)","(X)","3,992","±485","(X)","(X)","16,877","±1,412","(X)","(X)","7,560","±1,012","(X)","(X)","9,317","±928","(X)","(X)","1,564","±413","(X)","(X)","754","±257","(X)","(X)","810","±322","(X)","(X)","6,164","±462","(X)","(X)","2,976","±296","(X)","(X)","3,188","±361","(X)","(X)","6,781","±658","(X)","(X)","3,118","±437","(X)","(X)","3,663","±417","(X)","(X)","22,731","±1,353","(X)","(X)","10,744","±834","(X)","(X)","11,987","±874","(X)","(X)","4,839","±741","(X)","(X)","2,268","±486","(X)","(X)","2,571","±410","(X)","(X)","1,802,438","±22,359","(X)","(X)","878,986","±15,406","(X)","(X)","923,452","±13,293","(X)","(X)"
"        High school graduate or higher","3,043","±810","83.5%","±10.9","1,283","±515","75.5%","±21.8","1,760","±553","90.5%","±10.6","6,788","±1,187","90.9%","±5.6","3,007","±560","88.9%","±8.5","3,781","±822","92.6%","±7.0","3,341","±801","92.9%","±4.8","1,362","±407","86.6%","±9.4","1,979","±562","97.9%","±2.4","4,623","±544","89.2%","±5.0","2,258","±366","89.5%","±5.9","2,365","±314","88.9%","±6.0","6,001","±822","85.7%","±4.8","2,494","±507","82.9%","±7.4","3,507","±532","87.9%","±6.7","14,622","±1,411","86.6%","±4.4","6,430","±996","85.1%","±7.1","8,192","±974","87.9%","±5.4","1,339","±413","85.6%","±14.2","754","±257","100.0%","±13.8","585","±269","72.2%","±24.4","5,143","±533","83.4%","±7.2","2,597","±356","87.3%","±9.1","2,546","±415","79.9%","±9.0","6,000","±661","88.5%","±4.5","2,667","±454","85.5%","±7.2","3,333","±421","91.0%","±5.3","19,637","±1,367","86.4%","±3.4","9,363","±955","87.1%","±4.9","10,274","±880","85.7%","±4.3","4,238","±674","87.6%","±5.9","1,876","±410","82.7%","±10.2","2,362","±406","91.9%","±7.1","1,469,556","±20,692","81.5%","±0.6","706,492","±13,111","80.4%","±0.8","763,064","±14,113","82.6%","±0.7"
"        Bachelor's degree or higher","1,029","±576","28.2%","±13.6","363","±339","21.4%","±19.0","666","±453","34.3%","±19.5","1,140","±412","15.3%","±5.9","552","±277","16.3%","±8.5","588","±306","14.4%","±7.9","532","±337","14.8%","±9.5","181","±188","11.5%","±11.4","351","±244","17.4%","±12.5","890","±318","17.2%","±5.9","405","±232","16.1%","±8.8","485","±201","18.2%","±7.4","1,364","±431","19.5%","±5.5","599","±254","19.9%","±7.6","765","±388","19.2%","±9.2","3,852","±848","22.8%","±5.2","1,479","±541","19.6%","±7.3","2,373","±748","25.5%","±7.6","286","±218","18.3%","±12.7","117","±139","15.5%","±15.8","169","±159","20.9%","±18.7","760","±328","12.3%","±5.2","245","±169","8.2%","±5.6","515","±313","16.2%","±9.4","1,147","±306","16.9%","±4.4","478","±214","15.3%","±6.5","669","±225","18.3%","±6.3","5,986","±1,014","26.3%","±4.4","2,948","±714","27.4%","±6.5","3,038","±624","25.3%","±5.0","753","±323","15.6%","±6.8","332","±186","14.6%","±8.2","421","±226","16.4%","±8.7","289,540","±8,534","16.1%","±0.5","127,481","±5,754","14.5%","±0.6","162,059","±6,737","17.5%","±0.7"
"    Asian alone","3,005","±473","(X)","(X)","1,093","±293","(X)","(X)","1,912","±557","(X)","(X)","7,110","±652","(X)","(X)","3,227","±302","(X)","(X)","3,883","±560","(X)","(X)","2,707","±556","(X)","(X)","881","±425","(X)","(X)","1,826","±462","(X)","(X)","N","N","(X)","(X)","N","N","(X)","(X)","N","N","(X)","(X)","N","N","(X)","(X)","N","N","(X)","(X)","N","N","(X)","(X)","19,791","±948","(X)","(X)","8,838","±732","(X)","(X)","10,953","±550","(X)","(X)","N","N","(X)","(X)","N","N","(X)","(X)","N","N","(X)","(X)","N","N","(X)","(X)","N","N","(X)","(X)","N","N","(X)","(X)","N","N","(X)","(X)","N","N","(X)","(X)","N","N","(X)","(X)","14,757","±546","(X)","(X)","6,931","±528","(X)","(X)","7,826","±343","(X)","(X)","571","±216","(X)","(X)","242","±108","(X)","(X)","329","±154","(X)","(X)","13,381,406","±28,077","(X)","(X)","6,167,780","±18,761","(X)","(X)","7,213,626","±19,397","(X)","(X)"
"        High school graduate or higher","1,890","±529","62.9%","±14.3","803","±369","73.5%","±18.0","1,087","±443","56.9%","±15.3","6,245","±689","87.8%","±5.1","2,974","±349","92.2%","±6.5","3,271","±651","84.2%","±8.0","2,316","±664","85.6%","±11.4","881","±425","100.0%","±12.0","1,435","±593","78.6%","±17.9","N","N","N","N","N","N","N","N","N","N","N","N","N","N","N","N","N","N","N","N","N","N","N","N","16,613","±1,181","83.9%","±4.1","7,600","±801","86.0%","±5.4","9,013","±734","82.3%","±5.3","N","N","N","N","N","N","N","N","N","N","N","N","N","N","N","N","N","N","N","N","N","N","N","N","N","N","N","N","N","N","N","N","N","N","N","N","11,983","±891","81.2%","±4.8","5,527","±669","79.7%","±6.3","6,456","±501","82.5%","±5.3","395","±229","69.2%","±24.0","177","±106","73.1%","±19.7","218","±157","66.3%","±29.3","11,747,079","±36,349","87.8%","±0.2","5,515,960","±20,475","89.4%","±0.2","6,231,119","±23,264","86.4%","±0.2"
"        Bachelor's degree or higher","864","±733","28.8%","±23.3","393","±402","36.0%","±28.9","471","±396","24.6%","±20.1","3,232","±564","45.5%","±8.4","1,781","±348","55.2%","±10.8","1,451","±422","37.4%","±10.3","788","±504","29.1%","±17.0","490","±357","55.6%","±24.0","298","±276","16.3%","±15.6","N","N","N","N","N","N","N","N","N","N","N","N","N","N","N","N","N","N","N","N","N","N","N","N","9,628","±1,529","48.6%","±7.8","4,212","±863","47.7%","±9.8","5,416","±938","49.4%","±8.3","N","N","N","N","N","N","N","N","N","N","N","N","N","N","N","N","N","N","N","N","N","N","N","N","N","N","N","N","N","N","N","N","N","N","N","N","5,986","±1,041","40.6%","±6.7","2,897","±642","41.8%","±8.9","3,089","±632","39.5%","±7.8","37","±41","6.5%","±7.3","37","±41","15.3%","±16.3","0","±165","0.0%","±28.3","7,434,848","±41,840","55.6%","±0.3","3,553,501","±25,926","57.6%","±0.4","3,881,347","±22,789","53.8%","±0.3"
"    Native Hawaiian and Other Pacific Islander alone","N","N","(X)","(X)","N","N","(X)","(X)","N","N","(X)","(X)","N","N","(X)","(X)","N","N","(X)","(X)","N","N","(X)","(X)","N","N","(X)","(X)","N","N","(X)","(X)","N","N","(X)","(X)","N","N","(X)","(X)","N","N","(X)","(X)","N","N","(X)","(X)","N","N","(X)","(X)","N","N","(X)","(X)","N","N","(X)","(X)","N","N","(X)","(X)","N","N","(X)","(X)","N","N","(X)","(X)","N","N","(X)","(X)","N","N","(X)","(X)","N","N","(X)","(X)","N","N","(X)","(X)","N","N","(X)","(X)","N","N","(X)","(X)","N","N","(X)","(X)","N","N","(X)","(X)","N","N","(X)","(X)","N","N","(X)","(X)","N","N","(X)","(X)","N","N","(X)","(X)","N","N","(X)","(X)","N","N","(X)","(X)","N","N","(X)","(X)","395,310","±10,730","(X)","(X)","190,929","±6,660","(X)","(X)","204,381","±7,186","(X)","(X)"
"        High school graduate or higher","N","N","N","N","N","N","N","N","N","N","N","N","N","N","N","N","N","N","N","N","N","N","N","N","N","N","N","N","N","N","N","N","N","N","N","N","N","N","N","N","N","N","N","N","N","N","N","N","N","N","N","N","N","N","N","N","N","N","N","N","N","N","N","N","N","N","N","N","N","N","N","N","N","N","N","N","N","N","N","N","N","N","N","N","N","N","N","N","N","N","N","N","N","N","N","N","N","N","N","N","N","N","N","N","N","N","N","N","N","N","N","N","N","N","N","N","N","N","N","N","N","N","N","N","N","N","N","N","N","N","N","N","341,078","±10,486","86.3%","±1.2","164,777","±6,557","86.3%","±1.5","176,301","±7,178","86.3%","±1.5"
"        Bachelor's degree or higher","N","N","N","N","N","N","N","N","N","N","N","N","N","N","N","N","N","N","N","N","N","N","N","N","N","N","N","N","N","N","N","N","N","N","N","N","N","N","N","N","N","N","N","N","N","N","N","N","N","N","N","N","N","N","N","N","N","N","N","N","N","N","N","N","N","N","N","N","N","N","N","N","N","N","N","N","N","N","N","N","N","N","N","N","N","N","N","N","N","N","N","N","N","N","N","N","N","N","N","N","N","N","N","N","N","N","N","N","N","N","N","N","N","N","N","N","N","N","N","N","N","N","N","N","N","N","N","N","N","N","N","N","71,507","±5,501","18.1%","±1.3","32,507","±3,127","17.0%","±1.5","39,000","±3,904","19.1%","±1.8"
"    Some other race alone","N","N","(X)","(X)","N","N","(X)","(X)","N","N","(X)","(X)","N","N","(X)","(X)","N","N","(X)","(X)","N","N","(X)","(X)","N","N","(X)","(X)","N","N","(X)","(X)","N","N","(X)","(X)","N","N","(X)","(X)","N","N","(X)","(X)","N","N","(X)","(X)","N","N","(X)","(X)","N","N","(X)","(X)","N","N","(X)","(X)","13,369","±2,299","(X)","(X)","6,908","±1,376","(X)","(X)","6,461","±1,350","(X)","(X)","N","N","(X)","(X)","N","N","(X)","(X)","N","N","(X)","(X)","N","N","(X)","(X)","N","N","(X)","(X)","N","N","(X)","(X)","N","N","(X)","(X)","N","N","(X)","(X)","N","N","(X)","(X)","9,773","±1,193","(X)","(X)","5,478","±784","(X)","(X)","4,295","±662","(X)","(X)","N","N","(X)","(X)","N","N","(X)","(X)","N","N","(X)","(X)","9,752,522","±63,527","(X)","(X)","4,962,511","±37,682","(X)","(X)","4,790,011","±36,676","(X)","(X)"
"        High school graduate or higher","N","N","N","N","N","N","N","N","N","N","N","N","N","N","N","N","N","N","N","N","N","N","N","N","N","N","N","N","N","N","N","N","N","N","N","N","N","N","N","N","N","N","N","N","N","N","N","N","N","N","N","N","N","N","N","N","N","N","N","N","7,130","±1,417","53.3%","±8.1","3,495","±914","50.6%","±9.4","3,635","±992","56.3%","±11.8","N","N","N","N","N","N","N","N","N","N","N","N","N","N","N","N","N","N","N","N","N","N","N","N","N","N","N","N","N","N","N","N","N","N","N","N","5,420","±846","55.5%","±5.9","3,108","±659","56.7%","±8.2","2,312","±457","53.8%","±8.2","N","N","N","N","N","N","N","N","N","N","N","N","6,283,268","±53,492","64.4%","±0.4","3,142,888","±33,645","63.3%","±0.5","3,140,380","±31,597","65.6%","±0.4"
"        Bachelor's degree or higher","N","N","N","N","N","N","N","N","N","N","N","N","N","N","N","N","N","N","N","N","N","N","N","N","N","N","N","N","N","N","N","N","N","N","N","N","N","N","N","N","N","N","N","N","N","N","N","N","N","N","N","N","N","N","N","N","N","N","N","N","901","±437","6.7%","±3.2","480","±276","6.9%","±3.7","421","±295","6.5%","±4.5","N","N","N","N","N","N","N","N","N","N","N","N","N","N","N","N","N","N","N","N","N","N","N","N","N","N","N","N","N","N","N","N","N","N","N","N","971","±483","9.9%","±4.6","537","±290","9.8%","±4.8","434","±263","10.1%","±6.0","N","N","N","N","N","N","N","N","N","N","N","N","1,294,122","±24,766","13.3%","±0.2","587,951","±15,568","11.8%","±0.3","706,171","±16,347","14.7%","±0.3"
"    Two or more races","3,102","±964","(X)","(X)","1,727","±573","(X)","(X)","1,375","±622","(X)","(X)","8,054","±1,765","(X)","(X)","3,897","±873","(X)","(X)","4,157","±1,254","(X)","(X)","6,365","±1,397","(X)","(X)","3,808","±1,042","(X)","(X)","2,557","±931","(X)","(X)","2,101","±532","(X)","(X)","1,169","±446","(X)","(X)","932","±275","(X)","(X)","3,420","±971","(X)","(X)","1,935","±651","(X)","(X)","1,485","±488","(X)","(X)","20,338","±2,111","(X)","(X)","10,049","±1,491","(X)","(X)","10,289","±1,434","(X)","(X)","2,071","±648","(X)","(X)","978","±426","(X)","(X)","1,093","±477","(X)","(X)","1,383","±396","(X)","(X)","591","±253","(X)","(X)","792","±295","(X)","(X)","4,614","±714","(X)","(X)","2,349","±451","(X)","(X)","2,265","±463","(X)","(X)","22,380","±1,933","(X)","(X)","9,824","±1,108","(X)","(X)","12,556","±1,220","(X)","(X)","3,371","±750","(X)","(X)","1,592","±454","(X)","(X)","1,779","±475","(X)","(X)","4,895,894","±66,473","(X)","(X)","2,392,535","±37,999","(X)","(X)","2,503,359","±38,158","(X)","(X)"
"        High school graduate or higher","2,604","±853","83.9%","±10.7","1,379","±494","79.8%","±16.7","1,225","±608","89.1%","±14.7","7,615","±1,772","94.5%","±4.2","3,524","±850","90.4%","±7.7","4,091","±1,244","98.4%","±2.1","5,118","±1,314","80.4%","±12.8","3,289","±1,095","86.4%","±10.3","1,829","±667","71.5%","±23.6","1,861","±467","88.6%","±8.9","965","±396","82.5%","±15.6","896","±279","96.1%","±5.4","2,906","±852","85.0%","±7.5","1,578","±539","81.6%","±10.1","1,328","±469","89.4%","±8.9","18,855","±2,159","92.7%","±2.7","9,271","±1,475","92.3%","±4.0","9,584","±1,417","93.1%","±3.4","1,896","±621","91.5%","±8.8","887","±407","90.7%","±14.5","1,009","±471","92.3%","±10.3","1,345","±391","97.3%","±4.4","591","±253","100.0%","±17.3","754","±297","95.2%","±8.2","4,375","±668","94.8%","±3.7","2,174","±427","92.6%","±6.4","2,201","±456","97.2%","±3.2","20,178","±1,862","90.2%","±2.5","8,732","±1,108","88.9%","±4.0","11,446","±1,160","91.2%","±3.3","3,131","±676","92.9%","±6.1","1,523","±444","95.7%","±4.0","1,608","±434","90.4%","±10.7","4,365,128","±62,657","89.2%","±0.3","2,120,648","±34,361","88.6%","±0.4","2,244,480","±37,418","89.7%","±0.4"
"        Bachelor's degree or higher","644","±359","20.8%","±11.9","271","±221","15.7%","±14.1","373","±248","27.1%","±16.6","2,456","±791","30.5%","±8.6","1,060","±442","27.2%","±10.1","1,396","±612","33.6%","±12.5","288","±187","4.5%","±2.6","178","±153","4.7%","±3.6","110","±116","4.3%","±3.9","270","±161","12.9%","±7.1","110","±123","9.4%","±10.4","160","±104","17.2%","±10.8","904","±425","26.4%","±9.2","238","±200","12.3%","±9.8","666","±368","44.8%","±16.4","6,725","±1,267","33.1%","±5.2","3,241","±906","32.3%","±7.8","3,484","±786","33.9%","±7.2","463","±299","22.4%","±14.4","232","±192","23.7%","±17.2","231","±222","21.1%","±19.9","233","±206","16.8%","±14.6","9","±19","1.5%","±3.4","224","±206","28.3%","±21.8","1,043","±471","22.6%","±9.7","630","±342","26.8%","±14.0","413","±267","18.2%","±10.7","6,933","±1,058","31.0%","±4.1","2,411","±546","24.5%","±5.0","4,522","±822","36.0%","±5.7","677","±284","20.1%","±8.4","183","±121","11.5%","±8.2","494","±257","27.8%","±13.0","1,633,329","±31,096","33.4%","±0.4","744,993","±18,866","31.1%","±0.6","888,336","±20,220","35.5%","±0.5"
"    Hispanic or Latino Origin","7,515","±667","(X)","(X)","4,105","±517","(X)","(X)","3,410","±492","(X)","(X)","13,586","*****","(X)","(X)","6,918","*****","(X)","(X)","6,668","*****","(X)","(X)","8,706","±496","(X)","(X)","4,334","±426","(X)","(X)","4,372","±315","(X)","(X)","1,861","±199","(X)","(X)","914","±184","(X)","(X)","947","±149","(X)","(X)","2,432","±146","(X)","(X)","1,253","±146","(X)","(X)","1,179","±92","(X)","(X)","68,273","*****","(X)","(X)","35,750","*****","(X)","(X)","32,523","*****","(X)","(X)","N","N","(X)","(X)","N","N","(X)","(X)","N","N","(X)","(X)","1,839","±312","(X)","(X)","862","±320","(X)","(X)","977","±183","(X)","(X)","2,397","±172","(X)","(X)","1,022","±139","(X)","(X)","1,375","±211","(X)","(X)","42,020","*****","(X)","(X)","22,093","*****","(X)","(X)","19,927","*****","(X)","(X)","2,901","±192","(X)","(X)","1,419","±263","(X)","(X)","1,482","±299","(X)","(X)","34,949,077","±25,522","(X)","(X)","17,427,118","±19,467","(X)","(X)","17,521,959","±16,003","(X)","(X)"
"        High school graduate or higher","3,759","±1,252","50.0%","±16.1","2,208","±791","53.8%","±18.5","1,551","±841","45.5%","±24.6","10,669","±994","78.5%","±7.3","4,897","±858","70.8%","±12.4","5,772","±579","86.6%","±8.7","7,955","±688","91.4%","±5.2","3,878","±496","89.5%","±8.6","4,077","±334","93.3%","±5.3","1,458","±369","78.3%","±18.4","729","±225","79.8%","±17.2","729","±279","77.0%","±24.6","1,750","±316","72.0%","±13.9","762","±277","60.8%","±22.2","988","±152","83.8%","±13.0","37,798","±2,420","55.4%","±3.5","19,035","±1,722","53.2%","±4.8","18,763","±1,517","57.7%","±4.7","N","N","N","N","N","N","N","N","N","N","N","N","1,475","±279","80.2%","±11.7","647","±281","75.1%","±14.9","828","±226","84.7%","±14.0","1,780","±366","74.3%","±14.0","777","±205","76.0%","±15.0","1,003","±295","72.9%","±16.1","27,664","±1,187","65.8%","±2.8","14,439","±783","65.4%","±3.5","13,225","±777","66.4%","±3.9","2,107","±428","72.6%","±12.4","1,021","±325","72.0%","±13.2","1,086","±359","73.3%","±16.6","24,623,646","±81,220","70.5%","±0.2","12,088,356","±48,993","69.4%","±0.3","12,535,290","±44,405","71.5%","±0.2"
"        Bachelor's degree or higher","1,138","±630","15.1%","±8.0","943","±572","23.0%","±13.2","195","±195","5.7%","±5.7","3,773","±1,254","27.8%","±9.2","1,644","±690","23.8%","±10.0","2,129","±800","31.9%","±12.0","1,543","±563","17.7%","±6.8","794","±465","18.3%","±11.0","749","±408","17.1%","±9.9","60","±64","3.2%","±3.5","60","±64","6.6%","±7.3","0","±165","0.0%","±11.2","196","±187","8.1%","±7.7","0","±165","0.0%","±8.6","196","±187","16.6%","±16.3","8,122","±1,564","11.9%","±2.3","4,058","±1,083","11.4%","±3.0","4,064","±1,134","12.5%","±3.5","N","N","N","N","N","N","N","N","N","N","N","N","176","±133","9.6%","±7.2","77","±86","8.9%","±9.6","99","±114","10.1%","±11.1","488","±274","20.4%","±11.2","103","±101","10.1%","±9.9","385","±234","28.0%","±16.1","5,041","±977","12.0%","±2.3","2,716","±643","12.3%","±2.9","2,325","±550","11.7%","±2.8","299","±220","10.3%","±7.4","109","±128","7.7%","±8.9","190","±179","12.8%","±11.9","6,164,098","±60,655","17.6%","±0.2","2,791,429","±35,288","16.0%","±0.2","3,372,669","±37,288","19.2%","±0.2"
"POVERTY RATE FOR THE POPULATION 25 YEARS AND OVER FOR WHOM POVERTY STATUS IS DETERMINED BY EDUCATIONAL ATTAINMENT LEVEL","","","","","","","","","","","","","","","","","","","","","","","","","","","","","","","","","","","","","","","","","","","","","","","","","","","","","","","","","","","","","","","","","","","","","","","","","","","","","","","","","","","","","","","","","","","","","","","","","","","","","","","","","","","","","","","","","","","","","","","","","","","","","","","","","","","","","","","","","","","","","","","",""
"    Less than high school graduate","(X)","(X)","27.2%","±11.4","(X)","(X)","18.6%","±12.3","(X)","(X)","34.5%","±18.3","(X)","(X)","16.8%","±7.3","(X)","(X)","16.1%","±8.9","(X)","(X)","17.7%","±10.3","(X)","(X)","35.7%","±13.4","(X)","(X)","36.4%","±15.0","(X)","(X)","35.3%","±16.6","(X)","(X)","16.6%","±6.2","(X)","(X)","9.4%","±6.1","(X)","(X)","23.6%","±9.4","(X)","(X)","37.6%","±8.4","(X)","(X)","39.1%","±11.3","(X)","(X)","35.9%","±9.7","(X)","(X)","28.4%","±3.5","(X)","(X)","22.5%","±4.2","(X)","(X)","34.1%","±5.3","(X)","(X)","41.7%","±14.3","(X)","(X)","44.8%","±22.7","(X)","(X)","39.4%","±17.0","(X)","(X)","33.2%","±8.2","(X)","(X)","38.1%","±12.6","(X)","(X)","29.3%","±10.9","(X)","(X)","24.7%","±10.7","(X)","(X)","20.2%","±11.9","(X)","(X)","30.1%","±12.4","(X)","(X)","25.1%","±2.5","(X)","(X)","21.5%","±3.4","(X)","(X)","28.5%","±3.7","(X)","(X)","21.2%","±6.7","(X)","(X)","17.3%","±8.2","(X)","(X)","25.6%","±10.4","(X)","(X)","23.4%","±0.2","(X)","(X)","19.6%","±0.2","(X)","(X)","27.2%","±0.2"
"    High school graduate (includes equivalency)","(X)","(X)","6.4%","±2.7","(X)","(X)","4.7%","±3.5","(X)","(X)","8.1%","±3.9","(X)","(X)","8.6%","±2.5","(X)","(X)","6.8%","±3.7","(X)","(X)","10.1%","±3.4","(X)","(X)","16.5%","±4.8","(X)","(X)","16.6%","±6.4","(X)","(X)","16.4%","±6.6","(X)","(X)","11.6%","±3.2","(X)","(X)","7.4%","±3.1","(X)","(X)","16.1%","±5.0","(X)","(X)","17.5%","±4.6","(X)","(X)","14.5%","±4.8","(X)","(X)","20.7%","±6.9","(X)","(X)","17.8%","±1.8","(X)","(X)","15.1%","±3.0","(X)","(X)","20.4%","±2.4","(X)","(X)","15.8%","±4.8","(X)","(X)","19.4%","±8.3","(X)","(X)","12.5%","±4.4","(X)","(X)","15.0%","±3.6","(X)","(X)","10.4%","±4.0","(X)","(X)","20.4%","±4.9","(X)","(X)","9.7%","±2.6","(X)","(X)","7.4%","±3.0","(X)","(X)","11.8%","±3.7","(X)","(X)","15.9%","±1.5","(X)","(X)","13.4%","±2.0","(X)","(X)","18.5%","±2.1","(X)","(X)","8.0%","±2.6","(X)","(X)","6.3%","±3.3","(X)","(X)","9.4%","±3.5","(X)","(X)","13.1%","±0.1","(X)","(X)","10.9%","±0.1","(X)","(X)","15.2%","±0.1"
"    Some college or associate's degree","(X)","(X)","3.4%","±1.4","(X)","(X)","3.3%","±1.9","(X)","(X)","3.5%","±1.9","(X)","(X)","6.1%","±1.8","(X)","(X)","3.0%","±1.6","(X)","(X)","9.0%","±3.0","(X)","(X)","12.9%","±4.1","(X)","(X)","12.6%","±6.4","(X)","(X)","13.4%","±4.8","(X)","(X)","11.1%","±3.2","(X)","(X)","8.1%","±4.1","(X)","(X)","13.7%","±4.2","(X)","(X)","18.2%","±4.6","(X)","(X)","17.3%","±6.7","(X)","(X)","18.9%","±6.4","(X)","(X)","10.8%","±1.4","(X)","(X)","7.1%","±1.5","(X)","(X)","14.0%","±2.3","(X)","(X)","18.9%","±7.2","(X)","(X)","23.6%","±10.1","(X)","(X)","14.8%","±9.3","(X)","(X)","8.3%","±3.0","(X)","(X)","4.5%","±2.6","(X)","(X)","11.8%","±5.1","(X)","(X)","6.7%","±2.0","(X)","(X)","4.6%","±2.2","(X)","(X)","8.5%","±2.8","(X)","(X)","10.9%","±1.2","(X)","(X)","8.3%","±1.5","(X)","(X)","13.1%","±1.7","(X)","(X)","4.8%","±1.9","(X)","(X)","2.9%","±1.7","(X)","(X)","6.6%","±2.8","(X)","(X)","9.1%","±0.1","(X)","(X)","7.1%","±0.1","(X)","(X)","10.9%","±0.1"
"    Bachelor's degree or higher","(X)","(X)","2.6%","±2.1","(X)","(X)","1.4%","±1.2","(X)","(X)","3.5%","±3.7","(X)","(X)","3.7%","±1.5","(X)","(X)","4.1%","±2.3","(X)","(X)","3.3%","±1.7","(X)","(X)","4.1%","±2.5","(X)","(X)","4.9%","±3.4","(X)","(X)","3.4%","±2.7","(X)","(X)","6.9%","±3.5","(X)","(X)","2.5%","±2.3","(X)","(X)","10.3%","±5.4","(X)","(X)","8.0%","±4.0","(X)","(X)","4.8%","±3.6","(X)","(X)","10.3%","±5.4","(X)","(X)","4.0%","±1.1","(X)","(X)","3.7%","±1.3","(X)","(X)","4.2%","±1.5","(X)","(X)","5.3%","±2.6","(X)","(X)","4.5%","±3.0","(X)","(X)","6.0%","±3.7","(X)","(X)","5.0%","±2.4","(X)","(X)","7.5%","±5.1","(X)","(X)","3.2%","±3.0","(X)","(X)","4.6%","±2.1","(X)","(X)","3.8%","±2.6","(X)","(X)","5.3%","±2.5","(X)","(X)","4.7%","±0.9","(X)","(X)","4.1%","±1.1","(X)","(X)","5.1%","±1.1","(X)","(X)","2.0%","±1.1","(X)","(X)","2.7%","±2.5","(X)","(X)","1.3%","±1.6","(X)","(X)","4.1%","±0.1","(X)","(X)","3.7%","±0.1","(X)","(X)","4.4%","±0.1"
"MEDIAN EARNINGS IN THE PAST 12 MONTHS (IN 2019 INFLATION-ADJUSTED DOLLARS)","","","","","","","","","","","","","","","","","","","","","","","","","","","","","","","","","","","","","","","","","","","","","","","","","","","","","","","","","","","","","","","","","","","","","","","","","","","","","","","","","","","","","","","","","","","","","","","","","","","","","","","","","","","","","","","","","","","","","","","","","","","","","","","","","","","","","","","","","","","","","","","",""
"    Population 25 years and over with earnings","41,984","±3,598","(X)","(X)","51,662","±1,903","(X)","(X)","34,081","±4,315","(X)","(X)","43,873","±2,900","(X)","(X)","51,699","±1,151","(X)","(X)","36,298","±1,492","(X)","(X)","31,262","±1,233","(X)","(X)","38,185","±4,337","(X)","(X)","26,781","±2,055","(X)","(X)","37,012","±2,149","(X)","(X)","47,288","±5,103","(X)","(X)","30,729","±1,824","(X)","(X)","35,436","±5,168","(X)","(X)","41,540","±2,423","(X)","(X)","28,384","±5,310","(X)","(X)","39,867","±1,159","(X)","(X)","45,200","±2,267","(X)","(X)","32,903","±2,179","(X)","(X)","31,076","±2,383","(X)","(X)","36,508","±5,304","(X)","(X)","24,912","±4,702","(X)","(X)","37,545","±2,135","(X)","(X)","44,297","±3,983","(X)","(X)","27,525","±3,954","(X)","(X)","41,547","±1,987","(X)","(X)","52,356","±2,693","(X)","(X)","33,347","±2,950","(X)","(X)","40,223","±662","(X)","(X)","47,497","±1,286","(X)","(X)","32,110","±704","(X)","(X)","42,936","±2,987","(X)","(X)","51,813","±2,147","(X)","(X)","35,408","±3,009","(X)","(X)","41,801","±44","(X)","(X)","50,016","±57","(X)","(X)","35,728","±71","(X)","(X)"
"        Less than high school graduate","20,479","±5,795","(X)","(X)","21,717","±11,557","(X)","(X)","10,855","±13,973","(X)","(X)","23,280","±5,568","(X)","(X)","26,308","±7,799","(X)","(X)","17,914","±7,803","(X)","(X)","16,559","±4,300","(X)","(X)","22,151","±25,855","(X)","(X)","12,488","±8,204","(X)","(X)","29,726","±10,687","(X)","(X)","38,521","±12,328","(X)","(X)","12,303","±8,829","(X)","(X)","26,842","±6,430","(X)","(X)","33,130","±6,331","(X)","(X)","15,987","±7,390","(X)","(X)","23,162","±2,695","(X)","(X)","26,543","±1,831","(X)","(X)","18,300","±2,922","(X)","(X)","21,775","±7,318","(X)","(X)","32,358","±19,734","(X)","(X)","20,785","±12,431","(X)","(X)","27,888","±7,407","(X)","(X)","28,277","±14,360","(X)","(X)","27,600","±8,719","(X)","(X)","34,375","±15,356","(X)","(X)","45,771","±13,516","(X)","(X)","14,645","±10,502","(X)","(X)","25,504","±1,088","(X)","(X)","29,985","±3,604","(X)","(X)","19,648","±1,872","(X)","(X)","37,885","±15,270","(X)","(X)","38,781","±18,623","(X)","(X)","29,719","±21,870","(X)","(X)","25,876","±94","(X)","(X)","30,725","±102","(X)","(X)","20,046","±113","(X)","(X)"
"        High school graduate (includes equivalency)","37,103","±5,339","(X)","(X)","46,617","±4,598","(X)","(X)","29,303","±3,721","(X)","(X)","36,472","±2,125","(X)","(X)","50,041","±9,071","(X)","(X)","26,883","±4,592","(X)","(X)","28,205","±5,668","(X)","(X)","37,887","±8,575","(X)","(X)","22,312","±5,551","(X)","(X)","34,455","±3,614","(X)","(X)","40,901","±5,234","(X)","(X)","28,513","±2,870","(X)","(X)","30,632","±3,614","(X)","(X)","36,058","±13,003","(X)","(X)","21,282","±5,153","(X)","(X)","31,112","±1,177","(X)","(X)","38,157","±2,715","(X)","(X)","24,382","±3,339","(X)","(X)","26,767","±6,223","(X)","(X)","37,489","±4,189","(X)","(X)","17,414","±4,812","(X)","(X)","36,314","±2,979","(X)","(X)","42,355","±3,909","(X)","(X)","22,974","±3,987","(X)","(X)","36,379","±1,741","(X)","(X)","48,750","±4,978","(X)","(X)","24,486","±3,628","(X)","(X)","32,074","±983","(X)","(X)","38,138","±2,223","(X)","(X)","24,970","±2,001","(X)","(X)","36,672","±3,226","(X)","(X)","50,194","±7,907","(X)","(X)","29,512","±5,374","(X)","(X)","31,956","±42","(X)","(X)","38,906","±159","(X)","(X)","25,829","±94","(X)","(X)"
"        Some college or associate's degree","42,069","±12,165","(X)","(X)","51,926","±4,982","(X)","(X)","32,364","±4,079","(X)","(X)","41,184","±2,114","(X)","(X)","50,729","±2,425","(X)","(X)","31,088","±2,297","(X)","(X)","32,165","±2,428","(X)","(X)","38,896","±7,904","(X)","(X)","30,704","±4,031","(X)","(X)","35,546","±4,579","(X)","(X)","52,125","±10,916","(X)","(X)","28,079","±4,398","(X)","(X)","30,905","±8,382","(X)","(X)","45,726","±9,846","(X)","(X)","23,915","±4,409","(X)","(X)","36,008","±1,194","(X)","(X)","41,569","±1,113","(X)","(X)","30,661","±1,562","(X)","(X)","22,310","±3,863","(X)","(X)","26,652","±5,324","(X)","(X)","20,390","±4,750","(X)","(X)","35,795","±5,655","(X)","(X)","42,489","±8,690","(X)","(X)","25,809","±4,720","(X)","(X)","41,643","±5,304","(X)","(X)","53,521","±5,575","(X)","(X)","33,898","±3,410","(X)","(X)","35,708","±1,564","(X)","(X)","45,381","±2,380","(X)","(X)","30,159","±957","(X)","(X)","42,310","±3,362","(X)","(X)","51,744","±4,317","(X)","(X)","30,941","±3,723","(X)","(X)","38,125","±148","(X)","(X)","46,610","±155","(X)","(X)","31,644","±65","(X)","(X)"
"        Bachelor's degree","53,024","±5,304","(X)","(X)","68,356","±7,850","(X)","(X)","42,653","±2,780","(X)","(X)","48,881","±3,952","(X)","(X)","62,619","±8,033","(X)","(X)","41,829","±1,664","(X)","(X)","30,639","±4,668","(X)","(X)","32,259","±7,511","(X)","(X)","28,231","±5,239","(X)","(X)","42,510","±6,233","(X)","(X)","52,089","±10,881","(X)","(X)","37,169","±7,160","(X)","(X)","41,678","±6,398","(X)","(X)","50,848","±6,344","(X)","(X)","36,555","±3,083","(X)","(X)","51,239","±1,594","(X)","(X)","61,763","±2,415","(X)","(X)","42,148","±2,297","(X)","(X)","46,604","±6,733","(X)","(X)","54,123","±13,845","(X)","(X)","39,540","±3,448","(X)","(X)","41,878","±4,143","(X)","(X)","48,660","±11,165","(X)","(X)","39,640","±8,399","(X)","(X)","44,521","±4,237","(X)","(X)","62,581","±15,490","(X)","(X)","41,307","±4,009","(X)","(X)","50,557","±1,196","(X)","(X)","64,582","±5,172","(X)","(X)","42,051","±1,741","(X)","(X)","50,910","±3,913","(X)","(X)","68,814","±14,459","(X)","(X)","41,630","±4,060","(X)","(X)","56,344","±136","(X)","(X)","69,201","±502","(X)","(X)","47,895","±260","(X)","(X)"
"        Graduate or professional degree","56,344","±6,794","(X)","(X)","81,951","±6,972","(X)","(X)","47,893","±4,123","(X)","(X)","62,058","±6,499","(X)","(X)","74,617","±8,793","(X)","(X)","53,902","±7,380","(X)","(X)","41,582","±13,213","(X)","(X)","61,651","±28,161","(X)","(X)","36,355","±5,518","(X)","(X)","59,900","±15,892","(X)","(X)","101,953","±48,362","(X)","(X)","42,144","±8,212","(X)","(X)","56,356","±13,474","(X)","(X)","100,322","±49,601","(X)","(X)","49,353","±11,701","(X)","(X)","75,360","±4,537","(X)","(X)","95,906","±7,047","(X)","(X)","57,127","±3,756","(X)","(X)","31,267","±11,371","(X)","(X)","30,874","±14,896","(X)","(X)","32,309","±20,392","(X)","(X)","54,247","±7,429","(X)","(X)","60,818","±8,708","(X)","(X)","48,484","±14,402","(X)","(X)","62,287","±10,696","(X)","(X)","120,031","±61,616","(X)","(X)","51,420","±15,946","(X)","(X)","64,958","±4,612","(X)","(X)","82,088","±7,221","(X)","(X)","51,219","±3,238","(X)","(X)","60,595","±10,797","(X)","(X)","77,491","±24,417","(X)","(X)","55,538","±19,594","(X)","(X)","75,495","±179","(X)","(X)","93,998","±962","(X)","(X)","63,912","±394","(X)","(X)"