"Label","Aiken County, South Carolina!!Total!!Estimate","Aiken County, South Carolina!!Total!!Margin of Error","Aiken County, South Carolina!!Percent!!Estimate","Aiken County, South Carolina!!Percent!!Margin of Error","Aiken County, South Carolina!!Male!!Estimate","Aiken County, South Carolina!!Male!!Margin of Error","Aiken County, South Carolina!!Percent Male!!Estimate","Aiken County, South Carolina!!Percent Male!!Margin of Error","Aiken County, South Carolina!!Female!!Estimate","Aiken County, South Carolina!!Female!!Margin of Error","Aiken County, South Carolina!!Percent Female!!Estimate","Aiken County, South Carolina!!Percent Female!!Margin of Error","Anderson County, South Carolina!!Total!!Estimate","Anderson County, South Carolina!!Total!!Margin of Error","Anderson County, South Carolina!!Percent!!Estimate","Anderson County, South Carolina!!Percent!!Margin of Error","Anderson County, South Carolina!!Male!!Estimate","Anderson County, South Carolina!!Male!!Margin of Error","Anderson County, South Carolina!!Percent Male!!Estimate","Anderson County, South Carolina!!Percent Male!!Margin of Error","Anderson County, South Carolina!!Female!!Estimate","Anderson County, South Carolina!!Female!!Margin of Error","Anderson County, South Carolina!!Percent Female!!Estimate","Anderson County, South Carolina!!Percent Female!!Margin of Error","Beaufort County, South Carolina!!Total!!Estimate","Beaufort County, South Carolina!!Total!!Margin of Error","Beaufort County, South Carolina!!Percent!!Estimate","Beaufort County, South Carolina!!Percent!!Margin of Error","Beaufort County, South Carolina!!Male!!Estimate","Beaufort County, South Carolina!!Male!!Margin of Error","Beaufort County, South Carolina!!Percent Male!!Estimate","Beaufort County, South Carolina!!Percent Male!!Margin of Error","Beaufort County, South Carolina!!Female!!Estimate","Beaufort County, South Carolina!!Female!!Margin of Error","Beaufort County, South Carolina!!Percent Female!!Estimate","Beaufort County, South Carolina!!Percent Female!!Margin of Error","Berkeley County, South Carolina!!Total!!Estimate","Berkeley County, South Carolina!!Total!!Margin of Error","Berkeley County, South Carolina!!Percent!!Estimate","Berkeley County, South Carolina!!Percent!!Margin of Error","Berkeley County, South Carolina!!Male!!Estimate","Berkeley County, South Carolina!!Male!!Margin of Error","Berkeley County, South Carolina!!Percent Male!!Estimate","Berkeley County, South Carolina!!Percent Male!!Margin of Error","Berkeley County, South Carolina!!Female!!Estimate","Berkeley County, South Carolina!!Female!!Margin of Error","Berkeley County, South Carolina!!Percent Female!!Estimate","Berkeley County, South Carolina!!Percent Female!!Margin of Error","Charleston County, South Carolina!!Total!!Estimate","Charleston County, South Carolina!!Total!!Margin of Error","Charleston County, South Carolina!!Percent!!Estimate","Charleston County, South Carolina!!Percent!!Margin of Error","Charleston County, South Carolina!!Male!!Estimate","Charleston County, South Carolina!!Male!!Margin of Error","Charleston County, South Carolina!!Percent Male!!Estimate","Charleston County, South Carolina!!Percent Male!!Margin of Error","Charleston County, South Carolina!!Female!!Estimate","Charleston County, South Carolina!!Female!!Margin of Error","Charleston County, South Carolina!!Percent Female!!Estimate","Charleston County, South Carolina!!Percent Female!!Margin of Error","Darlington County, South Carolina!!Total!!Estimate","Darlington County, South Carolina!!Total!!Margin of Error","Darlington County, South Carolina!!Percent!!Estimate","Darlington County, South Carolina!!Percent!!Margin of Error","Darlington County, South Carolina!!Male!!Estimate","Darlington County, South Carolina!!Male!!Margin of Error","Darlington County, South Carolina!!Percent Male!!Estimate","Darlington County, South Carolina!!Percent Male!!Margin of Error","Darlington County, South Carolina!!Female!!Estimate","Darlington County, South Carolina!!Female!!Margin of Error","Darlington County, South Carolina!!Percent Female!!Estimate","Darlington County, South Carolina!!Percent Female!!Margin of Error","Dorchester County, South Carolina!!Total!!Estimate","Dorchester County, South Carolina!!Total!!Margin of Error","Dorchester County, South Carolina!!Percent!!Estimate","Dorchester County, South Carolina!!Percent!!Margin of Error","Dorchester County, South Carolina!!Male!!Estimate","Dorchester County, South Carolina!!Male!!Margin of Error","Dorchester County, South Carolina!!Percent Male!!Estimate","Dorchester County, South Carolina!!Percent Male!!Margin of Error","Dorchester County, South Carolina!!Female!!Estimate","Dorchester County, South Carolina!!Female!!Margin of Error","Dorchester County, South Carolina!!Percent Female!!Estimate","Dorchester County, South Carolina!!Percent Female!!Margin of Error","Florence County, South Carolina!!Total!!Estimate","Florence County, South Carolina!!Total!!Margin of Error","Florence County, South Carolina!!Percent!!Estimate","Florence County, South Carolina!!Percent!!Margin of Error","Florence County, South Carolina!!Male!!Estimate","Florence County, South Carolina!!Male!!Margin of Error","Florence County, South Carolina!!Percent Male!!Estimate","Florence County, South Carolina!!Percent Male!!Margin of Error","Florence County, South Carolina!!Female!!Estimate","Florence County, South Carolina!!Female!!Margin of Error","Florence County, South Carolina!!Percent Female!!Estimate","Florence County, South Carolina!!Percent Female!!Margin of Error","Greenville County, South Carolina!!Total!!Estimate","Greenville County, South Carolina!!Total!!Margin of Error","Greenville County, South Carolina!!Percent!!Estimate","Greenville County, South Carolina!!Percent!!Margin of Error","Greenville County, South Carolina!!Male!!Estimate","Greenville County, South Carolina!!Male!!Margin of Error","Greenville County, South Carolina!!Percent Male!!Estimate","Greenville County, South Carolina!!Percent Male!!Margin of Error","Greenville County, South Carolina!!Female!!Estimate","Greenville County, South Carolina!!Female!!Margin of Error","Greenville County, South Carolina!!Percent Female!!Estimate","Greenville County, South Carolina!!Percent Female!!Margin of Error","Greenwood County, South Carolina!!Total!!Estimate","Greenwood County, South Carolina!!Total!!Margin of Error","Greenwood County, South Carolina!!Percent!!Estimate","Greenwood County, South Carolina!!Percent!!Margin of Error","Greenwood County, South Carolina!!Male!!Estimate","Greenwood County, South Carolina!!Male!!Margin of Error","Greenwood County, South Carolina!!Percent Male!!Estimate","Greenwood County, South Carolina!!Percent Male!!Margin of Error","Greenwood County, South Carolina!!Female!!Estimate","Greenwood County, South Carolina!!Female!!Margin of Error","Greenwood County, South Carolina!!Percent Female!!Estimate","Greenwood County, South Carolina!!Percent Female!!Margin of Error","Horry County, South Carolina!!Total!!Estimate","Horry County, South Carolina!!Total!!Margin of Error","Horry County, South Carolina!!Percent!!Estimate","Horry County, South Carolina!!Percent!!Margin of Error","Horry County, South Carolina!!Male!!Estimate","Horry County, South Carolina!!Male!!Margin of Error","Horry County, South Carolina!!Percent Male!!Estimate","Horry County, South Carolina!!Percent Male!!Margin of Error","Horry County, South Carolina!!Female!!Estimate","Horry County, South Carolina!!Female!!Margin of Error","Horry County, South Carolina!!Percent Female!!Estimate","Horry County, South Carolina!!Percent Female!!Margin of Error","Kershaw County, South Carolina!!Total!!Estimate","Kershaw County, South Carolina!!Total!!Margin of Error","Kershaw County, South Carolina!!Percent!!Estimate","Kershaw County, South Carolina!!Percent!!Margin of Error","Kershaw County, South Carolina!!Male!!Estimate","Kershaw County, South Carolina!!Male!!Margin of Error","Kershaw County, South Carolina!!Percent Male!!Estimate","Kershaw County, South Carolina!!Percent Male!!Margin of Error","Kershaw County, South Carolina!!Female!!Estimate","Kershaw County, South Carolina!!Female!!Margin of Error","Kershaw County, South Carolina!!Percent Female!!Estimate","Kershaw County, South Carolina!!Percent Female!!Margin of Error","Lancaster County, South Carolina!!Total!!Estimate","Lancaster County, South Carolina!!Total!!Margin of Error","Lancaster County, South Carolina!!Percent!!Estimate","Lancaster County, South Carolina!!Percent!!Margin of Error","Lancaster County, South Carolina!!Male!!Estimate","Lancaster County, South Carolina!!Male!!Margin of Error","Lancaster County, South Carolina!!Percent Male!!Estimate","Lancaster County, South Carolina!!Percent Male!!Margin of Error","Lancaster County, South Carolina!!Female!!Estimate","Lancaster County, South Carolina!!Female!!Margin of Error","Lancaster County, South Carolina!!Percent Female!!Estimate","Lancaster County, South Carolina!!Percent Female!!Margin of Error","Laurens County, South Carolina!!Total!!Estimate","Laurens County, South Carolina!!Total!!Margin of Error","Laurens County, South Carolina!!Percent!!Estimate","Laurens County, South Carolina!!Percent!!Margin of Error","Laurens County, South Carolina!!Male!!Estimate","Laurens County, South Carolina!!Male!!Margin of Error","Laurens County, South Carolina!!Percent Male!!Estimate","Laurens County, South Carolina!!Percent Male!!Margin of Error","Laurens County, South Carolina!!Female!!Estimate","Laurens County, South Carolina!!Female!!Margin of Error","Laurens County, South Carolina!!Percent Female!!Estimate","Laurens County, South Carolina!!Percent Female!!Margin of Error","Lexington County, South Carolina!!Total!!Estimate","Lexington County, South Carolina!!Total!!Margin of Error","Lexington County, South Carolina!!Percent!!Estimate","Lexington County, South Carolina!!Percent!!Margin of Error","Lexington County, South Carolina!!Male!!Estimate","Lexington County, South Carolina!!Male!!Margin of Error","Lexington County, South Carolina!!Percent Male!!Estimate","Lexington County, South Carolina!!Percent Male!!Margin of Error","Lexington County, South Carolina!!Female!!Estimate","Lexington County, South Carolina!!Female!!Margin of Error","Lexington County, South Carolina!!Percent Female!!Estimate","Lexington County, South Carolina!!Percent Female!!Margin of Error","Oconee County, South Carolina!!Total!!Estimate","Oconee County, South Carolina!!Total!!Margin of Error","Oconee County, South Carolina!!Percent!!Estimate","Oconee County, South Carolina!!Percent!!Margin of Error","Oconee County, South Carolina!!Male!!Estimate","Oconee County, South Carolina!!Male!!Margin of Error","Oconee County, South Carolina!!Percent Male!!Estimate","Oconee County, South Carolina!!Percent Male!!Margin of Error","Oconee County, South Carolina!!Female!!Estimate","Oconee County, South Carolina!!Female!!Margin of Error","Oconee County, South Carolina!!Percent Female!!Estimate","Oconee County, South Carolina!!Percent Female!!Margin of Error","Orangeburg County, South Carolina!!Total!!Estimate","Orangeburg County, South Carolina!!Total!!Margin of Error","Orangeburg County, South Carolina!!Percent!!Estimate","Orangeburg County, South Carolina!!Percent!!Margin of Error","Orangeburg County, South Carolina!!Male!!Estimate","Orangeburg County, South Carolina!!Male!!Margin of Error","Orangeburg County, South Carolina!!Percent Male!!Estimate","Orangeburg County, South Carolina!!Percent Male!!Margin of Error","Orangeburg County, South Carolina!!Female!!Estimate","Orangeburg County, South Carolina!!Female!!Margin of Error","Orangeburg County, South Carolina!!Percent Female!!Estimate","Orangeburg County, South Carolina!!Percent Female!!Margin of Error","Pickens County, South Carolina!!Total!!Estimate","Pickens County, South Carolina!!Total!!Margin of Error","Pickens County, South Carolina!!Percent!!Estimate","Pickens County, South Carolina!!Percent!!Margin of Error","Pickens County, South Carolina!!Male!!Estimate","Pickens County, South Carolina!!Male!!Margin of Error","Pickens County, South Carolina!!Percent Male!!Estimate","Pickens County, South Carolina!!Percent Male!!Margin of Error","Pickens County, South Carolina!!Female!!Estimate","Pickens County, South Carolina!!Female!!Margin of Error","Pickens County, South Carolina!!Percent Female!!Estimate","Pickens County, South Carolina!!Percent Female!!Margin of Error","Richland County, South Carolina!!Total!!Estimate","Richland County, South Carolina!!Total!!Margin of Error","Richland County, South Carolina!!Percent!!Estimate","Richland County, South Carolina!!Percent!!Margin of Error","Richland County, South Carolina!!Male!!Estimate","Richland County, South Carolina!!Male!!Margin of Error","Richland County, South Carolina!!Percent Male!!Estimate","Richland County, South Carolina!!Percent Male!!Margin of Error","Richland County, South Carolina!!Female!!Estimate","Richland County, South Carolina!!Female!!Margin of Error","Richland County, South Carolina!!Percent Female!!Estimate","Richland County, South Carolina!!Percent Female!!Margin of Error","Spartanburg County, South Carolina!!Total!!Estimate","Spartanburg County, South Carolina!!Total!!Margin of Error","Spartanburg County, South Carolina!!Percent!!Estimate","Spartanburg County, South Carolina!!Percent!!Margin of Error","Spartanburg County, South Carolina!!Male!!Estimate","Spartanburg County, South Carolina!!Male!!Margin of Error","Spartanburg County, South Carolina!!Percent Male!!Estimate","Spartanburg County, South Carolina!!Percent Male!!Margin of Error","Spartanburg County, South Carolina!!Female!!Estimate","Spartanburg County, South Carolina!!Female!!Margin of Error","Spartanburg County, South Carolina!!Percent Female!!Estimate","Spartanburg County, South Carolina!!Percent Female!!Margin of Error","Sumter County, South Carolina!!Total!!Estimate","Sumter County, South Carolina!!Total!!Margin of Error","Sumter County, South Carolina!!Percent!!Estimate","Sumter County, South Carolina!!Percent!!Margin of Error","Sumter County, South Carolina!!Male!!Estimate","Sumter County, South Carolina!!Male!!Margin of Error","Sumter County, South Carolina!!Percent Male!!Estimate","Sumter County, South Carolina!!Percent Male!!Margin of Error","Sumter County, South Carolina!!Female!!Estimate","Sumter County, South Carolina!!Female!!Margin of Error","Sumter County, South Carolina!!Percent Female!!Estimate","Sumter County, South Carolina!!Percent Female!!Margin of Error","York County, South Carolina!!Total!!Estimate","York County, South Carolina!!Total!!Margin of Error","York County, South Carolina!!Percent!!Estimate","York County, South Carolina!!Percent!!Margin of Error","York County, South Carolina!!Male!!Estimate","York County, South Carolina!!Male!!Margin of Error","York County, South Carolina!!Percent Male!!Estimate","York County, South Carolina!!Percent Male!!Margin of Error","York County, South Carolina!!Female!!Estimate","York County, South Carolina!!Female!!Margin of Error","York County, South Carolina!!Percent Female!!Estimate","York County, South Carolina!!Percent Female!!Margin of Error","United States!!Total!!Estimate","United States!!Total!!Margin of Error","United States!!Percent!!Estimate","United States!!Percent!!Margin of Error","United States!!Male!!Estimate","United States!!Male!!Margin of Error","United States!!Percent Male!!Estimate","United States!!Percent Male!!Margin of Error","United States!!Female!!Estimate","United States!!Female!!Margin of Error","United States!!Percent Female!!Estimate","United States!!Percent Female!!Margin of Error"
"Total population","170,872","*****","(X)","(X)","80,809","±957","(X)","(X)","90,063","±957","(X)","(X)","202,558","*****","(X)","(X)","96,852","±1,060","(X)","(X)","105,706","±1,060","(X)","(X)","192,122","*****","(X)","(X)","93,420","±1,216","(X)","(X)","98,702","±1,216","(X)","(X)","227,907","*****","(X)","(X)","114,249","±1,130","(X)","(X)","113,658","±1,130","(X)","(X)","411,406","*****","(X)","(X)","198,545","±1,390","(X)","(X)","212,861","±1,390","(X)","(X)","66,618","*****","(X)","(X)","31,866","±1,274","(X)","(X)","34,752","±1,274","(X)","(X)","162,809","*****","(X)","(X)","78,698","±1,352","(X)","(X)","84,111","±1,352","(X)","(X)","138,293","*****","(X)","(X)","65,210","±679","(X)","(X)","73,083","±679","(X)","(X)","523,542","*****","(X)","(X)","253,957","±448","(X)","(X)","269,585","±448","(X)","(X)","70,811","*****","(X)","(X)","33,222","±1,090","(X)","(X)","37,589","±1,090","(X)","(X)","354,081","*****","(X)","(X)","169,733","±1,528","(X)","(X)","184,348","±1,528","(X)","(X)","66,551","*****","(X)","(X)","31,565","±597","(X)","(X)","34,986","±597","(X)","(X)","98,012","*****","(X)","(X)","45,747","±1,649","(X)","(X)","52,265","±1,649","(X)","(X)","67,493","*****","(X)","(X)","33,405","±818","(X)","(X)","34,088","±818","(X)","(X)","298,750","*****","(X)","(X)","144,058","±957","(X)","(X)","154,692","±957","(X)","(X)","79,546","*****","(X)","(X)","38,765","±1,044","(X)","(X)","40,781","±1,044","(X)","(X)","86,175","*****","(X)","(X)","40,184","±938","(X)","(X)","45,991","±938","(X)","(X)","126,884","*****","(X)","(X)","62,718","±665","(X)","(X)","64,166","±665","(X)","(X)","415,759","*****","(X)","(X)","199,895","±1,071","(X)","(X)","215,864","±1,071","(X)","(X)","319,785","*****","(X)","(X)","155,121","±933","(X)","(X)","164,664","±933","(X)","(X)","106,721","*****","(X)","(X)","52,446","±975","(X)","(X)","54,275","±975","(X)","(X)","280,979","*****","(X)","(X)","135,204","±1,026","(X)","(X)","145,775","±1,026","(X)","(X)","328,239,523","*****","(X)","(X)","161,588,973","±34,808","(X)","(X)","166,650,550","±34,808","(X)","(X)"
"    AGE","","","","","","","","","","","","","","","","","","","","","","","","","","","","","","","","","","","","","","","","","","","","","","","","","","","","","","","","","","","","","","","","","","","","","","","","","","","","","","","","","","","","","","","","","","","","","","","","","","","","","","","","","","","","","","","","","","","","","","","","","","","","","","","","","","","","","","","","","","","","","","","","","","","","","","","","","","","","","","","","","","","","","","","","","","","","","","","","","","","","","","","","","","","","","","","","","","","","","","","","","","","","","","","","","","","","","","","","","","","","","","","","","","","","","","","","","","","","","","","","","","","","","","","","","","","","","","","","","","","","","","","","","","","","","","","","","","","",""
"        Under 5 years","9,550","±756","5.6%","±0.4","4,730","±808","5.9%","±1.0","4,820","±687","5.4%","±0.7","11,149","±293","5.5%","±0.1","5,299","±655","5.5%","±0.6","5,850","±602","5.5%","±0.5","9,597","±250","5.0%","±0.1","4,443","±898","4.8%","±0.9","5,154","±838","5.2%","±0.8","13,961","±926","6.1%","±0.4","7,745","±864","6.8%","±0.8","6,216","±377","5.5%","±0.3","23,800","±455","5.8%","±0.1","12,012","±556","6.1%","±0.3","11,788","±443","5.5%","±0.2","3,851","*****","5.8%","*****","1,680","±794","5.3%","±2.4","2,171","±794","6.2%","±2.2","9,631","±272","5.9%","±0.2","4,314","±702","5.5%","±0.9","5,317","±711","6.3%","±0.8","8,574","±749","6.2%","±0.5","4,367","±604","6.7%","±0.9","4,207","±294","5.8%","±0.4","31,988","±260","6.1%","±0.1","16,706","±262","6.6%","±0.1","15,282","±196","5.7%","±0.1","4,356","±874","6.2%","±1.2","2,751","±974","8.3%","±2.8","1,605","±450","4.3%","±1.1","15,624","±373","4.4%","±0.1","7,869","±753","4.6%","±0.4","7,755","±669","4.2%","±0.3","3,847","*****","5.8%","*****","1,333","±229","4.2%","±0.7","2,514","±229","7.2%","±0.6","5,843","±274","6.0%","±0.3","2,674","±763","5.8%","±1.6","3,169","±752","6.1%","±1.3","3,915","±432","5.8%","±0.6","2,318","±520","6.9%","±1.4","1,597","±296","4.7%","±0.8","16,247","±661","5.4%","±0.2","8,028","±467","5.6%","±0.3","8,219","±721","5.3%","±0.4","3,262","±422","4.1%","±0.5","1,531","±454","3.9%","±1.1","1,731","±573","4.2%","±1.4","4,441","±3","5.2%","±0.1","2,001","±831","5.0%","±2.0","2,440","±830","5.3%","±1.7","6,914","±548","5.4%","±0.4","3,714","±515","5.9%","±0.8","3,200","±375","5.0%","±0.6","23,781","±471","5.7%","±0.1","12,240","±440","6.1%","±0.2","11,541","±552","5.3%","±0.2","19,682","±228","6.2%","±0.1","10,148","±721","6.5%","±0.4","9,534","±756","5.8%","±0.4","7,033","±381","6.6%","±0.4","4,438","±603","8.5%","±1.0","2,595","±610","4.8%","±1.1","16,586","±173","5.9%","±0.1","8,388","±416","6.2%","±0.3","8,198","±479","5.6%","±0.3","19,404,835","±22,314","5.9%","±0.1","9,938,937","±19,654","6.2%","±0.1","9,465,898","±16,480","5.7%","±0.1"
"        5 to 9 years","10,075","±1,743","5.9%","±1.0","4,560","±1,219","5.6%","±1.5","5,515","±1,079","6.1%","±1.2","10,884","±1,609","5.4%","±0.8","5,683","±1,129","5.9%","±1.2","5,201","±1,123","4.9%","±1.1","7,720","±1,476","4.0%","±0.8","3,927","±1,060","4.2%","±1.1","3,793","±872","3.8%","±0.9","15,364","±1,637","6.7%","±0.7","8,130","±1,200","7.1%","±1.0","7,234","±1,302","6.4%","±1.1","22,755","±2,159","5.5%","±0.5","12,188","±1,497","6.1%","±0.8","10,567","±1,897","5.0%","±0.9","3,364","±817","5.0%","±1.2","2,396","±687","7.5%","±2.2","968","±682","2.8%","±2.0","12,495","±1,562","7.7%","±1.0","5,585","±1,131","7.1%","±1.4","6,910","±1,048","8.2%","±1.2","8,177","±1,272","5.9%","±0.9","4,614","±802","7.1%","±1.2","3,563","±964","4.9%","±1.3","34,322","±2,494","6.6%","±0.5","17,099","±1,696","6.7%","±0.7","17,223","±1,738","6.4%","±0.6","4,634","±1,034","6.5%","±1.5","2,109","±677","6.3%","±2.1","2,525","±796","6.7%","±2.1","17,162","±1,870","4.8%","±0.5","9,430","±1,579","5.6%","±0.9","7,732","±1,295","4.2%","±0.7","5,100","±1,031","7.7%","±1.5","3,162","±624","10.0%","±2.0","1,938","±872","5.5%","±2.5","7,368","±1,174","7.5%","±1.2","3,329","±1,238","7.3%","±2.5","4,039","±969","7.7%","±1.8","4,077","±980","6.0%","±1.5","1,915","±561","5.7%","±1.7","2,162","±877","6.3%","±2.5","18,021","±1,831","6.0%","±0.6","7,858","±1,506","5.5%","±1.0","10,163","±1,203","6.6%","±0.8","4,959","±968","6.2%","±1.2","2,543","±713","6.6%","±1.8","2,416","±909","5.9%","±2.2","5,535","±883","6.4%","±1.0","2,971","±778","7.4%","±2.0","2,564","±730","5.6%","±1.6","6,275","±1,230","4.9%","±1.0","3,267","±775","5.2%","±1.2","3,008","±864","4.7%","±1.3","21,166","±2,145","5.1%","±0.5","11,064","±1,506","5.5%","±0.7","10,102","±1,491","4.7%","±0.7","20,097","±1,856","6.3%","±0.6","10,208","±1,273","6.6%","±0.8","9,889","±1,317","6.0%","±0.8","7,152","±1,182","6.7%","±1.1","3,860","±1,071","7.4%","±2.1","3,292","±760","6.1%","±1.4","19,067","±1,793","6.8%","±0.6","8,777","±1,359","6.5%","±1.0","10,290","±1,808","7.1%","±1.2","19,690,437","±69,224","6.0%","±0.1","10,033,518","±51,101","6.2%","±0.1","9,656,919","±47,933","5.8%","±0.1"
"        10 to 14 years","11,632","±1,649","6.8%","±1.0","6,369","±1,093","7.9%","±1.4","5,263","±1,121","5.8%","±1.2","14,521","±1,614","7.2%","±0.8","7,185","±1,168","7.4%","±1.2","7,336","±1,182","6.9%","±1.1","11,884","±1,531","6.2%","±0.8","6,009","±1,046","6.4%","±1.1","5,875","±1,147","6.0%","±1.1","15,095","±1,610","6.6%","±0.7","8,107","±1,142","7.1%","±1.0","6,988","±1,114","6.1%","±1.0","22,009","±2,198","5.3%","±0.5","10,247","±1,531","5.2%","±0.8","11,762","±1,910","5.5%","±0.9","4,741","±727","7.1%","±1.1","2,462","±725","7.7%","±2.2","2,279","±807","6.6%","±2.2","10,460","±1,473","6.4%","±0.9","6,389","±1,097","8.1%","±1.4","4,071","±1,031","4.8%","±1.2","9,908","±1,291","7.2%","±0.9","4,301","±781","6.6%","±1.2","5,607","±978","7.7%","±1.3","34,145","±2,539","6.5%","±0.5","17,714","±1,639","7.0%","±0.6","16,431","±1,814","6.1%","±0.7","4,055","±779","5.7%","±1.1","2,080","±532","6.3%","±1.6","1,975","±652","5.3%","±1.7","19,749","±1,842","5.6%","±0.5","9,408","±1,375","5.5%","±0.8","10,341","±1,230","5.6%","±0.7","3,752","±1,031","5.6%","±1.5","1,481","±624","4.7%","±2.0","2,271","±872","6.5%","±2.5","4,464","±1,157","4.6%","±1.2","1,837","±882","4.0%","±1.9","2,627","±1,421","5.0%","±2.7","4,593","±879","6.8%","±1.3","2,658","±589","8.0%","±1.8","1,935","±692","5.7%","±2.1","23,132","±1,733","7.7%","±0.6","13,103","±1,484","9.1%","±1.0","10,029","±1,204","6.5%","±0.8","5,179","±863","6.5%","±1.1","2,478","±682","6.4%","±1.7","2,701","±742","6.6%","±1.8","5,962","±888","6.9%","±1.0","2,959","±779","7.4%","±1.9","3,003","±731","6.5%","±1.6","6,576","±1,240","5.2%","±1.0","2,892","±772","4.6%","±1.2","3,684","±812","5.7%","±1.3","28,518","±2,155","6.9%","±0.5","14,058","±1,471","7.0%","±0.7","14,460","±1,555","6.7%","±0.7","21,626","±1,857","6.8%","±0.6","11,282","±1,288","7.3%","±0.8","10,344","±1,232","6.3%","±0.7","6,957","±1,122","6.5%","±1.1","3,479","±1,101","6.6%","±2.1","3,478","±747","6.4%","±1.4","20,732","±1,705","7.4%","±0.6","11,288","±1,408","8.3%","±1.0","9,444","±1,543","6.5%","±1.1","21,423,479","±69,779","6.5%","±0.1","10,987,313","±52,483","6.8%","±0.1","10,436,166","±45,451","6.3%","±0.1"
"        15 to 19 years","10,495","±1,718","6.1%","±1.0","4,718","±983","5.8%","±1.2","5,777","±1,355","6.4%","±1.5","14,710","±1,208","7.3%","±0.6","7,726","±922","8.0%","±1.0","6,984","±779","6.6%","±0.7","11,322","±2,177","5.9%","±1.1","4,720","±1,410","5.1%","±1.5","6,602","±1,330","6.7%","±1.4","17,016","±1,132","7.5%","±0.5","8,831","±1,357","7.7%","±1.1","8,185","±1,217","7.2%","±1.0","23,084","±812","5.6%","±0.2","11,863","±1,356","6.0%","±0.6","11,221","±1,437","5.3%","±0.6","5,043","±1,315","7.6%","±2.0","3,026","±1,363","9.5%","±4.1","2,017","±650","5.8%","±1.8","10,225","±876","6.3%","±0.5","4,409","±893","5.6%","±1.1","5,816","±889","6.9%","±1.0","8,462","±632","6.1%","±0.5","4,886","±846","7.5%","±1.2","3,576","±741","4.9%","±1.0","32,545","±844","6.2%","±0.2","15,879","±510","6.3%","±0.2","16,666","±716","6.2%","±0.3","4,405","±984","6.2%","±1.4","2,202","±889","6.6%","±2.6","2,203","±709","5.9%","±1.9","17,980","±923","5.1%","±0.3","8,612","±660","5.1%","±0.4","9,368","±1,037","5.1%","±0.6","4,353","±622","6.5%","±0.9","2,350","±675","7.4%","±2.0","2,003","±730","5.7%","±2.0","5,827","±1,238","5.9%","±1.3","2,923","±1,019","6.4%","±2.2","2,904","±941","5.6%","±1.7","4,582","±1,024","6.8%","±1.5","2,808","±950","8.4%","±2.8","1,774","±710","5.2%","±2.1","17,990","±858","6.0%","±0.3","8,515","±559","5.9%","±0.4","9,475","±723","6.1%","±0.5","4,191","±945","5.3%","±1.2","2,117","±582","5.5%","±1.5","2,074","±575","5.1%","±1.4","5,810","±713","6.7%","±0.8","2,241","±601","5.6%","±1.4","3,569","±845","7.8%","±1.8","10,714","±389","8.4%","±0.3","5,545","±265","8.8%","±0.4","5,169","±271","8.1%","±0.4","39,597","±2,473","9.5%","±0.6","20,077","±1,582","10.0%","±0.8","19,520","±1,610","9.0%","±0.8","20,658","±908","6.5%","±0.3","10,550","±890","6.8%","±0.6","10,108","±693","6.1%","±0.4","7,343","±955","6.9%","±0.9","3,743","±982","7.1%","±1.8","3,600","±776","6.6%","±1.4","18,024","±1,144","6.4%","±0.4","8,743","±743","6.5%","±0.6","9,281","±913","6.4%","±0.6","21,353,524","±36,116","6.5%","±0.1","10,903,653","±27,920","6.7%","±0.1","10,449,871","±27,410","6.3%","±0.1"
"        20 to 24 years","9,130","±1,611","5.3%","±0.9","4,820","±914","6.0%","±1.1","4,310","±1,209","4.8%","±1.3","11,744","±1,011","5.8%","±0.5","5,407","±771","5.6%","±0.8","6,337","±784","6.0%","±0.7","12,913","±1,625","6.7%","±0.8","7,724","±985","8.3%","±1.1","5,189","±1,125","5.3%","±1.1","13,367","±1,067","5.9%","±0.5","7,980","±811","7.0%","±0.7","5,387","±661","4.7%","±0.6","25,449","±939","6.2%","±0.2","13,305","±603","6.7%","±0.3","12,144","±644","5.7%","±0.3","4,530","±1,202","6.8%","±1.8","1,763","±815","5.5%","±2.6","2,767","±918","8.0%","±2.6","8,626","±1,074","5.3%","±0.7","4,933","±940","6.3%","±1.2","3,693","±626","4.4%","±0.8","9,065","±832","6.6%","±0.6","4,261","±503","6.5%","±0.8","4,804","±703","6.6%","±1.0","31,937","±817","6.1%","±0.2","15,454","±436","6.1%","±0.2","16,483","±658","6.1%","±0.2","4,573","±1,440","6.5%","±2.0","2,674","±1,325","8.0%","±3.9","1,899","±524","5.1%","±1.4","17,568","±1,260","5.0%","±0.4","8,870","±901","5.2%","±0.5","8,698","±760","4.7%","±0.4","2,976","±920","4.5%","±1.4","1,786","±816","5.7%","±2.6","1,190","±234","3.4%","±0.7","4,047","±921","4.1%","±0.9","1,839","±610","4.0%","±1.3","2,208","±670","4.2%","±1.3","3,437","±717","5.1%","±1.1","1,993","±637","6.0%","±1.9","1,444","±274","4.2%","±0.8","15,951","±980","5.3%","±0.3","7,982","±574","5.5%","±0.4","7,969","±759","5.2%","±0.5","4,027","±975","5.1%","±1.2","1,928","±594","5.0%","±1.5","2,099","±846","5.1%","±2.0","5,973","±689","6.9%","±0.8","3,453","±297","8.6%","±0.7","2,520","±652","5.5%","±1.4","15,908","±743","12.5%","±0.6","8,515","±614","13.6%","±1.0","7,393","±564","11.5%","±0.9","39,201","±2,404","9.4%","±0.6","20,667","±1,513","10.3%","±0.8","18,534","±1,467","8.6%","±0.7","20,591","±962","6.4%","±0.3","10,206","±687","6.6%","±0.5","10,385","±738","6.3%","±0.5","7,065","±943","6.6%","±0.9","3,398","±883","6.5%","±1.7","3,667","±414","6.8%","±0.8","15,252","±1,033","5.4%","±0.4","7,368","±859","5.4%","±0.6","7,884","±506","5.4%","±0.3","21,468,680","±34,195","6.5%","±0.1","11,014,460","±22,949","6.8%","±0.1","10,454,220","±22,665","6.3%","±0.1"
"        25 to 29 years","11,404","±1,948","6.7%","±1.1","5,458","±1,214","6.8%","±1.5","5,946","±1,168","6.6%","±1.3","12,581","±966","6.2%","±0.5","5,867","±669","6.1%","±0.7","6,714","±838","6.4%","±0.8","10,408","±1,533","5.4%","±0.8","6,407","±1,240","6.9%","±1.3","4,001","±696","4.1%","±0.7","17,031","±600","7.5%","±0.3","8,510","±413","7.4%","±0.4","8,521","±453","7.5%","±0.4","33,192","±922","8.1%","±0.2","16,152","±558","8.1%","±0.3","17,040","±584","8.0%","±0.3","3,265","±763","4.9%","±1.1","1,554","±420","4.9%","±1.3","1,711","±769","4.9%","±2.2","11,645","±1,091","7.2%","±0.7","5,798","±835","7.4%","±1.1","5,847","±683","7.0%","±0.8","9,145","±418","6.6%","±0.3","4,437","±379","6.8%","±0.6","4,708","±205","6.4%","±0.3","37,478","±606","7.2%","±0.1","18,767","±501","7.4%","±0.2","18,711","±339","6.9%","±0.1","5,422","±708","7.7%","±1.0","2,027","±524","6.1%","±1.6","3,395","±398","9.0%","±1.1","20,313","±745","5.7%","±0.2","9,801","±492","5.8%","±0.3","10,512","±492","5.7%","±0.3","3,804","±890","5.7%","±1.3","2,115","±900","6.7%","±2.9","1,689","±494","4.8%","±1.4","5,524","±1,072","5.6%","±1.1","2,661","±603","5.8%","±1.3","2,863","±681","5.5%","±1.3","3,503","±1,171","5.2%","±1.7","1,552","±769","4.6%","±2.3","1,951","±507","5.7%","±1.4","20,016","±510","6.7%","±0.2","10,075","±338","7.0%","±0.2","9,941","±354","6.4%","±0.2","4,941","±779","6.2%","±1.0","3,018","±779","7.8%","±1.9","1,923","±218","4.7%","±0.1","5,375","±218","6.2%","±0.2","2,575","±218","6.4%","±0.1","2,800","±218","6.1%","±0.1","8,377","±834","6.6%","±0.7","4,644","±767","7.4%","±1.2","3,733","±362","5.8%","±0.6","32,979","±923","7.9%","±0.2","16,590","±720","8.3%","±0.4","16,389","±485","7.6%","±0.2","22,993","±663","7.2%","±0.2","11,018","±603","7.1%","±0.4","11,975","±463","7.3%","±0.3","8,079","±439","7.6%","±0.4","4,089","±326","7.8%","±0.6","3,990","±289","7.4%","±0.5","16,959","±1,027","6.0%","±0.4","8,329","±827","6.2%","±0.6","8,630","±656","5.9%","±0.4","23,233,299","±29,995","7.1%","±0.1","11,817,829","±21,300","7.3%","±0.1","11,415,470","±18,024","6.8%","±0.1"
"        30 to 34 years","11,292","±1,318","6.6%","±0.8","4,806","±842","5.9%","±1.0","6,486","±971","7.2%","±1.1","11,781","±313","5.8%","±0.2","5,598","±251","5.8%","±0.3","6,183","±183","5.8%","±0.2","10,091","±1,460","5.3%","±0.8","5,297","±1,111","5.7%","±1.2","4,794","±824","4.9%","±0.8","17,427","±1,021","7.6%","±0.4","8,745","±789","7.7%","±0.7","8,682","±667","7.6%","±0.6","34,602","±604","8.4%","±0.1","17,044","±440","8.6%","±0.2","17,558","±373","8.2%","±0.2","4,339","±973","6.5%","±1.5","1,690","±554","5.3%","±1.7","2,649","±701","7.6%","±2.0","11,127","±1,064","6.8%","±0.7","5,767","±430","7.3%","±0.6","5,360","±862","6.4%","±1.0","9,248","±816","6.7%","±0.6","4,255","±480","6.5%","±0.7","4,993","±451","6.8%","±0.6","36,331","±582","6.9%","±0.1","18,198","±504","7.2%","±0.2","18,133","±353","6.7%","±0.1","3,865","±564","5.5%","±0.8","1,606","±449","4.8%","±1.4","2,259","±562","6.0%","±1.5","19,278","±1,162","5.4%","±0.3","9,291","±85","5.5%","±0.1","9,987","±1,164","5.4%","±0.6","3,684","±997","5.5%","±1.5","1,422","±266","4.5%","±0.9","2,262","±910","6.5%","±2.6","5,331","±808","5.4%","±0.8","2,314","±305","5.1%","±0.7","3,017","±686","5.8%","±1.3","4,980","±706","7.4%","±1.0","2,007","±527","6.0%","±1.5","2,973","±393","8.7%","±1.2","19,967","±1,089","6.7%","±0.4","9,607","±593","6.7%","±0.4","10,360","±618","6.7%","±0.4","4,433","±683","5.6%","±0.9","1,928","±324","5.0%","±0.8","2,505","±630","6.1%","±1.6","4,638","±19","5.4%","±0.1","2,109","±218","5.2%","±0.1","2,529","±19","5.5%","±0.1","7,272","±779","5.7%","±0.6","3,453","±335","5.5%","±0.5","3,819","±581","6.0%","±0.9","27,833","±782","6.7%","±0.2","13,312","±562","6.7%","±0.3","14,521","±376","6.7%","±0.2","20,324","±596","6.4%","±0.2","10,034","±581","6.5%","±0.4","10,290","±337","6.2%","±0.2","6,655","±839","6.2%","±0.8","3,231","±861","6.2%","±1.7","3,424","±115","6.3%","±0.2","18,893","±1,100","6.7%","±0.4","9,022","±776","6.7%","±0.6","9,871","±716","6.8%","±0.5","22,345,176","±34,217","6.8%","±0.1","11,281,470","±23,076","7.0%","±0.1","11,063,706","±19,779","6.6%","±0.1"
"        35 to 39 years","11,630","±1,968","6.8%","±1.2","5,506","±1,316","6.8%","±1.6","6,124","±1,283","6.8%","±1.4","12,217","±1,967","6.0%","±1.0","6,623","±1,181","6.8%","±1.2","5,594","±1,169","5.3%","±1.1","9,082","±1,829","4.7%","±1.0","4,267","±1,127","4.6%","±1.2","4,815","±1,128","4.9%","±1.1","15,384","±2,234","6.8%","±1.0","8,030","±1,508","7.0%","±1.3","7,354","±1,345","6.5%","±1.2","29,410","±2,696","7.1%","±0.7","15,477","±1,815","7.8%","±0.9","13,933","±1,663","6.5%","±0.8","2,946","±861","4.4%","±1.3","1,285","±628","4.0%","±2.0","1,661","±674","4.8%","±2.0","12,060","±2,029","7.4%","±1.2","5,072","±1,199","6.4%","±1.5","6,988","±1,482","8.3%","±1.7","6,538","±1,289","4.7%","±0.9","2,962","±912","4.5%","±1.4","3,576","±847","4.9%","±1.2","36,810","±2,784","7.0%","±0.5","17,447","±1,573","6.9%","±0.6","19,363","±1,744","7.2%","±0.6","4,210","±1,231","5.9%","±1.7","1,729","±807","5.2%","±2.5","2,481","±958","6.6%","±2.6","19,110","±2,119","5.4%","±0.6","9,504","±1,442","5.6%","±0.8","9,606","±1,387","5.2%","±0.8","5,203","±941","7.8%","±1.4","1,654","±587","5.2%","±1.9","3,549","±716","10.1%","±2.0","8,181","±1,824","8.3%","±1.9","4,163","±1,234","9.1%","±2.6","4,018","±1,267","7.7%","±2.5","4,437","±1,085","6.6%","±1.6","2,471","±879","7.4%","±2.6","1,966","±589","5.8%","±1.7","20,391","±1,988","6.8%","±0.7","9,393","±1,318","6.5%","±0.9","10,998","±1,135","7.1%","±0.7","3,477","±697","4.4%","±0.9","1,819","±489","4.7%","±1.3","1,658","±513","4.1%","±1.3","3,567","±1,187","4.1%","±1.4","2,046","±783","5.1%","±1.9","1,521","±719","3.3%","±1.6","7,024","±1,157","5.5%","±0.9","3,194","±772","5.1%","±1.2","3,830","±662","6.0%","±1.0","28,195","±2,906","6.8%","±0.7","13,342","±1,750","6.7%","±0.9","14,853","±1,869","6.9%","±0.9","19,003","±2,177","5.9%","±0.7","8,922","±1,592","5.8%","±1.0","10,081","±1,477","6.1%","±0.9","7,079","±1,352","6.6%","±1.3","3,438","±857","6.6%","±1.6","3,641","±832","6.7%","±1.5","20,689","±2,349","7.4%","±0.8","9,944","±1,626","7.4%","±1.2","10,745","±1,456","7.4%","±1.0","21,728,259","±61,731","6.6%","±0.1","10,892,040","±44,493","6.7%","±0.1","10,836,219","±39,187","6.5%","±0.1"
"        40 to 44 years","7,916","±1,446","4.6%","±0.8","3,703","±753","4.6%","±0.9","4,213","±1,189","4.7%","±1.3","12,201","±1,925","6.0%","±1.0","5,359","±1,090","5.5%","±1.1","6,842","±1,216","6.5%","±1.2","8,675","±1,520","4.5%","±0.8","4,259","±1,058","4.6%","±1.2","4,416","±1,074","4.5%","±1.1","14,244","±1,967","6.2%","±0.9","6,524","±1,338","5.7%","±1.2","7,720","±1,289","6.8%","±1.1","26,454","±2,763","6.4%","±0.7","11,959","±1,881","6.0%","±0.9","14,495","±1,727","6.8%","±0.8","3,999","±844","6.0%","±1.3","2,328","±682","7.3%","±2.2","1,671","±699","4.8%","±2.0","11,310","±1,868","6.9%","±1.1","5,844","±1,378","7.4%","±1.7","5,466","±1,205","6.5%","±1.4","9,720","±1,166","7.0%","±0.8","4,742","±863","7.3%","±1.3","4,978","±833","6.8%","±1.1","30,163","±2,914","5.8%","±0.6","15,792","±1,803","6.2%","±0.7","14,371","±1,675","5.3%","±0.6","4,643","±1,416","6.6%","±2.0","2,087","±799","6.3%","±2.4","2,556","±821","6.8%","±2.2","19,958","±1,977","5.6%","±0.6","9,680","±1,357","5.7%","±0.8","10,278","±1,270","5.6%","±0.7","3,341","±951","5.0%","±1.4","1,922","±621","6.1%","±1.9","1,419","±576","4.1%","±1.6","5,109","±1,204","5.2%","±1.2","2,795","±888","6.1%","±2.0","2,314","±879","4.4%","±1.7","3,125","±1,147","4.6%","±1.7","1,564","±710","4.7%","±2.1","1,561","±646","4.6%","±1.9","18,195","±1,896","6.1%","±0.6","9,530","±1,295","6.6%","±0.9","8,665","±1,115","5.6%","±0.7","3,846","±742","4.8%","±0.9","1,810","±527","4.7%","±1.3","2,036","±563","5.0%","±1.4","5,147","±1,122","6.0%","±1.3","1,866","±753","4.6%","±1.9","3,281","±674","7.1%","±1.5","6,034","±1,015","4.8%","±0.8","3,744","±769","6.0%","±1.2","2,290","±580","3.6%","±0.9","23,698","±3,158","5.7%","±0.8","11,042","±1,818","5.5%","±0.9","12,656","±2,014","5.9%","±0.9","20,333","±1,802","6.4%","±0.6","10,828","±1,447","7.0%","±0.9","9,505","±1,259","5.8%","±0.8","5,706","±1,346","5.3%","±1.3","3,066","±874","5.8%","±1.7","2,640","±811","4.9%","±1.5","18,659","±2,125","6.6%","±0.8","9,314","±1,420","6.9%","±1.1","9,345","±1,414","6.4%","±1.0","20,186,586","±62,410","6.1%","±0.1","10,028,675","±45,069","6.2%","±0.1","10,157,911","±37,688","6.1%","±0.1"
"        45 to 49 years","9,487","±870","5.6%","±0.5","4,491","±858","5.6%","±1.0","4,996","±214","5.5%","±0.2","12,650","±665","6.2%","±0.3","6,267","±624","6.5%","±0.6","6,383","±135","6.0%","±0.1","10,431","±1,248","5.4%","±0.6","4,249","±596","4.5%","±0.6","6,182","±1,167","6.3%","±1.2","14,660","±813","6.4%","±0.4","6,759","±474","5.9%","±0.4","7,901","±612","7.0%","±0.5","23,615","±765","5.7%","±0.2","11,745","±555","5.9%","±0.3","11,870","±499","5.6%","±0.2","4,236","±805","6.4%","±1.2","2,286","±719","7.2%","±2.3","1,950","±545","5.6%","±1.6","9,638","±1,159","5.9%","±0.7","4,556","±737","5.8%","±0.9","5,082","±794","6.0%","±1.0","8,225","±2","5.9%","±0.1","3,793","±218","5.8%","±0.1","4,432","±2","6.1%","±0.1","34,459","±917","6.6%","±0.2","16,571","±437","6.5%","±0.2","17,888","±573","6.6%","±0.2","3,950","±983","5.6%","±1.4","2,014","±585","6.1%","±1.8","1,936","±533","5.2%","±1.4","20,188","±938","5.7%","±0.3","9,599","±671","5.7%","±0.4","10,589","±449","5.7%","±0.2","3,908","±940","5.9%","±1.4","1,945","±652","6.2%","±2.1","1,963","±346","5.6%","±1.0","7,102","±881","7.2%","±0.9","3,961","±886","8.7%","±2.0","3,141","±698","6.0%","±1.3","4,239","±669","6.3%","±1.0","2,197","±498","6.6%","±1.5","2,042","±419","6.0%","±1.3","20,177","±954","6.8%","±0.3","9,328","±761","6.5%","±0.5","10,849","±511","7.0%","±0.3","4,335","±445","5.4%","±0.6","2,212","±310","5.7%","±0.8","2,123","±156","5.2%","±0.4","4,670","±62","5.4%","±0.1","2,167","±62","5.4%","±0.2","2,503","±218","5.4%","±0.1","7,377","±605","5.8%","±0.5","3,468","±310","5.5%","±0.5","3,909","±471","6.1%","±0.8","24,616","±753","5.9%","±0.2","11,765","±556","5.9%","±0.3","12,851","±457","6.0%","±0.2","19,942","±1,243","6.2%","±0.4","9,255","±1,017","6.0%","±0.7","10,687","±651","6.5%","±0.4","6,054","±583","5.7%","±0.5","3,023","±579","5.8%","±1.1","3,031","±75","5.6%","±0.2","20,440","±825","7.3%","±0.3","9,782","±595","7.2%","±0.5","10,658","±658","7.3%","±0.5","20,398,226","±28,275","6.2%","±0.1","10,079,567","±18,281","6.2%","±0.1","10,318,659","±18,352","6.2%","±0.1"
"        50 to 54 years","11,007","±1,085","6.4%","±0.6","5,466","±1,042","6.8%","±1.3","5,541","±152","6.2%","±0.2","12,952","±300","6.4%","±0.1","6,232","±121","6.4%","±0.1","6,720","±279","6.4%","±0.3","9,930","±935","5.2%","±0.5","4,939","±918","5.3%","±1.0","4,991","±167","5.1%","±0.2","13,841","±503","6.1%","±0.2","6,655","±305","5.8%","±0.3","7,186","±440","6.3%","±0.4","23,716","±685","5.8%","±0.2","11,210","±377","5.6%","±0.2","12,506","±488","5.9%","±0.2","3,911","±697","5.9%","±1.0","1,502","±260","4.7%","±0.8","2,409","±712","6.9%","±2.1","11,174","±978","6.9%","±0.6","5,385","±812","6.8%","±1.0","5,789","±569","6.9%","±0.7","8,612","±184","6.2%","±0.1","3,881","±2","6.0%","±0.1","4,731","±184","6.5%","±0.3","32,714","±640","6.2%","±0.1","15,866","±264","6.2%","±0.1","16,848","±557","6.2%","±0.2","3,983","±595","5.6%","±0.8","1,950","±445","5.9%","±1.3","2,033","±425","5.4%","±1.1","22,197","±598","6.3%","±0.2","10,331","±462","6.1%","±0.3","11,866","±375","6.4%","±0.2","4,581","±801","6.9%","±1.2","2,387","±590","7.6%","±1.9","2,194","±409","6.3%","±1.2","5,437","±971","5.5%","±1.0","2,356","±218","5.2%","±0.5","3,081","±1,035","5.9%","±1.9","4,540","±616","6.7%","±0.9","1,877","±290","5.6%","±0.9","2,663","±587","7.8%","±1.7","20,021","±726","6.7%","±0.2","10,318","±632","7.2%","±0.5","9,703","±292","6.3%","±0.2","5,046","±602","6.3%","±0.8","2,609","±553","6.7%","±1.4","2,437","±177","6.0%","±0.5","5,419","±224","6.3%","±0.3","2,628","±231","6.5%","±0.6","2,791","±15","6.1%","±0.1","7,325","±382","5.8%","±0.3","3,434","±244","5.5%","±0.4","3,891","±296","6.1%","±0.4","23,632","±833","5.7%","±0.2","11,267","±583","5.6%","±0.3","12,365","±416","5.7%","±0.2","21,152","±901","6.6%","±0.3","10,221","±354","6.6%","±0.2","10,931","±718","6.6%","±0.4","5,696","±531","5.3%","±0.5","2,401","±523","4.6%","±1.0","3,295","±99","6.1%","±0.2","18,643","±715","6.6%","±0.3","8,835","±296","6.5%","±0.2","9,808","±639","6.7%","±0.4","20,464,881","±22,642","6.2%","±0.1","10,075,795","±16,185","6.2%","±0.1","10,389,086","±14,048","6.2%","±0.1"
"        55 to 59 years","12,549","±1,759","7.3%","±1.0","6,265","±1,017","7.8%","±1.3","6,284","±1,087","7.0%","±1.2","13,481","±1,638","6.7%","±0.8","6,434","±1,011","6.6%","±1.0","7,047","±1,176","6.7%","±1.1","13,710","±1,499","7.1%","±0.8","6,306","±947","6.8%","±1.0","7,404","±1,179","7.5%","±1.2","14,861","±1,654","6.5%","±0.7","7,201","±1,040","6.3%","±0.9","7,660","±1,106","6.7%","±1.0","30,838","±2,571","7.5%","±0.6","15,162","±1,587","7.6%","±0.8","15,676","±1,756","7.4%","±0.8","4,599","±841","6.9%","±1.3","2,181","±498","6.8%","±1.6","2,418","±649","7.0%","±1.8","11,193","±1,589","6.9%","±1.0","5,705","±970","7.2%","±1.2","5,488","±1,020","6.5%","±1.2","8,970","±1,447","6.5%","±1.0","3,461","±945","5.3%","±1.4","5,509","±1,008","7.5%","±1.4","34,002","±2,210","6.5%","±0.4","15,862","±1,364","6.2%","±0.5","18,140","±1,554","6.7%","±0.6","4,625","±667","6.5%","±0.9","1,733","±550","5.2%","±1.7","2,892","±637","7.7%","±1.7","26,467","±1,963","7.5%","±0.6","12,176","±1,394","7.2%","±0.8","14,291","±1,317","7.8%","±0.7","4,558","±747","6.8%","±1.1","2,053","±506","6.5%","±1.6","2,505","±628","7.2%","±1.8","6,809","±1,563","6.9%","±1.6","2,741","±894","6.0%","±1.9","4,068","±1,229","7.8%","±2.4","5,258","±864","7.8%","±1.3","2,733","±636","8.2%","±1.9","2,525","±522","7.4%","±1.5","20,062","±1,935","6.7%","±0.6","10,276","±1,223","7.1%","±0.8","9,786","±1,353","6.3%","±0.9","7,381","±1,135","9.3%","±1.4","3,870","±743","10.0%","±1.9","3,511","±715","8.6%","±1.8","4,481","±737","5.2%","±0.9","1,780","±506","4.4%","±1.3","2,701","±597","5.9%","±1.3","8,476","±1,172","6.7%","±0.9","4,036","±658","6.4%","±1.1","4,440","±830","6.9%","±1.3","23,428","±2,265","5.6%","±0.5","8,878","±1,340","4.4%","±0.7","14,550","±1,546","6.7%","±0.7","20,471","±2,192","6.4%","±0.7","10,377","±1,355","6.7%","±0.9","10,094","±1,485","6.1%","±0.9","8,897","±1,334","8.3%","±1.3","4,506","±653","8.6%","±1.3","4,391","±853","8.1%","±1.6","17,720","±1,551","6.3%","±0.6","7,942","±1,105","5.9%","±0.8","9,778","±1,023","6.7%","±0.7","21,484,060","±58,829","6.5%","±0.1","10,440,265","±38,414","6.5%","±0.1","11,043,795","±38,535","6.6%","±0.1"
"        60 to 64 years","11,223","±1,795","6.6%","±1.1","5,020","±1,012","6.2%","±1.3","6,203","±1,124","6.9%","±1.2","14,335","±1,524","7.1%","±0.8","6,702","±975","6.9%","±1.0","7,633","±1,072","7.2%","±1.0","12,593","±1,488","6.6%","±0.8","5,773","±993","6.2%","±1.1","6,820","±1,192","6.9%","±1.2","13,854","±1,501","6.1%","±0.7","6,380","±988","5.6%","±0.9","7,474","±1,036","6.6%","±0.9","23,208","±2,485","5.6%","±0.6","9,766","±1,497","4.9%","±0.8","13,442","±1,665","6.3%","±0.8","4,804","±841","7.2%","±1.3","2,144","±497","6.7%","±1.6","2,660","±649","7.7%","±1.9","9,331","±1,559","5.7%","±1.0","3,988","±957","5.1%","±1.2","5,343","±939","6.4%","±1.1","9,598","±1,431","6.9%","±1.0","5,009","±943","7.7%","±1.5","4,589","±960","6.3%","±1.3","32,306","±2,149","6.2%","±0.4","15,263","±1,418","6.0%","±0.6","17,043","±1,418","6.3%","±0.5","3,819","±750","5.4%","±1.1","1,757","±442","5.3%","±1.3","2,062","±579","5.5%","±1.5","29,999","±1,836","8.5%","±0.5","13,395","±1,336","7.9%","±0.8","16,604","±1,313","9.0%","±0.7","5,006","±747","7.5%","±1.1","2,490","±506","7.9%","±1.6","2,516","±628","7.2%","±1.8","6,216","±1,308","6.3%","±1.3","2,897","±895","6.3%","±2.0","3,319","±768","6.4%","±1.4","4,337","±819","6.4%","±1.2","1,775","±577","5.3%","±1.7","2,562","±514","7.5%","±1.5","20,243","±1,756","6.8%","±0.6","9,017","±1,055","6.3%","±0.7","11,226","±1,360","7.3%","±0.9","5,464","±1,173","6.9%","±1.5","2,442","±709","6.3%","±1.8","3,022","±848","7.4%","±2.1","7,831","±761","9.1%","±0.9","3,913","±524","9.7%","±1.3","3,918","±632","8.5%","±1.4","6,940","±943","5.5%","±0.7","3,231","±617","5.2%","±1.0","3,709","±616","5.8%","±0.9","23,472","±2,258","5.6%","±0.5","12,465","±1,322","6.2%","±0.7","11,007","±1,486","5.1%","±0.7","21,025","±2,147","6.6%","±0.7","9,563","±1,324","6.2%","±0.9","11,462","±1,450","7.0%","±0.9","4,825","±1,167","4.5%","±1.1","1,918","±568","3.7%","±1.1","2,907","±776","5.4%","±1.4","17,258","±1,563","6.1%","±0.6","8,731","±1,030","6.5%","±0.8","8,527","±1,089","5.8%","±0.7","20,984,053","±58,643","6.4%","±0.1","10,051,170","±38,298","6.2%","±0.1","10,932,883","±39,218","6.6%","±0.1"
"        65 to 69 years","10,201","±1,318","6.0%","±0.8","5,140","±820","6.4%","±1.0","5,061","±758","5.6%","±0.9","11,502","±1,312","5.7%","±0.6","5,565","±989","5.7%","±1.0","5,937","±818","5.6%","±0.8","16,646","±1,658","8.7%","±0.9","7,561","±1,060","8.1%","±1.1","9,085","±1,074","9.2%","±1.1","11,706","±1,065","5.1%","±0.5","5,382","±709","4.7%","±0.6","6,324","±735","5.6%","±0.7","20,617","±2,015","5.0%","±0.5","9,624","±1,294","4.8%","±0.6","10,993","±1,365","5.2%","±0.6","4,222","±1,099","6.3%","±1.7","1,648","±594","5.2%","±1.9","2,574","±676","7.4%","±2.0","8,220","±1,280","5.0%","±0.8","3,382","±828","4.3%","±1.1","4,838","±992","5.8%","±1.2","8,115","±1,037","5.9%","±0.7","4,128","±612","6.3%","±0.9","3,987","±724","5.5%","±1.0","26,461","±1,855","5.1%","±0.4","11,907","±1,181","4.7%","±0.5","14,554","±1,082","5.4%","±0.4","4,974","±1,014","7.0%","±1.4","2,908","±681","8.8%","±2.1","2,066","±534","5.5%","±1.4","29,839","±2,121","8.4%","±0.6","13,799","±1,365","8.1%","±0.8","16,040","±1,476","8.7%","±0.8","5,001","±817","7.5%","±1.2","2,372","±533","7.5%","±1.7","2,629","±504","7.5%","±1.5","5,675","±1,255","5.8%","±1.3","2,684","±666","5.9%","±1.5","2,991","±897","5.7%","±1.7","3,909","±581","5.8%","±0.9","2,076","±406","6.2%","±1.2","1,833","±426","5.4%","±1.3","15,071","±1,623","5.0%","±0.5","6,366","±978","4.4%","±0.7","8,705","±1,119","5.6%","±0.7","4,976","±791","6.3%","±1.0","2,294","±480","5.9%","±1.2","2,682","±612","6.6%","±1.5","6,161","±820","7.1%","±1.0","2,836","±525","7.1%","±1.3","3,325","±623","7.2%","±1.4","7,185","±978","5.7%","±0.8","2,968","±595","4.7%","±0.9","4,217","±724","6.6%","±1.1","19,058","±1,665","4.6%","±0.4","6,932","±939","3.5%","±0.5","12,126","±1,258","5.6%","±0.6","17,175","±1,405","5.4%","±0.4","7,869","±1,004","5.1%","±0.6","9,306","±952","5.7%","±0.6","6,221","±1,030","5.8%","±1.0","3,201","±608","6.1%","±1.2","3,020","±695","5.6%","±1.3","12,689","±1,403","4.5%","±0.5","5,608","±898","4.1%","±0.7","7,081","±960","4.9%","±0.7","17,427,013","±47,420","5.3%","±0.1","8,191,111","±24,952","5.1%","±0.1","9,235,902","±35,359","5.5%","±0.1"
"        70 to 74 years","9,846","±1,310","5.8%","±0.8","4,218","±754","5.2%","±0.9","5,628","±793","6.2%","±0.9","10,563","±1,222","5.2%","±0.6","4,593","±968","4.7%","±1.0","5,970","±788","5.6%","±0.7","15,071","±1,592","7.8%","±0.8","6,978","±928","7.5%","±1.0","8,093","±1,085","8.2%","±1.1","8,565","±1,047","3.8%","±0.5","3,981","±686","3.5%","±0.6","4,584","±732","4.0%","±0.6","22,249","±2,156","5.4%","±0.5","9,833","±1,336","5.0%","±0.7","12,416","±1,424","5.8%","±0.7","3,534","±998","5.3%","±1.5","1,828","±555","5.7%","±1.8","1,706","±677","4.9%","±1.9","7,099","±1,212","4.4%","±0.7","3,486","±910","4.4%","±1.1","3,613","±901","4.3%","±1.1","6,651","±982","4.8%","±0.7","2,592","±515","4.0%","±0.8","4,059","±737","5.6%","±1.0","23,671","±1,856","4.5%","±0.4","10,986","±1,215","4.3%","±0.5","12,685","±1,074","4.7%","±0.4","3,240","±802","4.6%","±1.1","1,224","±496","3.7%","±1.5","2,016","±463","5.4%","±1.3","27,963","±2,149","7.9%","±0.6","13,652","±1,242","8.0%","±0.7","14,311","±1,546","7.8%","±0.8","2,958","±827","4.4%","±1.2","1,415","±501","4.5%","±1.6","1,543","±538","4.4%","±1.5","6,371","±1,301","6.5%","±1.3","2,967","±664","6.5%","±1.4","3,404","±943","6.5%","±1.8","3,105","±668","4.6%","±1.0","1,214","±375","3.6%","±1.1","1,891","±496","5.5%","±1.5","14,241","±1,543","4.8%","±0.5","6,752","±1,024","4.7%","±0.7","7,489","±1,133","4.8%","±0.7","6,525","±865","8.2%","±1.1","2,787","±459","7.2%","±1.2","3,738","±693","9.2%","±1.7","4,150","±824","4.8%","±1.0","1,820","±573","4.5%","±1.4","2,330","±625","5.1%","±1.4","5,204","±1,006","4.1%","±0.8","2,702","±735","4.3%","±1.2","2,502","±628","3.9%","±1.0","15,501","±1,674","3.7%","±0.4","8,014","±994","4.0%","±0.5","7,487","±1,136","3.5%","±0.5","13,892","±1,364","4.3%","±0.4","6,327","±946","4.1%","±0.6","7,565","±982","4.6%","±0.6","4,594","±938","4.3%","±0.9","1,745","±546","3.3%","±1.0","2,849","±638","5.2%","±1.2","13,617","±1,392","4.8%","±0.5","6,249","±912","4.6%","±0.7","7,368","±931","5.1%","±0.6","14,148,548","±46,673","4.3%","±0.1","6,529,918","±26,161","4.0%","±0.1","7,618,630","±33,692","4.6%","±0.1"
"        75 to 79 years","6,940","±1,232","4.1%","±0.7","2,967","±658","3.7%","±0.8","3,973","±837","4.4%","±0.9","6,847","±1,324","3.4%","±0.7","3,480","±790","3.6%","±0.8","3,367","±857","3.2%","±0.8","10,649","±1,783","5.5%","±0.9","4,418","±937","4.7%","±1.0","6,231","±1,319","6.3%","±1.3","6,725","±1,278","3.0%","±0.6","2,789","±689","2.4%","±0.6","3,936","±771","3.5%","±0.7","10,888","±1,381","2.6%","±0.3","5,029","±948","2.5%","±0.5","5,859","±804","2.8%","±0.4","2,387","±532","3.6%","±0.8","842","±350","2.6%","±1.1","1,545","±377","4.4%","±1.1","4,239","±948","2.6%","±0.6","2,243","±771","2.9%","±1.0","1,996","±467","2.4%","±0.6","4,973","±688","3.6%","±0.5","2,049","±462","3.1%","±0.7","2,924","±582","4.0%","±0.8","17,075","±1,779","3.3%","±0.3","7,864","±1,214","3.1%","±0.5","9,211","±1,272","3.4%","±0.5","2,335","±584","3.3%","±0.8","1,024","±394","3.1%","±1.2","1,311","±406","3.5%","±1.1","16,880","±1,761","4.8%","±0.5","8,270","±1,182","4.9%","±0.7","8,610","±1,081","4.7%","±0.6","1,750","±482","2.6%","±0.7","829","±308","2.6%","±1.0","921","±331","2.6%","±1.0","3,348","±1,179","3.4%","±1.2","1,702","±678","3.7%","±1.5","1,646","±714","3.1%","±1.4","2,994","±588","4.4%","±0.9","1,567","±337","4.7%","±1.0","1,427","±446","4.2%","±1.3","8,870","±1,092","3.0%","±0.4","3,832","±718","2.7%","±0.5","5,038","±756","3.3%","±0.5","4,239","±861","5.3%","±1.1","2,091","±488","5.4%","±1.3","2,148","±570","5.3%","±1.4","2,864","±854","3.3%","±1.0","1,107","±378","2.8%","±0.9","1,757","±647","3.8%","±1.4","3,828","±875","3.0%","±0.7","2,072","±486","3.3%","±0.8","1,756","±591","2.7%","±0.9","10,451","±1,324","2.5%","±0.3","4,149","±731","2.1%","±0.4","6,302","±976","2.9%","±0.5","8,699","±1,383","2.7%","±0.4","3,945","±722","2.5%","±0.5","4,754","±993","2.9%","±0.6","3,104","±752","2.9%","±0.7","1,588","±402","3.0%","±0.8","1,516","±505","2.8%","±0.9","7,728","±1,050","2.8%","±0.4","3,609","±607","2.7%","±0.5","4,119","±796","2.8%","±0.5","9,759,764","±34,984","3.0%","±0.1","4,367,764","±21,832","2.7%","±0.1","5,392,000","±29,716","3.2%","±0.1"
"        80 to 84 years","2,769","±1,017","1.6%","±0.6","1,299","±561","1.6%","±0.7","1,470","±646","1.6%","±0.7","5,014","±893","2.5%","±0.4","1,225","±450","1.3%","±0.5","3,789","±828","3.6%","±0.8","7,192","±1,448","3.7%","±0.8","4,229","±905","4.5%","±1.0","2,963","±1,059","3.0%","±1.1","2,912","±958","1.3%","±0.4","1,650","±656","1.4%","±0.6","1,262","±595","1.1%","±0.5","7,831","±1,327","1.9%","±0.3","3,153","±877","1.6%","±0.4","4,678","±883","2.2%","±0.4","1,779","±504","2.7%","±0.8","795","±384","2.5%","±1.2","984","±339","2.8%","±1.0","2,135","±611","1.3%","±0.4","871","±334","1.1%","±0.4","1,264","±462","1.5%","±0.5","2,286","±598","1.7%","±0.4","951","±415","1.5%","±0.6","1,335","±483","1.8%","±0.7","9,445","±1,338","1.8%","±0.3","3,861","±782","1.5%","±0.3","5,584","±949","2.1%","±0.4","1,747","±591","2.5%","±0.8","896","±359","2.7%","±1.1","851","±398","2.3%","±1.1","8,066","±1,381","2.3%","±0.4","3,697","±1,005","2.2%","±0.6","4,369","±866","2.4%","±0.5","1,274","±531","1.9%","±0.8","478","±277","1.5%","±0.9","796","±429","2.3%","±1.2","2,756","±843","2.8%","±0.9","475","±376","1.0%","±0.8","2,281","±739","4.4%","±1.4","1,169","±443","1.7%","±0.7","378","±230","1.1%","±0.7","791","±373","2.3%","±1.1","4,991","±867","1.7%","±0.3","2,450","±591","1.7%","±0.4","2,541","±599","1.6%","±0.4","1,860","±647","2.3%","±0.8","681","±291","1.8%","±0.8","1,179","±532","2.9%","±1.3","1,848","±614","2.1%","±0.7","786","±330","2.0%","±0.8","1,062","±526","2.3%","±1.2","3,634","±891","2.9%","±0.7","1,396","±488","2.2%","±0.8","2,238","±721","3.5%","±1.1","6,195","±1,204","1.5%","±0.3","2,390","±675","1.2%","±0.3","3,805","±901","1.8%","±0.4","5,166","±1,085","1.6%","±0.3","2,009","±516","1.3%","±0.3","3,157","±922","1.9%","±0.6","2,316","±787","2.2%","±0.7","761","±318","1.5%","±0.6","1,555","±608","2.9%","±1.1","4,180","±967","1.5%","±0.3","1,437","±467","1.1%","±0.3","2,743","±788","1.9%","±0.5","6,380,474","±30,713","1.9%","±0.1","2,671,396","±20,367","1.7%","±0.1","3,709,078","±23,709","2.2%","±0.1"
"        85 years and over","3,726","±1,080","2.2%","±0.6","1,273","±522","1.6%","±0.6","2,453","±846","2.7%","±0.9","3,426","±949","1.7%","±0.5","1,607","±688","1.7%","±0.7","1,819","±647","1.7%","±0.6","4,208","±930","2.2%","±0.5","1,914","±755","2.0%","±0.8","2,294","±703","2.3%","±0.7","1,894","±691","0.8%","±0.3","850","±459","0.7%","±0.4","1,044","±469","0.9%","±0.4","7,689","±1,174","1.9%","±0.3","2,776","±680","1.4%","±0.3","4,913","±869","2.3%","±0.4","1,068","±461","1.6%","±0.7","456","±421","1.4%","±1.3","612","±277","1.8%","±0.8","2,201","±867","1.4%","±0.5","971","±722","1.2%","±0.9","1,230","±534","1.5%","±0.6","2,026","±635","1.5%","±0.5","521","±272","0.8%","±0.4","1,505","±502","2.1%","±0.7","7,690","±1,354","1.5%","±0.3","2,721","±898","1.1%","±0.4","4,969","±964","1.8%","±0.4","1,975","±728","2.8%","±1.0","451","±284","1.4%","±0.9","1,524","±621","4.1%","±1.6","5,740","±1,047","1.6%","±0.3","2,349","±723","1.4%","±0.4","3,391","±731","1.8%","±0.4","1,455","±540","2.2%","±0.8","371","±220","1.2%","±0.7","1,084","±489","3.1%","±1.4","2,604","±1,064","2.7%","±1.1","1,429","±719","3.1%","±1.6","1,175","±715","2.2%","±1.4","1,293","±520","1.9%","±0.8","302","±202","0.9%","±0.6","991","±464","2.9%","±1.4","5,164","±1,066","1.7%","±0.4","1,628","±581","1.1%","±0.4","3,536","±818","2.3%","±0.5","1,405","±574","1.8%","±0.7","607","±343","1.6%","±0.9","798","±450","2.0%","±1.1","2,303","±824","2.7%","±1.0","926","±403","2.3%","±1.0","1,377","±563","3.0%","±1.2","1,821","±711","1.4%","±0.6","443","±298","0.7%","±0.5","1,378","±615","2.1%","±1.0","4,438","±1,003","1.1%","±0.2","1,643","±599","0.8%","±0.3","2,795","±686","1.3%","±0.3","6,956","±1,173","2.2%","±0.4","2,359","±638","1.5%","±0.4","4,597","±985","2.8%","±0.6","1,945","±552","1.8%","±0.5","561","±275","1.1%","±0.5","1,384","±439","2.5%","±0.8","3,843","±1,038","1.4%","±0.4","1,838","±625","1.4%","±0.5","2,005","±672","1.4%","±0.5","6,358,229","±34,321","1.9%","±0.1","2,284,092","±21,784","1.4%","±0.1","4,074,137","±26,417","2.4%","±0.1"
"    SELECTED AGE CATEGORIES","","","","","","","","","","","","","","","","","","","","","","","","","","","","","","","","","","","","","","","","","","","","","","","","","","","","","","","","","","","","","","","","","","","","","","","","","","","","","","","","","","","","","","","","","","","","","","","","","","","","","","","","","","","","","","","","","","","","","","","","","","","","","","","","","","","","","","","","","","","","","","","","","","","","","","","","","","","","","","","","","","","","","","","","","","","","","","","","","","","","","","","","","","","","","","","","","","","","","","","","","","","","","","","","","","","","","","","","","","","","","","","","","","","","","","","","","","","","","","","","","","","","","","","","","","","","","","","","","","","","","","","","","","","","","","","","","","","",""
"        5 to 14 years","21,707","±885","12.7%","±0.5","10,929","±647","13.5%","±0.7","10,778","±984","12.0%","±1.1","25,405","±663","12.5%","±0.3","12,868","±740","13.3%","±0.7","12,537","±483","11.9%","±0.4","19,604","±793","10.2%","±0.4","9,936","±140","10.6%","±0.2","9,668","±795","9.8%","±0.8","30,459","±1,099","13.4%","±0.5","16,237","±941","14.2%","±0.8","14,222","±630","12.5%","±0.6","44,764","±586","10.9%","±0.1","22,435","±230","11.3%","±0.1","22,329","±544","10.5%","±0.3","8,105","±705","12.2%","±1.1","4,858","±627","15.2%","±1.8","3,247","±1,005","9.3%","±2.7","22,955","±405","14.1%","±0.2","11,974","±493","15.2%","±0.5","10,981","±656","13.1%","±0.7","18,085","±490","13.1%","±0.4","8,915","±258","13.7%","±0.4","9,170","±315","12.5%","±0.4","68,467","±478","13.1%","±0.1","34,813","±282","13.7%","±0.1","33,654","±437","12.5%","±0.2","8,689","±917","12.3%","±1.3","4,189","±341","12.6%","±1.2","4,500","±858","12.0%","±2.2","36,911","±811","10.4%","±0.2","18,838","±815","11.1%","±0.4","18,073","±969","9.8%","±0.5","8,852","*****","13.3%","*****","4,643","*****","14.7%","±0.3","4,209","*****","12.0%","±0.2","11,832","±895","12.1%","±0.9","5,166","±1,204","11.3%","±2.3","6,666","±1,087","12.8%","±1.8","8,670","±762","12.8%","±1.1","4,573","±194","13.7%","±0.8","4,097","±714","12.0%","±2.0","41,153","±798","13.8%","±0.3","20,961","±692","14.6%","±0.4","20,192","±355","13.1%","±0.2","10,138","±518","12.7%","±0.7","5,021","±481","13.0%","±1.1","5,117","±611","12.5%","±1.4","11,497","±479","13.3%","±0.6","5,930","±277","14.8%","±0.7","5,567","±203","12.1%","±0.5","12,851","±587","10.1%","±0.5","6,159","±427","9.8%","±0.7","6,692","±484","10.4%","±0.7","49,684","±735","12.0%","±0.2","25,122","±481","12.6%","±0.2","24,562","±631","11.4%","±0.3","41,723","±82","13.0%","±0.1","21,490","±327","13.9%","±0.2","20,233","±306","12.3%","±0.2","14,109","±195","13.2%","±0.2","7,339","±127","14.0%","±0.4","6,770","±268","12.5%","±0.6","39,799","±541","14.2%","±0.2","20,065","±1,122","14.8%","±0.7","19,734","±1,118","13.5%","±0.7","41,113,916","±36,636","12.5%","±0.1","21,020,831","±26,657","13.0%","±0.1","20,093,085","±23,965","12.1%","±0.1"
"        15 to 17 years","5,608","±992","3.3%","±0.6","2,181","±340","2.7%","±0.4","3,427","±923","3.8%","±1.0","9,037","±693","4.5%","±0.3","4,613","±526","4.8%","±0.5","4,424","±506","4.2%","±0.5","6,119","±907","3.2%","±0.5","2,667","±692","2.9%","±0.7","3,452","±693","3.5%","±0.7","9,652","±603","4.2%","±0.3","4,651","±919","4.1%","±0.8","5,001","±1,069","4.4%","±0.9","12,233","±279","3.0%","±0.1","6,485","±1,297","3.3%","±0.6","5,748","±1,316","2.7%","±0.6","2,706","±705","4.1%","±1.1","1,405","±838","4.4%","±2.5","1,301","±491","3.7%","±1.3","6,733","±406","4.1%","±0.2","3,147","±699","4.0%","±0.9","3,586","±666","4.3%","±0.8","5,604","±276","4.1%","±0.2","3,389","±617","5.2%","±0.9","2,215","±535","3.0%","±0.7","19,613","±363","3.7%","±0.1","9,737","±275","3.8%","±0.1","9,876","±383","3.7%","±0.1","2,620","±623","3.7%","±0.9","1,099","±498","3.3%","±1.5","1,521","±636","4.0%","±1.7","10,238","±576","2.9%","±0.2","4,765","±591","2.8%","±0.3","5,473","±812","3.0%","±0.4","2,655","*****","4.0%","*****","1,420","±557","4.5%","±1.7","1,235","±557","3.5%","±1.5","3,410","±922","3.5%","±0.9","1,541","±733","3.4%","±1.6","1,869","±844","3.6%","±1.6","2,222","±608","3.3%","±0.9","1,229","±432","3.7%","±1.2","993","±669","2.9%","±2.0","11,441","±363","3.8%","±0.1","5,130","±441","3.6%","±0.3","6,311","±461","4.1%","±0.3","2,781","±365","3.5%","±0.5","1,385","±216","3.6%","±0.6","1,396","±208","3.4%","±0.5","3,284","±140","3.8%","±0.2","1,648","±582","4.1%","±1.4","1,636","±566","3.6%","±1.2","3,804","±217","3.0%","±0.2","1,893","±171","3.0%","±0.3","1,911","±205","3.0%","±0.3","15,628","±656","3.8%","±0.2","7,900","±600","4.0%","±0.3","7,728","±588","3.6%","±0.3","12,307","±216","3.8%","±0.1","6,096","±359","3.9%","±0.2","6,211","±317","3.8%","±0.2","4,220","±401","4.0%","±0.4","1,631","±649","3.1%","±1.2","2,589","±746","4.8%","±1.3","11,130","±528","4.0%","±0.2","5,513","±331","4.1%","±0.2","5,617","±382","3.9%","±0.3","12,449,034","±17,681","3.8%","±0.1","6,361,859","±15,524","3.9%","±0.1","6,087,175","±18,014","3.7%","±0.1"
"        Under 18 years","36,865","±195","21.6%","±0.1","17,840","±888","22.1%","±0.9","19,025","±836","21.1%","±0.8","45,591","±332","22.5%","±0.2","22,780","±1,000","23.5%","±0.8","22,811","±1,001","21.6%","±0.8","35,320","±916","18.4%","±0.5","17,046","±1,161","18.2%","±1.0","18,274","±1,293","18.5%","±1.1","54,072","±236","23.7%","±0.1","28,633","±1,008","25.1%","±0.7","25,439","±1,025","22.4%","±0.7","80,797","±728","19.6%","±0.2","40,932","±1,457","20.6%","±0.6","39,865","±1,438","18.7%","±0.6","14,662","*****","22.0%","*****","7,943","±1,274","24.9%","±3.0","6,719","±1,274","19.3%","±2.9","39,319","*****","24.2%","*****","19,435","±1,191","24.7%","±1.2","19,884","±1,191","23.6%","±1.1","32,263","±294","23.3%","±0.2","16,671","±611","25.6%","±0.8","15,592","±621","21.3%","±0.7","120,068","±175","22.9%","±0.1","61,256","±366","24.1%","±0.1","58,812","±403","21.8%","±0.1","15,665","±1,217","22.1%","±1.7","8,039","±1,040","24.2%","±2.9","7,626","±847","20.3%","±2.0","62,773","±461","17.7%","±0.1","31,472","±1,136","18.5%","±0.5","31,301","±1,256","17.0%","±0.6","15,354","*****","23.1%","*****","7,396","±597","23.4%","±1.4","7,958","±597","22.7%","±1.3","21,085","*****","21.5%","*****","9,381","±1,640","20.5%","±2.9","11,704","±1,640","22.4%","±2.5","14,807","±99","21.9%","±0.1","8,120","±618","24.3%","±1.3","6,687","±656","19.6%","±1.5","68,841","*****","23.0%","*****","34,119","±808","23.7%","±0.4","34,722","±807","22.4%","±0.4","16,181","±133","20.3%","±0.2","7,937","±651","20.5%","±1.4","8,244","±660","20.2%","±1.3","19,222","±617","22.3%","±0.7","9,579","±985","23.8%","±1.9","9,643","±983","21.0%","±1.8","23,569","±113","18.6%","±0.1","11,766","±535","18.8%","±0.7","11,803","±550","18.4%","±0.7","89,093","±259","21.4%","±0.1","45,262","±808","22.6%","±0.3","43,831","±802","20.3%","±0.3","73,712","±282","23.1%","±0.1","37,734","±865","24.3%","±0.4","35,978","±885","21.8%","±0.4","25,362","*****","23.8%","*****","13,408","±928","25.6%","±1.3","11,954","±928","22.0%","±1.3","67,515","*****","24.0%","*****","33,966","±991","25.1%","±0.5","33,549","±991","23.0%","±0.5","72,967,785","±33,143","22.2%","±0.1","37,321,627","±29,379","23.1%","±0.1","35,646,158","±31,293","21.4%","±0.1"
"        18 to 24 years","14,017","±1,974","8.2%","±1.2","7,357","±1,211","9.1%","±1.5","6,660","±1,244","7.4%","±1.4","17,417","±916","8.6%","±0.5","8,520","±691","8.8%","±0.7","8,897","±671","8.4%","±0.6","18,116","±1,334","9.4%","±0.7","9,777","±933","10.5%","±1.0","8,339","±700","8.4%","±0.7","20,731","±655","9.1%","±0.3","12,160","±483","10.6%","±0.4","8,571","±462","7.5%","±0.4","36,300","±959","8.8%","±0.2","18,683","±560","9.4%","±0.3","17,617","±583","8.3%","±0.3","6,867","±763","10.3%","±1.1","3,384","±420","10.6%","±1.4","3,483","±769","10.0%","±2.2","12,118","±1,102","7.4%","±0.7","6,195","±1,043","7.9%","±1.3","5,923","±329","7.0%","±0.4","11,923","±706","8.6%","±0.5","5,758","±341","8.8%","±0.5","6,165","±594","8.4%","±0.8","44,869","±489","8.6%","±0.1","21,596","±142","8.5%","±0.1","23,273","±473","8.6%","±0.2","6,358","±1,390","9.0%","±2.0","3,777","±1,311","11.4%","±3.7","2,581","±392","6.9%","±1.1","25,310","±936","7.1%","±0.3","12,717","±743","7.5%","±0.4","12,593","±526","6.8%","±0.3","4,674","±1,093","7.0%","±1.6","2,716","±890","8.6%","±2.8","1,958","±512","5.6%","±1.5","6,464","±1,219","6.6%","±1.2","3,221","±615","7.0%","±1.4","3,243","±923","6.2%","±1.8","5,797","±800","8.6%","±1.2","3,572","±823","10.7%","±2.5","2,225","±278","6.5%","±0.8","22,500","±613","7.5%","±0.2","11,367","±369","7.9%","±0.3","11,133","±473","7.2%","±0.3","5,437","±763","6.8%","±1.0","2,660","±389","6.9%","±1.0","2,777","±746","6.8%","±1.7","8,499","±226","9.9%","±0.3","4,046","±218","10.1%","±0.2","4,453","±226","9.7%","±0.6","22,818","±792","18.0%","±0.6","12,167","±647","19.4%","±1.1","10,651","±570","16.6%","±0.9","63,170","±928","15.2%","±0.2","32,844","±717","16.4%","±0.4","30,326","±485","14.0%","±0.2","28,942","±736","9.1%","±0.2","14,660","±596","9.5%","±0.4","14,282","±351","8.7%","±0.2","10,188","±345","9.5%","±0.3","5,510","±282","10.5%","±0.6","4,678","±225","8.6%","±0.5","22,146","±964","7.9%","±0.3","10,598","±450","7.8%","±0.3","11,548","±664","7.9%","±0.5","30,373,170","±42,282","9.3%","±0.1","15,556,254","±26,205","9.6%","±0.1","14,816,916","±25,476","8.9%","±0.1"
"        15 to 44 years","61,867","±1,722","36.2%","±1.0","29,011","±1,274","35.9%","±1.6","32,856","±1,200","36.5%","±1.2","75,234","±1,191","37.1%","±0.6","36,580","±855","37.8%","±0.9","38,654","±804","36.6%","±0.7","62,491","±1,673","32.5%","±0.9","32,674","±1,224","35.0%","±1.3","29,817","±1,206","30.2%","±1.3","94,469","±948","41.5%","±0.4","48,620","±1,029","42.6%","±0.6","45,849","±1,222","40.3%","±0.8","172,191","±939","41.9%","±0.2","85,800","±1,466","43.2%","±0.5","86,391","±1,471","40.6%","±0.5","24,122","±1,333","36.2%","±2.0","11,646","±1,160","36.5%","±3.0","12,476","±997","35.9%","±2.8","64,993","±1,578","39.9%","±1.0","31,823","±1,097","40.4%","±1.2","33,170","±1,516","39.4%","±1.5","52,178","±403","37.7%","±0.3","25,543","±789","39.2%","±0.9","26,635","±671","36.4%","±0.6","205,264","±1,116","39.2%","±0.2","101,537","±756","40.0%","±0.3","103,727","±743","38.5%","±0.3","27,118","±1,536","38.3%","±2.2","12,325","±1,395","37.1%","±3.6","14,793","±1,003","39.4%","±2.5","114,207","±1,020","32.3%","±0.3","55,758","±1,087","32.9%","±0.5","58,449","±909","31.7%","±0.5","23,361","±923","35.1%","±1.4","11,249","±899","35.6%","±2.4","12,112","±821","34.6%","±2.0","34,019","±1,967","34.7%","±2.0","16,695","±1,162","36.5%","±2.5","17,324","±1,686","33.1%","±3.4","24,064","±1,161","35.7%","±1.7","12,395","±742","37.1%","±2.0","11,669","±1,011","34.2%","±2.8","112,510","±1,193","37.7%","±0.4","55,102","±1,065","38.2%","±0.7","57,408","±759","37.1%","±0.5","24,915","±1,049","31.3%","±1.3","12,620","±810","32.6%","±1.9","12,295","±995","30.1%","±2.1","30,510","±320","35.4%","±0.4","14,290","±601","35.6%","±1.3","16,220","±673","35.3%","±1.3","55,329","±767","43.6%","±0.6","29,095","±519","46.4%","±0.8","26,234","±645","40.9%","±1.0","191,503","±1,161","46.1%","±0.3","95,030","±951","47.5%","±0.4","96,473","±922","44.7%","±0.4","123,902","±1,192","38.7%","±0.4","61,558","±1,111","39.7%","±0.7","62,344","±979","37.9%","±0.6","41,927","±843","39.3%","±0.8","20,965","±805","40.0%","±1.2","20,962","±875","38.6%","±1.2","108,476","±951","38.6%","±0.3","52,720","±677","39.0%","±0.5","55,756","±921","38.2%","±0.6","130,315,524","±37,167","39.7%","±0.1","65,938,127","±31,255","40.8%","±0.1","64,377,397","±34,232","38.6%","±0.1"
"        16 years and over","137,474","±888","80.5%","±0.5","64,173","±740","79.4%","±1.0","73,301","±977","81.4%","±1.0","164,051","±1,033","81.0%","±0.5","77,368","±903","79.9%","±1.1","86,683","±743","82.0%","±0.8","161,359","±929","84.0%","±0.5","78,488","±853","84.0%","±0.9","82,871","±768","84.0%","±1.2","178,657","±1,154","78.4%","±0.5","87,249","±816","76.4%","±0.8","91,408","±1,077","80.4%","±0.9","337,694","±1,456","82.1%","±0.4","161,473","±1,206","81.3%","±0.6","176,221","±878","82.8%","±0.6","53,208","±590","79.9%","±0.9","N","N","N","N","N","N","N","N","128,080","±741","78.7%","±0.5","61,409","±1,082","78.0%","±1.1","66,671","±1,046","79.3%","±1.0","110,445","±602","79.9%","±0.4","51,015","±928","78.2%","±0.9","59,430","±718","81.3%","±0.5","416,199","±1,335","79.5%","±0.3","198,910","±998","78.3%","±0.4","217,289","±1,203","80.6%","±0.4","56,372","±1,407","79.6%","±2.0","25,837","±1,205","77.8%","±3.0","30,535","±1,058","81.2%","±2.2","297,644","±849","84.1%","±0.2","141,432","±1,120","83.3%","±0.6","156,212","±793","84.7%","±0.6","53,141","±479","79.9%","±0.7","25,059","±462","79.4%","±1.5","28,082","±562","80.3%","±0.9","78,729","±715","80.3%","±0.7","37,309","±766","81.6%","±3.0","41,420","±709","79.2%","±2.6","54,030","±730","80.1%","±1.1","25,820","±624","77.3%","±1.7","28,210","±691","82.8%","±2.3","237,374","±764","79.5%","±0.3","113,558","±781","78.8%","±0.5","123,816","±747","80.0%","±0.5","65,075","±418","81.8%","±0.5","31,759","±863","81.9%","±1.6","33,316","±865","81.7%","±1.5","69,025","±850","80.1%","±1.0","31,494","±650","78.4%","±2.3","37,531","±853","81.6%","±1.8","105,801","±468","83.4%","±0.4","52,338","±598","83.4%","±0.9","53,463","±602","83.3%","±0.7","337,688","±1,501","81.2%","±0.4","160,030","±1,104","80.1%","±0.5","177,658","±1,196","82.3%","±0.5","255,132","±990","79.8%","±0.3","121,638","±914","78.4%","±0.7","133,494","±713","81.1%","±0.6","84,952","±624","79.6%","±0.6","40,170","±662","76.6%","±1.1","44,782","±830","82.5%","±0.9","221,568","±885","78.9%","±0.3","105,231","±719","77.8%","±0.8","116,337","±530","79.8%","±0.6","263,534,161","±52,161","80.3%","±0.1","128,496,159","±42,201","79.5%","±0.1","135,038,002","±37,248","81.0%","±0.1"
"        18 years and over","134,007","±195","78.4%","±0.1","62,969","±655","77.9%","±0.9","71,038","±583","78.9%","±0.8","156,967","±332","77.5%","±0.2","74,072","±360","76.5%","±0.8","82,895","±467","78.4%","±0.8","156,802","±916","81.6%","±0.5","76,374","±507","81.8%","±1.0","80,428","±637","81.5%","±1.1","173,835","±236","76.3%","±0.1","85,616","±425","74.9%","±0.7","88,219","±368","77.6%","±0.7","330,609","±728","80.4%","±0.2","157,613","±504","79.4%","±0.6","172,996","±289","81.3%","±0.6","51,956","*****","78.0%","*****","23,923","*****","75.1%","±3.0","28,033","*****","80.7%","±2.9","123,490","*****","75.8%","*****","59,263","±791","75.3%","±1.2","64,227","±791","76.4%","±1.1","106,030","±294","76.7%","±0.2","48,539","±512","74.4%","±0.8","57,491","±408","78.7%","±0.7","403,474","±175","77.1%","±0.1","192,701","±441","75.9%","±0.1","210,773","±522","78.2%","±0.1","55,146","±1,217","77.9%","±1.7","25,183","±1,112","75.8%","±2.9","29,963","±910","79.7%","±2.0","291,308","±461","82.3%","±0.1","138,261","±760","81.5%","±0.5","153,047","±600","83.0%","±0.6","51,197","*****","76.9%","*****","24,169","*****","76.6%","±1.4","27,028","*****","77.3%","±1.3","76,927","*****","78.5%","*****","36,366","±422","79.5%","±2.9","40,561","±422","77.6%","±2.5","52,686","±99","78.1%","±0.1","25,285","±350","75.7%","±1.3","27,401","±317","80.4%","±1.5","229,909","*****","77.0%","*****","109,939","±561","76.3%","±0.4","119,970","±561","77.6%","±0.4","63,365","±133","79.7%","±0.2","30,828","±823","79.5%","±1.4","32,537","±800","79.8%","±1.3","66,953","±617","77.7%","±0.7","30,605","±232","76.2%","±1.9","36,348","±521","79.0%","±1.8","103,315","±113","81.4%","±0.1","50,952","±442","81.2%","±0.7","52,363","±428","81.6%","±0.7","326,666","±259","78.6%","±0.1","154,633","±547","77.4%","±0.3","172,033","±560","79.7%","±0.3","246,073","±282","76.9%","±0.1","117,387","±326","75.7%","±0.4","128,686","±265","78.2%","±0.4","81,359","*****","76.2%","*****","39,038","±330","74.4%","±1.3","42,321","±330","78.0%","±1.3","213,464","*****","76.0%","*****","101,238","±207","74.9%","±0.5","112,226","±208","77.0%","±0.5","255,271,738","±33,143","77.8%","±0.1","124,267,346","±30,268","76.9%","±0.1","131,004,392","±22,770","78.6%","±0.1"
"        21 years and over","126,644","±1,852","74.1%","±1.1","58,881","±1,445","72.9%","±1.8","67,763","±1,198","75.2%","±1.3","149,079","±1,258","73.6%","±0.6","70,341","±999","72.6%","±1.0","78,738","±977","74.5%","±1.1","148,837","±1,928","77.5%","±1.0","72,361","±1,306","77.5%","±1.7","76,476","±1,294","77.5%","±1.2","163,699","±1,415","71.8%","±0.6","79,927","±1,107","70.0%","±1.1","83,772","±891","73.7%","±0.9","313,631","±1,797","76.2%","±0.4","149,214","±1,253","75.2%","±0.8","164,417","±1,220","77.2%","±0.8","49,042","±883","73.6%","±1.3","21,737","±764","68.2%","±3.8","27,305","±406","78.6%","±3.1","118,791","±887","73.0%","±0.5","57,162","±1,080","72.6%","±1.5","61,629","±951","73.3%","±1.4","101,511","±994","73.4%","±0.7","46,171","±908","70.8%","±1.6","55,340","±644","75.7%","±1.1","383,932","±1,558","73.3%","±0.3","183,019","±1,046","72.1%","±0.4","200,913","±1,109","74.5%","±0.4","51,793","±1,272","73.1%","±1.8","23,081","±860","69.5%","±3.1","28,712","±991","76.4%","±2.1","279,077","±1,426","78.8%","±0.4","132,352","±1,299","78.0%","±0.8","146,725","±1,158","79.6%","±0.9","48,848","±833","73.4%","±1.3","22,777","±591","72.2%","±2.2","26,071","±544","74.5%","±2.1","73,979","±1,109","75.5%","±1.1","34,671","±801","75.8%","±3.1","39,308","±765","75.2%","±2.9","49,538","±1,017","73.4%","±1.5","23,271","±1,013","69.7%","±3.0","26,267","±495","77.1%","±1.9","219,090","±1,205","73.3%","±0.4","104,443","±848","72.5%","±0.6","114,647","±1,139","74.1%","±0.8","61,069","±804","76.8%","±1.0","29,706","±964","76.6%","±2.0","31,363","±946","76.9%","±1.8","63,341","±912","73.5%","±1.1","29,538","±473","73.5%","±2.2","33,803","±722","73.5%","±2.1","91,671","±1,314","72.2%","±1.0","45,118","±990","71.9%","±1.6","46,553","±1,051","72.6%","±1.5","293,626","±2,118","70.6%","±0.5","137,598","±1,542","68.8%","±0.7","156,028","±1,678","72.3%","±0.7","233,303","±1,374","73.0%","±0.4","109,881","±1,154","70.8%","±0.8","123,422","±843","75.0%","±0.6","77,351","±1,159","72.5%","±1.1","36,537","±824","69.7%","±1.8","40,814","±806","75.2%","±1.9","202,540","±1,347","72.1%","±0.5","96,629","±980","71.5%","±0.9","105,911","±1,075","72.7%","±0.9","241,886,206","±83,337","73.7%","±0.1","117,407,269","±52,190","72.7%","±0.1","124,478,937","±51,300","74.7%","±0.1"
"        60 years and over","44,705","±1,851","26.2%","±1.1","19,917","±1,039","24.6%","±1.3","24,788","±1,165","27.5%","±1.3","51,687","±1,651","25.5%","±0.8","23,172","±988","23.9%","±1.0","28,515","±1,131","27.0%","±1.2","66,359","±1,566","34.5%","±0.8","30,873","±1,014","33.0%","±1.1","35,486","±1,236","36.0%","±1.2","45,656","±1,655","20.0%","±0.7","21,032","±1,048","18.4%","±0.9","24,624","±1,106","21.7%","±1.0","92,482","±2,466","22.5%","±0.6","40,181","±1,495","20.2%","±0.8","52,301","±1,721","24.6%","±0.8","17,794","±842","26.7%","±1.3","7,713","±497","24.2%","±1.9","10,081","±649","29.0%","±2.3","33,225","±1,686","20.4%","±1.0","14,941","±1,189","19.0%","±1.5","18,284","±958","21.7%","±1.2","33,649","±1,432","24.3%","±1.0","15,250","±927","23.4%","±1.5","18,399","±964","25.2%","±1.3","116,648","±2,301","22.3%","±0.4","52,602","±1,380","20.7%","±0.5","64,046","±1,576","23.8%","±0.6","18,090","±746","25.5%","±1.1","8,260","±552","24.9%","±1.8","9,830","±696","26.2%","±1.8","118,487","±1,886","33.5%","±0.5","55,162","±1,349","32.5%","±0.8","63,325","±1,312","34.4%","±0.7","17,444","±746","26.2%","±1.1","7,955","±506","25.2%","±1.7","9,489","±628","27.1%","±1.8","26,970","±1,277","27.5%","±1.3","12,154","±881","26.6%","±2.3","14,816","±757","28.3%","±1.4","16,807","±819","24.9%","±1.2","7,312","±577","21.9%","±1.8","9,495","±514","27.9%","±1.7","68,580","±1,952","23.0%","±0.7","30,045","±1,127","20.9%","±0.8","38,535","±1,582","24.9%","±1.0","24,469","±1,248","30.8%","±1.6","10,902","±733","28.1%","±2.0","13,567","±890","33.3%","±2.1","25,157","±775","29.2%","±0.9","11,388","±501","28.3%","±1.5","13,769","±633","29.9%","±1.4","28,612","±1,134","22.5%","±0.9","12,812","±753","20.4%","±1.2","15,800","±778","24.6%","±1.2","79,115","±2,318","19.0%","±0.6","35,593","±1,258","17.8%","±0.6","43,522","±1,614","20.2%","±0.7","72,913","±2,215","22.8%","±0.7","32,072","±1,364","20.7%","±0.9","40,841","±1,502","24.8%","±0.9","23,005","±1,326","21.6%","±1.2","9,774","±717","18.6%","±1.4","13,231","±869","24.4%","±1.7","59,315","±1,552","21.1%","±0.6","27,472","±1,056","20.3%","±0.8","31,843","±1,045","21.8%","±0.7","75,058,081","±67,159","22.9%","±0.1","34,095,451","±41,662","21.1%","±0.1","40,962,630","±43,999","24.6%","±0.1"
"        62 years and over","39,875","±1,580","23.3%","±0.9","17,963","±908","22.2%","±1.2","21,912","±943","24.3%","±1.1","46,022","±1,482","22.7%","±0.7","20,764","±1,001","21.4%","±1.0","25,258","±948","23.9%","±1.0","62,236","±1,779","32.4%","±0.9","29,050","±1,039","31.1%","±1.1","33,186","±1,257","33.6%","±1.3","40,469","±1,398","17.8%","±0.6","18,842","±906","16.5%","±0.8","21,627","±943","19.0%","±0.9","82,525","±1,886","20.1%","±0.5","36,340","±1,203","18.3%","±0.6","46,185","±1,374","21.7%","±0.7","15,498","±748","23.3%","±1.1","6,518","±436","20.5%","±1.6","8,980","±555","25.8%","±2.0","29,971","±1,411","18.4%","±0.9","13,659","±1,066","17.4%","±1.3","16,312","±885","19.4%","±1.1","29,436","±1,392","21.3%","±1.0","13,161","±953","20.2%","±1.5","16,275","±780","22.3%","±1.1","102,407","±2,179","19.6%","±0.4","46,421","±1,330","18.3%","±0.5","55,986","±1,554","20.8%","±0.6","16,668","±898","23.5%","±1.3","7,609","±597","22.9%","±2.0","9,059","±599","24.1%","±1.4","107,342","±1,598","30.3%","±0.5","49,916","±1,233","29.4%","±0.7","57,426","±1,322","31.2%","±0.7","15,586","±726","23.4%","±1.1","6,919","±494","21.9%","±1.7","8,667","±596","24.8%","±1.7","24,155","±971","24.6%","±1.0","10,829","±638","23.7%","±1.7","13,326","±676","25.5%","±1.3","15,036","±724","22.3%","±1.1","6,563","±423","19.6%","±1.4","8,473","±500","24.9%","±1.6","61,665","±1,595","20.6%","±0.5","27,198","±1,051","18.9%","±0.7","34,467","±1,296","22.3%","±0.8","21,500","±1,047","27.0%","±1.3","9,737","±602","25.1%","±1.8","11,763","±841","28.8%","±2.0","22,218","±846","25.8%","±1.0","9,949","±574","24.8%","±1.6","12,269","±634","26.7%","±1.4","25,857","±1,128","20.4%","±0.9","11,332","±671","18.1%","±1.0","14,525","±792","22.6%","±1.2","67,533","±1,871","16.2%","±0.5","29,083","±1,148","14.5%","±0.6","38,450","±1,315","17.8%","±0.6","65,626","±2,003","20.5%","±0.6","29,171","±1,402","18.8%","±0.9","36,455","±1,265","22.1%","±0.8","21,197","±1,142","19.9%","±1.1","8,889","±573","16.9%","±1.1","12,308","±818","22.7%","±1.6","52,329","±1,254","18.6%","±0.4","24,447","±984","18.1%","±0.7","27,882","±871","19.1%","±0.6","66,395,660","±61,054","20.2%","±0.1","29,927,016","±35,972","18.5%","±0.1","36,468,644","±40,373","21.9%","±0.1"
"        65 years and over","33,482","±285","19.6%","±0.2","14,897","±159","18.4%","±0.3","18,585","±256","20.6%","±0.3","37,352","±548","18.4%","±0.3","16,470","±292","17.0%","±0.3","20,882","±385","19.8%","±0.4","53,766","±676","28.0%","±0.4","25,100","±492","26.9%","±0.6","28,666","±387","29.0%","±0.5","31,802","±735","14.0%","±0.3","14,652","±485","12.8%","±0.4","17,150","±367","15.1%","±0.4","69,274","±537","16.8%","±0.1","30,415","±258","15.3%","±0.2","38,859","±456","18.3%","±0.3","12,990","*****","19.5%","*****","5,569","*****","17.5%","±0.7","7,421","*****","21.4%","±0.8","23,894","±716","14.7%","±0.4","10,953","±699","13.9%","±0.8","12,941","±245","15.4%","±0.4","24,051","±246","17.4%","±0.2","10,241","±241","15.7%","±0.4","13,810","±60","18.9%","±0.2","84,342","±783","16.1%","±0.1","37,339","±403","14.7%","±0.2","47,003","±483","17.4%","±0.2","14,271","±604","20.2%","±0.9","6,503","±469","19.6%","±1.6","7,768","±391","20.7%","±1.0","88,488","±794","25.0%","±0.2","41,767","±569","24.6%","±0.4","46,721","±425","25.3%","±0.3","12,438","*****","18.7%","*****","5,465","*****","17.3%","±0.3","6,973","*****","19.9%","±0.3","20,754","±211","21.2%","±0.2","9,257","±104","20.2%","±0.7","11,497","±107","22.0%","±0.8","12,470","±4","18.5%","±0.1","5,537","±2","16.6%","±0.4","6,933","±4","20.3%","±0.5","48,337","±734","16.2%","±0.2","21,028","±312","14.6%","±0.2","27,309","±688","17.7%","±0.4","19,005","±644","23.9%","±0.8","8,460","±298","21.8%","±0.8","10,545","±676","25.9%","±1.6","17,326","±209","20.1%","±0.2","7,475","±204","18.6%","±0.7","9,851","±18","21.4%","±0.4","21,672","±605","17.1%","±0.5","9,581","±438","15.3%","±0.7","12,091","±363","18.8%","±0.6","55,643","±839","13.4%","±0.2","23,128","±386","11.6%","±0.2","32,515","±678","15.1%","±0.3","51,888","±779","16.2%","±0.2","22,509","±362","14.5%","±0.2","29,379","±520","17.8%","±0.4","18,180","±471","17.0%","±0.4","7,856","±367","15.0%","±0.7","10,324","±280","19.0%","±0.6","42,057","±506","15.0%","±0.2","18,741","±270","13.9%","±0.2","23,316","±319","16.0%","±0.3","54,074,028","±24,915","16.5%","±0.1","24,044,281","±16,352","14.9%","±0.1","30,029,747","±17,170","18.0%","±0.1"
"        75 years and over","13,435","±422","7.9%","±0.2","5,539","±390","6.9%","±0.5","7,896","±159","8.8%","±0.2","15,287","±543","7.5%","±0.3","6,312","±519","6.5%","±0.5","8,975","±161","8.5%","±0.2","22,049","±508","11.5%","±0.3","10,561","±475","11.3%","±0.5","11,488","±220","11.6%","±0.3","11,531","±395","5.1%","±0.2","5,289","±325","4.6%","±0.3","6,242","±145","5.5%","±0.1","26,408","±334","6.4%","±0.1","10,958","±227","5.5%","±0.1","15,450","±320","7.3%","±0.2","5,234","±393","7.9%","±0.6","2,093","±393","6.6%","±1.2","3,141","*****","9.0%","±0.3","8,575","±1,009","5.3%","±0.6","4,085","±926","5.2%","±1.2","4,490","±461","5.3%","±0.6","9,285","±35","6.7%","±0.1","3,521","±218","5.4%","±0.1","5,764","±35","7.9%","±0.1","34,210","±562","6.5%","±0.1","14,446","±426","5.7%","±0.2","19,764","±405","7.3%","±0.2","6,057","±694","8.6%","±1.0","2,371","±274","7.1%","±0.9","3,686","±581","9.8%","±1.5","30,686","±827","8.7%","±0.2","14,316","±725","8.4%","±0.4","16,370","±265","8.9%","±0.2","4,479","±541","6.7%","±0.8","1,678","±173","5.3%","±0.6","2,801","±426","8.0%","±1.2","8,708","±522","8.9%","±0.5","3,606","±292","7.9%","±0.7","5,102","±431","9.8%","±0.8","5,456","±469","8.1%","±0.7","2,247","±258","6.7%","±0.8","3,209","±322","9.4%","±1.0","19,025","±640","6.4%","±0.2","7,910","±400","5.5%","±0.3","11,115","±519","7.2%","±0.3","7,504","±248","9.4%","±0.3","3,379","±203","8.7%","±0.5","4,125","±306","10.1%","±0.7","7,015","±19","8.1%","±0.1","2,819","±19","7.0%","±0.2","4,196","±218","9.1%","±0.2","9,283","±518","7.3%","±0.4","3,911","±309","6.2%","±0.5","5,372","±422","8.4%","±0.6","21,084","±796","5.1%","±0.2","8,182","±337","4.1%","±0.2","12,902","±558","6.0%","±0.3","20,821","±334","6.5%","±0.1","8,313","±147","5.4%","±0.1","12,508","±299","7.6%","±0.2","7,365","±2","6.9%","±0.1","2,910","±218","5.5%","±0.1","4,455","±2","8.2%","±0.1","15,751","±298","5.6%","±0.1","6,884","±315","5.1%","±0.2","8,867","±118","6.1%","±0.1","22,498,467","±13,862","6.9%","±0.1","9,323,252","±10,172","5.8%","±0.1","13,175,215","±10,962","7.9%","±0.1"
"    SUMMARY INDICATORS","","","","","","","","","","","","","","","","","","","","","","","","","","","","","","","","","","","","","","","","","","","","","","","","","","","","","","","","","","","","","","","","","","","","","","","","","","","","","","","","","","","","","","","","","","","","","","","","","","","","","","","","","","","","","","","","","","","","","","","","","","","","","","","","","","","","","","","","","","","","","","","","","","","","","","","","","","","","","","","","","","","","","","","","","","","","","","","","","","","","","","","","","","","","","","","","","","","","","","","","","","","","","","","","","","","","","","","","","","","","","","","","","","","","","","","","","","","","","","","","","","","","","","","","","","","","","","","","","","","","","","","","","","","","","","","","","","","",""
"        Median age (years)","40.1","±1.0","(X)","(X)","39.2","±1.9","(X)","(X)","41.1","±1.7","(X)","(X)","40.5","±0.6","(X)","(X)","38.8","±1.2","(X)","(X)","41.8","±1.0","(X)","(X)","47.2","±1.1","(X)","(X)","44.8","±0.9","(X)","(X)","48.9","±0.8","(X)","(X)","36.3","±0.5","(X)","(X)","34.6","±0.5","(X)","(X)","38.7","±0.7","(X)","(X)","38.4","±0.4","(X)","(X)","36.9","±0.5","(X)","(X)","40.1","±0.5","(X)","(X)","41.8","±1.5","(X)","(X)","40.2","±3.5","(X)","(X)","44.1","±3.2","(X)","(X)","37.5","±1.1","(X)","(X)","36.8","±1.2","(X)","(X)","38.2","±1.3","(X)","(X)","40.0","±1.0","(X)","(X)","37.4","±0.7","(X)","(X)","40.8","±0.4","(X)","(X)","38.2","±0.4","(X)","(X)","37.1","±0.5","(X)","(X)","39.2","±0.4","(X)","(X)","39.9","±1.6","(X)","(X)","37.5","±2.7","(X)","(X)","40.7","±1.7","(X)","(X)","47.6","±0.4","(X)","(X)","46.1","±0.7","(X)","(X)","48.7","±0.4","(X)","(X)","40.3","±0.7","(X)","(X)","40.4","±0.6","(X)","(X)","40.2","±1.6","(X)","(X)","42.0","±1.8","(X)","(X)","42.2","±3.0","(X)","(X)","41.8","±3.1","(X)","(X)","40.4","±2.0","(X)","(X)","37.1","±1.9","(X)","(X)","43.6","±3.9","(X)","(X)","39.4","±0.6","(X)","(X)","38.6","±0.8","(X)","(X)","40.1","±0.9","(X)","(X)","46.9","±1.2","(X)","(X)","45.8","±2.1","(X)","(X)","48.4","±1.7","(X)","(X)","41.2","±0.6","(X)","(X)","38.7","±2.5","(X)","(X)","42.3","±0.6","(X)","(X)","36.3","±0.6","(X)","(X)","33.8","±1.1","(X)","(X)","37.6","±0.9","(X)","(X)","33.8","±0.2","(X)","(X)","31.6","±0.4","(X)","(X)","35.7","±0.3","(X)","(X)","38.5","±0.7","(X)","(X)","37.2","±0.7","(X)","(X)","39.9","±0.8","(X)","(X)","37.4","±0.4","(X)","(X)","35.0","±2.1","(X)","(X)","39.1","±1.5","(X)","(X)","38.6","±0.6","(X)","(X)","38.0","±0.8","(X)","(X)","39.3","±0.8","(X)","(X)","38.5","±0.1","(X)","(X)","37.2","±0.1","(X)","(X)","39.8","±0.1","(X)","(X)"
"        Sex ratio (males per 100 females)","89.7","±2.0","(X)","(X)","(X)","(X)","(X)","(X)","(X)","(X)","(X)","(X)","91.6","±1.9","(X)","(X)","(X)","(X)","(X)","(X)","(X)","(X)","(X)","(X)","94.6","±2.4","(X)","(X)","(X)","(X)","(X)","(X)","(X)","(X)","(X)","(X)","100.5","±2.0","(X)","(X)","(X)","(X)","(X)","(X)","(X)","(X)","(X)","(X)","93.3","±1.3","(X)","(X)","(X)","(X)","(X)","(X)","(X)","(X)","(X)","(X)","91.7","±7.0","(X)","(X)","(X)","(X)","(X)","(X)","(X)","(X)","(X)","(X)","93.6","±3.1","(X)","(X)","(X)","(X)","(X)","(X)","(X)","(X)","(X)","(X)","89.2","±1.8","(X)","(X)","(X)","(X)","(X)","(X)","(X)","(X)","(X)","(X)","94.2","±0.3","(X)","(X)","(X)","(X)","(X)","(X)","(X)","(X)","(X)","(X)","88.4","±5.5","(X)","(X)","(X)","(X)","(X)","(X)","(X)","(X)","(X)","(X)","92.1","±1.6","(X)","(X)","(X)","(X)","(X)","(X)","(X)","(X)","(X)","(X)","90.2","±3.2","(X)","(X)","(X)","(X)","(X)","(X)","(X)","(X)","(X)","(X)","87.5","±5.9","(X)","(X)","(X)","(X)","(X)","(X)","(X)","(X)","(X)","(X)","98.0","±4.8","(X)","(X)","(X)","(X)","(X)","(X)","(X)","(X)","(X)","(X)","93.1","±1.2","(X)","(X)","(X)","(X)","(X)","(X)","(X)","(X)","(X)","(X)","95.1","±5.0","(X)","(X)","(X)","(X)","(X)","(X)","(X)","(X)","(X)","(X)","87.4","±3.8","(X)","(X)","(X)","(X)","(X)","(X)","(X)","(X)","(X)","(X)","97.7","±2.0","(X)","(X)","(X)","(X)","(X)","(X)","(X)","(X)","(X)","(X)","92.6","±1.0","(X)","(X)","(X)","(X)","(X)","(X)","(X)","(X)","(X)","(X)","94.2","±1.1","(X)","(X)","(X)","(X)","(X)","(X)","(X)","(X)","(X)","(X)","96.6","±3.5","(X)","(X)","(X)","(X)","(X)","(X)","(X)","(X)","(X)","(X)","92.7","±1.4","(X)","(X)","(X)","(X)","(X)","(X)","(X)","(X)","(X)","(X)","97.0","±0.1","(X)","(X)","(X)","(X)","(X)","(X)","(X)","(X)","(X)","(X)"
"        Age dependency ratio","70.0","±0.5","(X)","(X)","(X)","(X)","(X)","(X)","(X)","(X)","(X)","(X)","69.3","±1.1","(X)","(X)","(X)","(X)","(X)","(X)","(X)","(X)","(X)","(X)","86.5","±2.4","(X)","(X)","(X)","(X)","(X)","(X)","(X)","(X)","(X)","(X)","60.5","±0.9","(X)","(X)","(X)","(X)","(X)","(X)","(X)","(X)","(X)","(X)","57.4","±0.4","(X)","(X)","(X)","(X)","(X)","(X)","(X)","(X)","(X)","(X)","71.0","*****","(X)","(X)","(X)","(X)","(X)","(X)","(X)","(X)","(X)","(X)","63.5","±1.2","(X)","(X)","(X)","(X)","(X)","(X)","(X)","(X)","(X)","(X)","68.7","±0.8","(X)","(X)","(X)","(X)","(X)","(X)","(X)","(X)","(X)","(X)","64.1","±0.4","(X)","(X)","(X)","(X)","(X)","(X)","(X)","(X)","(X)","(X)","73.2","±5.2","(X)","(X)","(X)","(X)","(X)","(X)","(X)","(X)","(X)","(X)","74.6","±0.7","(X)","(X)","(X)","(X)","(X)","(X)","(X)","(X)","(X)","(X)","71.7","*****","(X)","(X)","(X)","(X)","(X)","(X)","(X)","(X)","(X)","(X)","74.5","±0.7","(X)","(X)","(X)","(X)","(X)","(X)","(X)","(X)","(X)","(X)","67.8","±0.4","(X)","(X)","(X)","(X)","(X)","(X)","(X)","(X)","(X)","(X)","64.5","±0.7","(X)","(X)","(X)","(X)","(X)","(X)","(X)","(X)","(X)","(X)","79.3","±2.7","(X)","(X)","(X)","(X)","(X)","(X)","(X)","(X)","(X)","(X)","73.6","±2.0","(X)","(X)","(X)","(X)","(X)","(X)","(X)","(X)","(X)","(X)","55.4","±1.1","(X)","(X)","(X)","(X)","(X)","(X)","(X)","(X)","(X)","(X)","53.4","±0.5","(X)","(X)","(X)","(X)","(X)","(X)","(X)","(X)","(X)","(X)","64.7","±0.7","(X)","(X)","(X)","(X)","(X)","(X)","(X)","(X)","(X)","(X)","68.9","±1.3","(X)","(X)","(X)","(X)","(X)","(X)","(X)","(X)","(X)","(X)","63.9","±0.5","(X)","(X)","(X)","(X)","(X)","(X)","(X)","(X)","(X)","(X)","63.1","±0.1","(X)","(X)","(X)","(X)","(X)","(X)","(X)","(X)","(X)","(X)"
"        Old-age dependency ratio","33.3","±0.4","(X)","(X)","(X)","(X)","(X)","(X)","(X)","(X)","(X)","(X)","31.2","±0.6","(X)","(X)","(X)","(X)","(X)","(X)","(X)","(X)","(X)","(X)","52.2","±1.2","(X)","(X)","(X)","(X)","(X)","(X)","(X)","(X)","(X)","(X)","22.4","±0.6","(X)","(X)","(X)","(X)","(X)","(X)","(X)","(X)","(X)","(X)","26.5","±0.2","(X)","(X)","(X)","(X)","(X)","(X)","(X)","(X)","(X)","(X)","33.3","*****","(X)","(X)","(X)","(X)","(X)","(X)","(X)","(X)","(X)","(X)","24.0","±0.9","(X)","(X)","(X)","(X)","(X)","(X)","(X)","(X)","(X)","(X)","29.3","±0.4","(X)","(X)","(X)","(X)","(X)","(X)","(X)","(X)","(X)","(X)","26.4","±0.3","(X)","(X)","(X)","(X)","(X)","(X)","(X)","(X)","(X)","(X)","34.9","±2.0","(X)","(X)","(X)","(X)","(X)","(X)","(X)","(X)","(X)","(X)","43.6","±0.6","(X)","(X)","(X)","(X)","(X)","(X)","(X)","(X)","(X)","(X)","32.1","*****","(X)","(X)","(X)","(X)","(X)","(X)","(X)","(X)","(X)","(X)","36.9","±0.5","(X)","(X)","(X)","(X)","(X)","(X)","(X)","(X)","(X)","(X)","31.0","±0.1","(X)","(X)","(X)","(X)","(X)","(X)","(X)","(X)","(X)","(X)","26.6","±0.5","(X)","(X)","(X)","(X)","(X)","(X)","(X)","(X)","(X)","(X)","42.8","±2.1","(X)","(X)","(X)","(X)","(X)","(X)","(X)","(X)","(X)","(X)","34.9","±0.6","(X)","(X)","(X)","(X)","(X)","(X)","(X)","(X)","(X)","(X)","26.5","±0.9","(X)","(X)","(X)","(X)","(X)","(X)","(X)","(X)","(X)","(X)","20.5","±0.4","(X)","(X)","(X)","(X)","(X)","(X)","(X)","(X)","(X)","(X)","26.7","±0.5","(X)","(X)","(X)","(X)","(X)","(X)","(X)","(X)","(X)","(X)","28.8","±1.0","(X)","(X)","(X)","(X)","(X)","(X)","(X)","(X)","(X)","(X)","24.5","±0.4","(X)","(X)","(X)","(X)","(X)","(X)","(X)","(X)","(X)","(X)","26.9","±0.1","(X)","(X)","(X)","(X)","(X)","(X)","(X)","(X)","(X)","(X)"
"        Child dependency ratio","36.7","±0.3","(X)","(X)","(X)","(X)","(X)","(X)","(X)","(X)","(X)","(X)","38.1","±0.5","(X)","(X)","(X)","(X)","(X)","(X)","(X)","(X)","(X)","(X)","34.3","±1.3","(X)","(X)","(X)","(X)","(X)","(X)","(X)","(X)","(X)","(X)","38.1","±0.3","(X)","(X)","(X)","(X)","(X)","(X)","(X)","(X)","(X)","(X)","30.9","±0.3","(X)","(X)","(X)","(X)","(X)","(X)","(X)","(X)","(X)","(X)","37.6","*****","(X)","(X)","(X)","(X)","(X)","(X)","(X)","(X)","(X)","(X)","39.5","±0.3","(X)","(X)","(X)","(X)","(X)","(X)","(X)","(X)","(X)","(X)","39.4","±0.5","(X)","(X)","(X)","(X)","(X)","(X)","(X)","(X)","(X)","(X)","37.6","±0.1","(X)","(X)","(X)","(X)","(X)","(X)","(X)","(X)","(X)","(X)","38.3","±4.0","(X)","(X)","(X)","(X)","(X)","(X)","(X)","(X)","(X)","(X)","31.0","±0.3","(X)","(X)","(X)","(X)","(X)","(X)","(X)","(X)","(X)","(X)","39.6","*****","(X)","(X)","(X)","(X)","(X)","(X)","(X)","(X)","(X)","(X)","37.5","±0.1","(X)","(X)","(X)","(X)","(X)","(X)","(X)","(X)","(X)","(X)","36.8","±0.3","(X)","(X)","(X)","(X)","(X)","(X)","(X)","(X)","(X)","(X)","37.9","±0.2","(X)","(X)","(X)","(X)","(X)","(X)","(X)","(X)","(X)","(X)","36.5","±0.7","(X)","(X)","(X)","(X)","(X)","(X)","(X)","(X)","(X)","(X)","38.7","±1.7","(X)","(X)","(X)","(X)","(X)","(X)","(X)","(X)","(X)","(X)","28.9","±0.2","(X)","(X)","(X)","(X)","(X)","(X)","(X)","(X)","(X)","(X)","32.9","±0.2","(X)","(X)","(X)","(X)","(X)","(X)","(X)","(X)","(X)","(X)","38.0","±0.2","(X)","(X)","(X)","(X)","(X)","(X)","(X)","(X)","(X)","(X)","40.1","±0.3","(X)","(X)","(X)","(X)","(X)","(X)","(X)","(X)","(X)","(X)","39.4","±0.1","(X)","(X)","(X)","(X)","(X)","(X)","(X)","(X)","(X)","(X)","36.3","±0.1","(X)","(X)","(X)","(X)","(X)","(X)","(X)","(X)","(X)","(X)"
"    PERCENT ALLOCATED","","","","","","","","","","","","","","","","","","","","","","","","","","","","","","","","","","","","","","","","","","","","","","","","","","","","","","","","","","","","","","","","","","","","","","","","","","","","","","","","","","","","","","","","","","","","","","","","","","","","","","","","","","","","","","","","","","","","","","","","","","","","","","","","","","","","","","","","","","","","","","","","","","","","","","","","","","","","","","","","","","","","","","","","","","","","","","","","","","","","","","","","","","","","","","","","","","","","","","","","","","","","","","","","","","","","","","","","","","","","","","","","","","","","","","","","","","","","","","","","","","","","","","","","","","","","","","","","","","","","","","","","","","","","","","","","","","","",""
"        Sex","(X)","(X)","0.0%","(X)","(X)","(X)","(X)","(X)","(X)","(X)","(X)","(X)","(X)","(X)","0.0%","(X)","(X)","(X)","(X)","(X)","(X)","(X)","(X)","(X)","(X)","(X)","0.0%","(X)","(X)","(X)","(X)","(X)","(X)","(X)","(X)","(X)","(X)","(X)","0.0%","(X)","(X)","(X)","(X)","(X)","(X)","(X)","(X)","(X)","(X)","(X)","0.1%","(X)","(X)","(X)","(X)","(X)","(X)","(X)","(X)","(X)","(X)","(X)","0.0%","(X)","(X)","(X)","(X)","(X)","(X)","(X)","(X)","(X)","(X)","(X)","0.0%","(X)","(X)","(X)","(X)","(X)","(X)","(X)","(X)","(X)","(X)","(X)","0.0%","(X)","(X)","(X)","(X)","(X)","(X)","(X)","(X)","(X)","(X)","(X)","0.1%","(X)","(X)","(X)","(X)","(X)","(X)","(X)","(X)","(X)","(X)","(X)","0.0%","(X)","(X)","(X)","(X)","(X)","(X)","(X)","(X)","(X)","(X)","(X)","0.0%","(X)","(X)","(X)","(X)","(X)","(X)","(X)","(X)","(X)","(X)","(X)","0.0%","(X)","(X)","(X)","(X)","(X)","(X)","(X)","(X)","(X)","(X)","(X)","0.2%","(X)","(X)","(X)","(X)","(X)","(X)","(X)","(X)","(X)","(X)","(X)","0.0%","(X)","(X)","(X)","(X)","(X)","(X)","(X)","(X)","(X)","(X)","(X)","0.0%","(X)","(X)","(X)","(X)","(X)","(X)","(X)","(X)","(X)","(X)","(X)","0.0%","(X)","(X)","(X)","(X)","(X)","(X)","(X)","(X)","(X)","(X)","(X)","0.1%","(X)","(X)","(X)","(X)","(X)","(X)","(X)","(X)","(X)","(X)","(X)","0.1%","(X)","(X)","(X)","(X)","(X)","(X)","(X)","(X)","(X)","(X)","(X)","0.1%","(X)","(X)","(X)","(X)","(X)","(X)","(X)","(X)","(X)","(X)","(X)","0.0%","(X)","(X)","(X)","(X)","(X)","(X)","(X)","(X)","(X)","(X)","(X)","0.1%","(X)","(X)","(X)","(X)","(X)","(X)","(X)","(X)","(X)","(X)","(X)","0.0%","(X)","(X)","(X)","(X)","(X)","(X)","(X)","(X)","(X)","(X)","(X)","0.1%","(X)","(X)","(X)","(X)","(X)","(X)","(X)","(X)","(X)"
"        Age","(X)","(X)","2.3%","(X)","(X)","(X)","(X)","(X)","(X)","(X)","(X)","(X)","(X)","(X)","1.1%","(X)","(X)","(X)","(X)","(X)","(X)","(X)","(X)","(X)","(X)","(X)","9.8%","(X)","(X)","(X)","(X)","(X)","(X)","(X)","(X)","(X)","(X)","(X)","2.2%","(X)","(X)","(X)","(X)","(X)","(X)","(X)","(X)","(X)","(X)","(X)","3.8%","(X)","(X)","(X)","(X)","(X)","(X)","(X)","(X)","(X)","(X)","(X)","0.7%","(X)","(X)","(X)","(X)","(X)","(X)","(X)","(X)","(X)","(X)","(X)","1.1%","(X)","(X)","(X)","(X)","(X)","(X)","(X)","(X)","(X)","(X)","(X)","1.9%","(X)","(X)","(X)","(X)","(X)","(X)","(X)","(X)","(X)","(X)","(X)","0.9%","(X)","(X)","(X)","(X)","(X)","(X)","(X)","(X)","(X)","(X)","(X)","1.5%","(X)","(X)","(X)","(X)","(X)","(X)","(X)","(X)","(X)","(X)","(X)","1.7%","(X)","(X)","(X)","(X)","(X)","(X)","(X)","(X)","(X)","(X)","(X)","0.2%","(X)","(X)","(X)","(X)","(X)","(X)","(X)","(X)","(X)","(X)","(X)","0.6%","(X)","(X)","(X)","(X)","(X)","(X)","(X)","(X)","(X)","(X)","(X)","1.0%","(X)","(X)","(X)","(X)","(X)","(X)","(X)","(X)","(X)","(X)","(X)","1.3%","(X)","(X)","(X)","(X)","(X)","(X)","(X)","(X)","(X)","(X)","(X)","0.8%","(X)","(X)","(X)","(X)","(X)","(X)","(X)","(X)","(X)","(X)","(X)","3.6%","(X)","(X)","(X)","(X)","(X)","(X)","(X)","(X)","(X)","(X)","(X)","1.4%","(X)","(X)","(X)","(X)","(X)","(X)","(X)","(X)","(X)","(X)","(X)","0.6%","(X)","(X)","(X)","(X)","(X)","(X)","(X)","(X)","(X)","(X)","(X)","2.0%","(X)","(X)","(X)","(X)","(X)","(X)","(X)","(X)","(X)","(X)","(X)","1.2%","(X)","(X)","(X)","(X)","(X)","(X)","(X)","(X)","(X)","(X)","(X)","0.9%","(X)","(X)","(X)","(X)","(X)","(X)","(X)","(X)","(X)","(X)","(X)","1.7%","(X)","(X)","(X)","(X)","(X)","(X)","(X)","(X)","(X)"