"Label","Boone County, Kentucky!!Total!!Estimate","Boone County, Kentucky!!Total!!Margin of Error","Boone County, Kentucky!!Percent!!Estimate","Boone County, Kentucky!!Percent!!Margin of Error","Boone County, Kentucky!!Male!!Estimate","Boone County, Kentucky!!Male!!Margin of Error","Boone County, Kentucky!!Percent Male!!Estimate","Boone County, Kentucky!!Percent Male!!Margin of Error","Boone County, Kentucky!!Female!!Estimate","Boone County, Kentucky!!Female!!Margin of Error","Boone County, Kentucky!!Percent Female!!Estimate","Boone County, Kentucky!!Percent Female!!Margin of Error","Bullitt County, Kentucky!!Total!!Estimate","Bullitt County, Kentucky!!Total!!Margin of Error","Bullitt County, Kentucky!!Percent!!Estimate","Bullitt County, Kentucky!!Percent!!Margin of Error","Bullitt County, Kentucky!!Male!!Estimate","Bullitt County, Kentucky!!Male!!Margin of Error","Bullitt County, Kentucky!!Percent Male!!Estimate","Bullitt County, Kentucky!!Percent Male!!Margin of Error","Bullitt County, Kentucky!!Female!!Estimate","Bullitt County, Kentucky!!Female!!Margin of Error","Bullitt County, Kentucky!!Percent Female!!Estimate","Bullitt County, Kentucky!!Percent Female!!Margin of Error","Campbell County, Kentucky!!Total!!Estimate","Campbell County, Kentucky!!Total!!Margin of Error","Campbell County, Kentucky!!Percent!!Estimate","Campbell County, Kentucky!!Percent!!Margin of Error","Campbell County, Kentucky!!Male!!Estimate","Campbell County, Kentucky!!Male!!Margin of Error","Campbell County, Kentucky!!Percent Male!!Estimate","Campbell County, Kentucky!!Percent Male!!Margin of Error","Campbell County, Kentucky!!Female!!Estimate","Campbell County, Kentucky!!Female!!Margin of Error","Campbell County, Kentucky!!Percent Female!!Estimate","Campbell County, Kentucky!!Percent Female!!Margin of Error","Christian County, Kentucky!!Total!!Estimate","Christian County, Kentucky!!Total!!Margin of Error","Christian County, Kentucky!!Percent!!Estimate","Christian County, Kentucky!!Percent!!Margin of Error","Christian County, Kentucky!!Male!!Estimate","Christian County, Kentucky!!Male!!Margin of Error","Christian County, Kentucky!!Percent Male!!Estimate","Christian County, Kentucky!!Percent Male!!Margin of Error","Christian County, Kentucky!!Female!!Estimate","Christian County, Kentucky!!Female!!Margin of Error","Christian County, Kentucky!!Percent Female!!Estimate","Christian County, Kentucky!!Percent Female!!Margin of Error","Daviess County, Kentucky!!Total!!Estimate","Daviess County, Kentucky!!Total!!Margin of Error","Daviess County, Kentucky!!Percent!!Estimate","Daviess County, Kentucky!!Percent!!Margin of Error","Daviess County, Kentucky!!Male!!Estimate","Daviess County, Kentucky!!Male!!Margin of Error","Daviess County, Kentucky!!Percent Male!!Estimate","Daviess County, Kentucky!!Percent Male!!Margin of Error","Daviess County, Kentucky!!Female!!Estimate","Daviess County, Kentucky!!Female!!Margin of Error","Daviess County, Kentucky!!Percent Female!!Estimate","Daviess County, Kentucky!!Percent Female!!Margin of Error","Fayette County, Kentucky!!Total!!Estimate","Fayette County, Kentucky!!Total!!Margin of Error","Fayette County, Kentucky!!Percent!!Estimate","Fayette County, Kentucky!!Percent!!Margin of Error","Fayette County, Kentucky!!Male!!Estimate","Fayette County, Kentucky!!Male!!Margin of Error","Fayette County, Kentucky!!Percent Male!!Estimate","Fayette County, Kentucky!!Percent Male!!Margin of Error","Fayette County, Kentucky!!Female!!Estimate","Fayette County, Kentucky!!Female!!Margin of Error","Fayette County, Kentucky!!Percent Female!!Estimate","Fayette County, Kentucky!!Percent Female!!Margin of Error","Hardin County, Kentucky!!Total!!Estimate","Hardin County, Kentucky!!Total!!Margin of Error","Hardin County, Kentucky!!Percent!!Estimate","Hardin County, Kentucky!!Percent!!Margin of Error","Hardin County, Kentucky!!Male!!Estimate","Hardin County, Kentucky!!Male!!Margin of Error","Hardin County, Kentucky!!Percent Male!!Estimate","Hardin County, Kentucky!!Percent Male!!Margin of Error","Hardin County, Kentucky!!Female!!Estimate","Hardin County, Kentucky!!Female!!Margin of Error","Hardin County, Kentucky!!Percent Female!!Estimate","Hardin County, Kentucky!!Percent Female!!Margin of Error","Jefferson County, Kentucky!!Total!!Estimate","Jefferson County, Kentucky!!Total!!Margin of Error","Jefferson County, Kentucky!!Percent!!Estimate","Jefferson County, Kentucky!!Percent!!Margin of Error","Jefferson County, Kentucky!!Male!!Estimate","Jefferson County, Kentucky!!Male!!Margin of Error","Jefferson County, Kentucky!!Percent Male!!Estimate","Jefferson County, Kentucky!!Percent Male!!Margin of Error","Jefferson County, Kentucky!!Female!!Estimate","Jefferson County, Kentucky!!Female!!Margin of Error","Jefferson County, Kentucky!!Percent Female!!Estimate","Jefferson County, Kentucky!!Percent Female!!Margin of Error","Kenton County, Kentucky!!Total!!Estimate","Kenton County, Kentucky!!Total!!Margin of Error","Kenton County, Kentucky!!Percent!!Estimate","Kenton County, Kentucky!!Percent!!Margin of Error","Kenton County, Kentucky!!Male!!Estimate","Kenton County, Kentucky!!Male!!Margin of Error","Kenton County, Kentucky!!Percent Male!!Estimate","Kenton County, Kentucky!!Percent Male!!Margin of Error","Kenton County, Kentucky!!Female!!Estimate","Kenton County, Kentucky!!Female!!Margin of Error","Kenton County, Kentucky!!Percent Female!!Estimate","Kenton County, Kentucky!!Percent Female!!Margin of Error","McCracken County, Kentucky!!Total!!Estimate","McCracken County, Kentucky!!Total!!Margin of Error","McCracken County, Kentucky!!Percent!!Estimate","McCracken County, Kentucky!!Percent!!Margin of Error","McCracken County, Kentucky!!Male!!Estimate","McCracken County, Kentucky!!Male!!Margin of Error","McCracken County, Kentucky!!Percent Male!!Estimate","McCracken County, Kentucky!!Percent Male!!Margin of Error","McCracken County, Kentucky!!Female!!Estimate","McCracken County, Kentucky!!Female!!Margin of Error","McCracken County, Kentucky!!Percent Female!!Estimate","McCracken County, Kentucky!!Percent Female!!Margin of Error","Madison County, Kentucky!!Total!!Estimate","Madison County, Kentucky!!Total!!Margin of Error","Madison County, Kentucky!!Percent!!Estimate","Madison County, Kentucky!!Percent!!Margin of Error","Madison County, Kentucky!!Male!!Estimate","Madison County, Kentucky!!Male!!Margin of Error","Madison County, Kentucky!!Percent Male!!Estimate","Madison County, Kentucky!!Percent Male!!Margin of Error","Madison County, Kentucky!!Female!!Estimate","Madison County, Kentucky!!Female!!Margin of Error","Madison County, Kentucky!!Percent Female!!Estimate","Madison County, Kentucky!!Percent Female!!Margin of Error","Oldham County, Kentucky!!Total!!Estimate","Oldham County, Kentucky!!Total!!Margin of Error","Oldham County, Kentucky!!Percent!!Estimate","Oldham County, Kentucky!!Percent!!Margin of Error","Oldham County, Kentucky!!Male!!Estimate","Oldham County, Kentucky!!Male!!Margin of Error","Oldham County, Kentucky!!Percent Male!!Estimate","Oldham County, Kentucky!!Percent Male!!Margin of Error","Oldham County, Kentucky!!Female!!Estimate","Oldham County, Kentucky!!Female!!Margin of Error","Oldham County, Kentucky!!Percent Female!!Estimate","Oldham County, Kentucky!!Percent Female!!Margin of Error","Warren County, Kentucky!!Total!!Estimate","Warren County, Kentucky!!Total!!Margin of Error","Warren County, Kentucky!!Percent!!Estimate","Warren County, Kentucky!!Percent!!Margin of Error","Warren County, Kentucky!!Male!!Estimate","Warren County, Kentucky!!Male!!Margin of Error","Warren County, Kentucky!!Percent Male!!Estimate","Warren County, Kentucky!!Percent Male!!Margin of Error","Warren County, Kentucky!!Female!!Estimate","Warren County, Kentucky!!Female!!Margin of Error","Warren County, Kentucky!!Percent Female!!Estimate","Warren County, Kentucky!!Percent Female!!Margin of Error","United States!!Total!!Estimate","United States!!Total!!Margin of Error","United States!!Percent!!Estimate","United States!!Percent!!Margin of Error","United States!!Male!!Estimate","United States!!Male!!Margin of Error","United States!!Percent Male!!Estimate","United States!!Percent Male!!Margin of Error","United States!!Female!!Estimate","United States!!Female!!Margin of Error","United States!!Percent Female!!Estimate","United States!!Percent Female!!Margin of Error"
"Total population","133,581","*****","(X)","(X)","67,100","±797","(X)","(X)","66,481","±797","(X)","(X)","81,676","*****","(X)","(X)","40,777","±508","(X)","(X)","40,899","±508","(X)","(X)","93,584","*****","(X)","(X)","45,755","±680","(X)","(X)","47,829","±680","(X)","(X)","70,461","*****","(X)","(X)","36,223","±1,362","(X)","(X)","34,238","±1,362","(X)","(X)","101,511","*****","(X)","(X)","49,479","±303","(X)","(X)","52,032","±303","(X)","(X)","323,152","*****","(X)","(X)","158,333","±833","(X)","(X)","164,819","±833","(X)","(X)","110,958","*****","(X)","(X)","55,549","±866","(X)","(X)","55,409","±866","(X)","(X)","766,757","*****","(X)","(X)","370,110","±469","(X)","(X)","396,647","±469","(X)","(X)","166,998","*****","(X)","(X)","81,783","±676","(X)","(X)","85,215","±676","(X)","(X)","65,418","*****","(X)","(X)","31,130","±516","(X)","(X)","34,288","±516","(X)","(X)","92,987","*****","(X)","(X)","45,230","±789","(X)","(X)","47,757","±789","(X)","(X)","66,799","*****","(X)","(X)","34,199","±600","(X)","(X)","32,600","±600","(X)","(X)","132,896","*****","(X)","(X)","65,313","±787","(X)","(X)","67,583","±787","(X)","(X)","328,239,523","*****","(X)","(X)","161,588,973","±34,808","(X)","(X)","166,650,550","±34,808","(X)","(X)"
"    AGE","","","","","","","","","","","","","","","","","","","","","","","","","","","","","","","","","","","","","","","","","","","","","","","","","","","","","","","","","","","","","","","","","","","","","","","","","","","","","","","","","","","","","","","","","","","","","","","","","","","","","","","","","","","","","","","","","","","","","","","","","","","","","","","","","","","","","","","","","","","","","","","","","","","","","","","","","","","","","","","","","","","","","","","",""
"        Under 5 years","8,935","±708","6.7%","±0.5","5,119","±683","7.6%","±1.0","3,816","±347","5.7%","±0.5","3,908","±160","4.8%","±0.2","1,981","±84","4.9%","±0.2","1,927","±142","4.7%","±0.3","5,548","±488","5.9%","±0.5","2,876","±284","6.3%","±0.6","2,672","±323","5.6%","±0.6","6,580","±587","9.3%","±0.8","3,476","±508","9.6%","±1.3","3,104","±621","9.1%","±1.7","6,765","±336","6.7%","±0.3","3,720","±355","7.5%","±0.7","3,045","±269","5.9%","±0.5","19,479","±387","6.0%","±0.1","10,145","±463","6.4%","±0.3","9,334","±244","5.7%","±0.1","7,122","±5","6.4%","±0.1","4,052","±208","7.3%","±0.4","3,070","±207","5.5%","±0.4","47,566","±164","6.2%","±0.1","24,420","±201","6.6%","±0.1","23,146","±164","5.8%","±0.1","10,986","±765","6.6%","±0.5","4,964","±491","6.1%","±0.6","6,022","±869","7.1%","±1.0","4,265","±357","6.5%","±0.5","2,219","±408","7.1%","±1.3","2,046","±238","6.0%","±0.7","5,579","±534","6.0%","±0.6","2,926","±376","6.5%","±0.8","2,653","±303","5.6%","±0.6","3,469","±390","5.2%","±0.6","1,538","±59","4.5%","±0.2","1,931","±389","5.9%","±1.2","8,472","±381","6.4%","±0.3","4,326","±371","6.6%","±0.6","4,146","±420","6.1%","±0.6","19,404,835","±22,314","5.9%","±0.1","9,938,937","±19,654","6.2%","±0.1","9,465,898","±16,480","5.7%","±0.1"
"        5 to 9 years","9,592","±1,637","7.2%","±1.2","5,077","±1,075","7.6%","±1.6","4,515","±1,012","6.8%","±1.5","4,915","±1,109","6.0%","±1.4","2,479","±643","6.1%","±1.6","2,436","±724","6.0%","±1.8","5,399","±710","5.8%","±0.8","2,727","±621","6.0%","±1.3","2,672","±552","5.6%","±1.1","4,812","±906","6.8%","±1.3","2,665","±654","7.4%","±1.8","2,147","±580","6.3%","±1.7","7,574","±1,008","7.5%","±1.0","4,387","±727","8.9%","±1.5","3,187","±830","6.1%","±1.6","18,949","±1,827","5.9%","±0.6","9,502","±1,117","6.0%","±0.7","9,447","±1,192","5.7%","±0.7","7,461","±971","6.7%","±0.9","3,320","±608","6.0%","±1.1","4,141","±758","7.5%","±1.4","43,291","±2,652","5.6%","±0.3","22,790","±2,185","6.2%","±0.6","20,501","±1,527","5.2%","±0.4","10,820","±1,327","6.5%","±0.8","6,400","±914","7.8%","±1.1","4,420","±1,047","5.2%","±1.2","3,428","±868","5.2%","±1.3","1,859","±757","6.0%","±2.4","1,569","±535","4.6%","±1.6","4,036","±734","4.3%","±0.8","1,716","±556","3.8%","±1.2","2,320","±498","4.9%","±1.1","4,304","±727","6.4%","±1.1","1,697","±314","5.0%","±0.9","2,607","±593","8.0%","±1.8","7,792","±1,273","5.9%","±1.0","4,425","±762","6.8%","±1.1","3,367","±867","5.0%","±1.3","19,690,437","±69,224","6.0%","±0.1","10,033,518","±51,101","6.2%","±0.1","9,656,919","±47,933","5.8%","±0.1"
"        10 to 14 years","9,501","±1,669","7.1%","±1.2","5,360","±1,166","8.0%","±1.7","4,141","±855","6.2%","±1.3","5,522","±1,064","6.8%","±1.3","2,862","±738","7.0%","±1.8","2,660","±587","6.5%","±1.4","5,273","±807","5.6%","±0.9","2,533","±555","5.5%","±1.2","2,740","±643","5.7%","±1.3","3,760","±1,347","5.3%","±1.9","1,809","±970","5.0%","±2.6","1,951","±922","5.7%","±2.6","6,619","±1,055","6.5%","±1.0","2,658","±725","5.4%","±1.5","3,961","±844","7.6%","±1.6","18,195","±1,826","5.6%","±0.6","9,488","±1,117","6.0%","±0.7","8,707","±1,192","5.3%","±0.7","7,461","±961","6.7%","±0.9","4,751","±785","8.6%","±1.4","2,710","±712","4.9%","±1.3","49,982","±2,629","6.5%","±0.3","25,066","±2,165","6.8%","±0.6","24,916","±1,487","6.3%","±0.4","11,318","±1,317","6.8%","±0.8","4,931","±921","6.0%","±1.1","6,387","±1,110","7.5%","±1.3","4,837","±760","7.4%","±1.2","2,596","±527","8.3%","±1.7","2,241","±571","6.5%","±1.6","6,477","±748","7.0%","±0.8","3,471","±525","7.7%","±1.2","3,006","±593","6.3%","±1.2","5,501","±771","8.2%","±1.2","3,125","±348","9.1%","±1.1","2,376","±608","7.3%","±1.8","8,748","±1,225","6.6%","±0.9","4,540","±936","7.0%","±1.4","4,208","±793","6.2%","±1.2","21,423,479","±69,779","6.5%","±0.1","10,987,313","±52,483","6.8%","±0.1","10,436,166","±45,451","6.3%","±0.1"
"        15 to 19 years","10,045","±806","7.5%","±0.6","5,213","±796","7.8%","±1.2","4,832","±571","7.3%","±0.8","4,780","±142","5.9%","±0.2","2,542","±142","6.2%","±0.4","2,238","±201","5.5%","±0.1","5,579","±670","6.0%","±0.7","2,940","±234","6.4%","±0.5","2,639","±524","5.5%","±1.1","6,403","±1,298","9.1%","±1.8","2,722","±1,005","7.5%","±2.6","3,681","±1,150","10.8%","±3.1","5,272","±520","5.2%","±0.5","2,458","±440","5.0%","±0.9","2,814","±216","5.4%","±0.4","23,849","±1,192","7.4%","±0.4","11,386","±1,079","7.2%","±0.7","12,463","±1,400","7.6%","±0.8","7,872","±1,113","7.1%","±1.0","4,152","±770","7.5%","±1.3","3,720","±706","6.7%","±1.2","45,751","±774","6.0%","±0.1","22,821","±604","6.2%","±0.2","22,930","±818","5.8%","±0.2","9,795","±412","5.9%","±0.2","5,087","±436","6.2%","±0.5","4,708","±345","5.5%","±0.4","3,275","±442","5.0%","±0.7","1,340","±569","4.3%","±1.8","1,935","±404","5.6%","±1.1","8,120","±808","8.7%","±0.9","3,935","±364","8.7%","±0.8","4,185","±787","8.8%","±1.6","4,898","±552","7.3%","±0.8","2,440","±142","7.1%","±0.4","2,458","±525","7.5%","±1.6","11,900","±868","9.0%","±0.7","5,052","±503","7.7%","±0.7","6,848","±981","10.1%","±1.4","21,353,524","±36,116","6.5%","±0.1","10,903,653","±27,920","6.7%","±0.1","10,449,871","±27,410","6.3%","±0.1"
"        20 to 24 years","8,080","±691","6.0%","±0.5","3,585","±299","5.3%","±0.4","4,495","±486","6.8%","±0.7","4,562","±336","5.6%","±0.4","2,387","±294","5.9%","±0.7","2,175","±164","5.3%","±0.4","6,994","±697","7.5%","±0.7","3,265","±362","7.1%","±0.8","3,729","±523","7.8%","±1.1","7,690","±1,021","10.9%","±1.4","5,167","±785","14.3%","±2.3","2,523","±584","7.4%","±1.6","6,295","±618","6.2%","±0.6","3,469","±526","7.0%","±1.1","2,826","±213","5.4%","±0.4","31,103","±1,321","9.6%","±0.4","15,753","±874","9.9%","±0.6","15,350","±1,108","9.3%","±0.7","6,459","±454","5.8%","±0.4","3,803","±457","6.8%","±0.9","2,656","±262","4.8%","±0.5","47,176","±758","6.2%","±0.1","23,924","±511","6.5%","±0.1","23,252","±561","5.9%","±0.1","10,957","±900","6.6%","±0.5","5,815","±706","7.1%","±0.9","5,142","±612","6.0%","±0.7","4,118","±829","6.3%","±1.3","2,138","±629","6.9%","±2.0","1,980","±490","5.8%","±1.4","11,691","±828","12.6%","±0.9","5,405","±484","12.0%","±1.1","6,286","±628","13.2%","±1.3","3,698","±597","5.5%","±0.9","1,999","±286","5.8%","±0.8","1,699","±563","5.2%","±1.7","14,836","±983","11.2%","±0.7","7,460","±753","11.4%","±1.2","7,376","±486","10.9%","±0.7","21,468,680","±34,195","6.5%","±0.1","11,014,460","±22,949","6.8%","±0.1","10,454,220","±22,665","6.3%","±0.1"
"        25 to 29 years","7,336","±423","5.5%","±0.3","3,720","±158","5.5%","±0.2","3,616","±397","5.4%","±0.6","5,661","±441","6.9%","±0.5","2,898","±361","7.1%","±0.9","2,763","±269","6.8%","±0.6","6,800","±296","7.3%","±0.3","3,392","±83","7.4%","±0.2","3,408","±304","7.1%","±0.6","7,893","±936","11.2%","±1.3","4,637","±643","12.8%","±1.8","3,256","±571","9.5%","±1.8","6,760","±567","6.7%","±0.6","3,040","±140","6.1%","±0.3","3,720","±520","7.1%","±1.0","27,410","±686","8.5%","±0.2","14,031","±478","8.9%","±0.3","13,379","±447","8.1%","±0.3","7,659","±717","6.9%","±0.6","3,853","±419","6.9%","±0.8","3,806","±636","6.9%","±1.1","59,316","±250","7.7%","±0.1","29,603","±227","8.0%","±0.1","29,713","±70","7.5%","±0.1","12,489","±647","7.5%","±0.4","6,187","±461","7.6%","±0.6","6,302","±467","7.4%","±0.6","3,992","±464","6.1%","±0.7","1,784","±220","5.7%","±0.7","2,208","±423","6.4%","±1.2","6,621","±542","7.1%","±0.6","3,535","±477","7.8%","±1.1","3,086","±195","6.5%","±0.4","3,026","±254","4.5%","±0.4","1,883","±254","5.5%","±0.8","1,143","±201","3.5%","±0.1","9,585","±932","7.2%","±0.7","5,159","±704","7.9%","±1.1","4,426","±498","6.5%","±0.7","23,233,299","±29,995","7.1%","±0.1","11,817,829","±21,300","7.3%","±0.1","11,415,470","±18,024","6.8%","±0.1"
"        30 to 34 years","8,184","±897","6.1%","±0.7","4,212","±670","6.3%","±1.0","3,972","±474","6.0%","±0.7","4,882","±216","6.0%","±0.3","2,372","±201","5.8%","±0.1","2,510","±216","6.1%","±0.5","6,547","±321","7.0%","±0.3","3,113","±152","6.8%","±0.3","3,434","±298","7.2%","±0.6","4,634","±810","6.6%","±1.1","2,593","±497","7.2%","±1.4","2,041","±518","6.0%","±1.6","6,189","±514","6.1%","±0.5","2,753","±175","5.6%","±0.4","3,436","±411","6.6%","±0.8","22,367","±390","6.9%","±0.1","11,477","±2","7.2%","±0.1","10,890","±390","6.6%","±0.2","7,467","±785","6.7%","±0.7","3,424","±486","6.2%","±0.9","4,043","±627","7.3%","±1.1","53,954","±121","7.0%","±0.1","26,875","±121","7.3%","±0.1","27,079","±4","6.8%","±0.1","11,984","±560","7.2%","±0.3","5,870","±352","7.2%","±0.4","6,114","±397","7.2%","±0.5","3,263","±112","5.0%","±0.2","1,649","±112","5.3%","±0.4","1,614","±201","4.7%","±0.1","5,012","±300","5.4%","±0.3","2,598","±254","5.7%","±0.6","2,414","±167","5.1%","±0.4","3,694","±443","5.5%","±0.7","2,121","±401","6.2%","±1.1","1,573","±218","4.8%","±0.6","8,284","±801","6.2%","±0.6","3,931","±492","6.0%","±0.7","4,353","±672","6.4%","±1.0","22,345,176","±34,217","6.8%","±0.1","11,281,470","±23,076","7.0%","±0.1","11,063,706","±19,779","6.6%","±0.1"
"        35 to 39 years","10,136","±1,421","7.6%","±1.1","5,148","±951","7.7%","±1.4","4,988","±964","7.5%","±1.5","5,093","±966","6.2%","±1.2","2,436","±713","6.0%","±1.7","2,657","±632","6.5%","±1.6","6,426","±869","6.9%","±0.9","3,504","±649","7.7%","±1.4","2,922","±541","6.1%","±1.1","3,785","±779","5.4%","±1.1","1,681","±505","4.6%","±1.4","2,104","±657","6.1%","±1.9","6,276","±1,154","6.2%","±1.1","3,122","±620","6.3%","±1.3","3,154","±814","6.1%","±1.6","22,695","±1,998","7.0%","±0.6","11,283","±1,354","7.1%","±0.8","11,412","±1,243","6.9%","±0.8","6,780","±1,325","6.1%","±1.2","3,057","±737","5.5%","±1.3","3,723","±1,143","6.7%","±2.1","49,437","±2,994","6.4%","±0.4","23,842","±2,054","6.4%","±0.6","25,595","±1,919","6.5%","±0.5","10,055","±1,364","6.0%","±0.8","4,299","±771","5.3%","±1.0","5,756","±898","6.8%","±1.0","3,706","±1,098","5.7%","±1.7","2,056","±652","6.6%","±2.1","1,650","±595","4.8%","±1.7","5,751","±1,086","6.2%","±1.2","2,919","±746","6.5%","±1.7","2,832","±620","5.9%","±1.3","4,948","±938","7.4%","±1.4","2,558","±510","7.5%","±1.5","2,390","±514","7.3%","±1.6","8,565","±1,417","6.4%","±1.1","3,673","±858","5.6%","±1.3","4,892","±889","7.2%","±1.3","21,728,259","±61,731","6.6%","±0.1","10,892,040","±44,493","6.7%","±0.1","10,836,219","±39,187","6.5%","±0.1"
"        40 to 44 years","8,473","±1,669","6.3%","±1.2","3,975","±1,169","5.9%","±1.7","4,498","±1,085","6.8%","±1.6","6,226","±1,347","7.6%","±1.6","3,160","±896","7.7%","±2.2","3,066","±736","7.5%","±1.8","5,024","±865","5.4%","±0.9","2,354","±667","5.1%","±1.5","2,670","±518","5.6%","±1.1","3,098","±642","4.4%","±0.9","1,449","±421","4.0%","±1.2","1,649","±561","4.8%","±1.7","6,819","±1,126","6.7%","±1.1","3,793","±741","7.7%","±1.5","3,026","±657","5.8%","±1.3","20,883","±2,129","6.5%","±0.7","10,770","±1,416","6.8%","±0.9","10,113","±1,353","6.1%","±0.8","7,788","±1,083","7.0%","±1.0","4,014","±619","7.2%","±1.1","3,774","±803","6.8%","±1.4","46,953","±2,957","6.1%","±0.4","23,584","±2,050","6.4%","±0.6","23,369","±1,895","5.9%","±0.5","11,624","±1,393","7.0%","±0.8","6,277","±846","7.7%","±1.0","5,347","±962","6.3%","±1.1","4,095","±1,288","6.3%","±2.0","1,831","±783","5.9%","±2.5","2,264","±646","6.6%","±1.9","5,394","±1,302","5.8%","±1.4","2,748","±839","6.1%","±1.8","2,646","±728","5.5%","±1.5","4,152","±977","6.2%","±1.5","2,289","±649","6.7%","±1.9","1,863","±509","5.7%","±1.6","8,396","±1,638","6.3%","±1.2","4,698","±1,085","7.2%","±1.7","3,698","±932","5.5%","±1.4","20,186,586","±62,410","6.1%","±0.1","10,028,675","±45,069","6.2%","±0.1","10,157,911","±37,688","6.1%","±0.1"
"        45 to 49 years","9,153","±736","6.9%","±0.6","4,912","±572","7.3%","±0.9","4,241","±239","6.4%","±0.4","5,597","±204","6.9%","±0.2","2,812","±148","6.9%","±0.4","2,785","±133","6.8%","±0.3","5,169","±74","5.5%","±0.1","2,625","±74","5.7%","±0.2","2,544","±201","5.3%","±0.1","4,050","±766","5.7%","±1.1","1,941","±453","5.4%","±1.2","2,109","±637","6.2%","±1.8","5,796","±282","5.7%","±0.3","2,940","±273","5.9%","±0.6","2,856","±61","5.5%","±0.1","18,096","±769","5.6%","±0.2","8,712","±750","5.5%","±0.5","9,384","±437","5.7%","±0.3","7,423","±951","6.7%","±0.9","3,557","±546","6.4%","±0.9","3,866","±731","7.0%","±1.3","46,875","±635","6.1%","±0.1","22,282","±461","6.0%","±0.1","24,593","±412","6.2%","±0.1","9,930","±511","5.9%","±0.3","5,288","±546","6.5%","±0.7","4,642","±215","5.4%","±0.3","3,898","±383","6.0%","±0.6","2,060","±358","6.6%","±1.2","1,838","±179","5.4%","±0.5","5,803","±537","6.2%","±0.6","2,942","±474","6.5%","±1.0","2,861","±202","6.0%","±0.4","5,176","±306","7.7%","±0.5","2,794","±200","8.2%","±0.6","2,382","±211","7.3%","±0.7","7,560","±564","5.7%","±0.4","3,864","±364","5.9%","±0.6","3,696","±348","5.5%","±0.5","20,398,226","±28,275","6.2%","±0.1","10,079,567","±18,281","6.2%","±0.1","10,318,659","±18,352","6.2%","±0.1"
"        50 to 54 years","9,179","±939","6.9%","±0.7","4,518","±544","6.7%","±0.8","4,661","±450","7.0%","±0.7","5,634","±85","6.9%","±0.1","2,816","±85","6.9%","±0.2","2,818","±201","6.9%","±0.1","6,085","±429","6.5%","±0.5","2,952","±206","6.5%","±0.4","3,133","±360","6.6%","±0.7","2,497","±332","3.5%","±0.5","1,263","±278","3.5%","±0.8","1,234","±195","3.6%","±0.5","6,119","±479","6.0%","±0.5","3,069","±284","6.2%","±0.6","3,050","±239","5.9%","±0.5","18,134","±660","5.6%","±0.2","9,060","±560","5.7%","±0.4","9,074","±413","5.5%","±0.3","7,121","±679","6.4%","±0.6","3,763","±573","6.8%","±1.1","3,358","±363","6.1%","±0.7","45,597","±548","5.9%","±0.1","22,055","±404","6.0%","±0.1","23,542","±354","5.9%","±0.1","10,420","±440","6.2%","±0.3","4,981","±277","6.1%","±0.3","5,439","±306","6.4%","±0.4","4,298","±520","6.6%","±0.8","1,776","±153","5.7%","±0.5","2,522","±503","7.4%","±1.5","5,045","±93","5.4%","±0.1","2,434","±64","5.4%","±0.2","2,611","±69","5.5%","±0.2","5,165","±546","7.7%","±0.8","2,550","±166","7.5%","±0.5","2,615","±479","8.0%","±1.4","7,364","±681","5.5%","±0.5","3,802","±629","5.8%","±1.0","3,562","±358","5.3%","±0.5","20,464,881","±22,642","6.2%","±0.1","10,075,795","±16,185","6.2%","±0.1","10,389,086","±14,048","6.2%","±0.1"
"        55 to 59 years","7,577","±984","5.7%","±0.7","3,430","±796","5.1%","±1.2","4,147","±721","6.2%","±1.1","5,104","±983","6.2%","±1.2","2,703","±778","6.6%","±1.9","2,401","±540","5.9%","±1.3","6,405","±935","6.8%","±1.0","3,164","±630","6.9%","±1.4","3,241","±617","6.8%","±1.3","2,930","±716","4.2%","±1.0","1,502","±451","4.1%","±1.2","1,428","±484","4.2%","±1.4","7,374","±807","7.3%","±0.8","2,521","±588","5.1%","±1.2","4,853","±612","9.3%","±1.2","21,114","±1,970","6.5%","±0.6","10,568","±1,165","6.7%","±0.7","10,546","±1,301","6.4%","±0.8","6,840","±926","6.2%","±0.8","3,476","±672","6.3%","±1.2","3,364","±590","6.1%","±1.1","49,723","±2,962","6.5%","±0.4","23,417","±1,713","6.3%","±0.5","26,306","±2,198","6.6%","±0.6","10,019","±1,527","6.0%","±0.9","4,878","±834","6.0%","±1.0","5,141","±977","6.0%","±1.1","4,019","±779","6.1%","±1.2","1,657","±536","5.3%","±1.7","2,362","±520","6.9%","±1.5","5,069","±1,046","5.5%","±1.1","2,259","±754","5.0%","±1.7","2,810","±671","5.9%","±1.4","4,395","±794","6.6%","±1.2","2,514","±678","7.4%","±2.0","1,881","±419","5.8%","±1.3","7,804","±1,186","5.9%","±0.9","4,329","±791","6.6%","±1.2","3,475","±746","5.1%","±1.1","21,484,060","±58,829","6.5%","±0.1","10,440,265","±38,414","6.5%","±0.1","11,043,795","±38,535","6.6%","±0.1"
"        60 to 64 years","8,910","±1,106","6.7%","±0.8","4,555","±795","6.8%","±1.2","4,355","±805","6.6%","±1.2","6,197","±962","7.6%","±1.2","2,903","±742","7.1%","±1.8","3,294","±540","8.1%","±1.4","6,896","±953","7.4%","±1.0","3,253","±610","7.1%","±1.3","3,643","±622","7.6%","±1.3","3,057","±672","4.3%","±1.0","1,221","±410","3.4%","±1.1","1,836","±484","5.4%","±1.5","6,207","±827","6.1%","±0.8","3,862","±582","7.8%","±1.2","2,345","±633","4.5%","±1.2","16,652","±1,874","5.2%","±0.6","7,107","±1,166","4.5%","±0.7","9,545","±1,234","5.8%","±0.7","7,116","±944","6.4%","±0.9","3,088","±605","5.6%","±1.1","4,028","±638","7.3%","±1.2","53,272","±2,920","6.9%","±0.4","25,013","±1,727","6.8%","±0.5","28,259","±2,156","7.1%","±0.5","11,832","±1,529","7.1%","±0.9","5,762","±861","7.0%","±1.1","6,070","±996","7.1%","±1.2","5,540","±698","8.5%","±1.1","2,784","±491","8.9%","±1.6","2,756","±462","8.0%","±1.4","5,234","±1,038","5.6%","±1.1","2,467","±741","5.5%","±1.7","2,767","±609","5.8%","±1.3","4,352","±671","6.5%","±1.0","2,033","±470","5.9%","±1.4","2,319","±408","7.1%","±1.3","6,727","±1,091","5.1%","±0.8","2,477","±736","3.8%","±1.1","4,250","±699","6.3%","±1.0","20,984,053","±58,643","6.4%","±0.1","10,051,170","±38,298","6.2%","±0.1","10,932,883","±39,218","6.6%","±0.1"
"        65 to 69 years","6,302","±955","4.7%","±0.7","2,564","±674","3.8%","±1.0","3,738","±609","5.6%","±0.9","5,203","±1,047","6.4%","±1.3","2,851","±810","7.0%","±2.0","2,352","±493","5.8%","±1.2","5,654","±705","6.0%","±0.8","2,966","±475","6.5%","±1.0","2,688","±462","5.6%","±1.0","3,629","±745","5.2%","±1.1","1,799","±390","5.0%","±1.0","1,830","±511","5.3%","±1.6","6,410","±929","6.3%","±0.9","3,210","±548","6.5%","±1.1","3,200","±695","6.2%","±1.3","15,036","±1,265","4.7%","±0.4","6,695","±797","4.2%","±0.5","8,341","±970","5.1%","±0.6","5,624","±791","5.1%","±0.7","2,770","±548","5.0%","±1.0","2,854","±503","5.2%","±0.9","42,065","±2,025","5.5%","±0.3","18,636","±1,287","5.0%","±0.3","23,429","±1,543","5.9%","±0.4","8,389","±1,078","5.0%","±0.6","4,282","±639","5.2%","±0.8","4,107","±761","4.8%","±0.9","4,171","±780","6.4%","±1.2","1,976","±475","6.3%","±1.5","2,195","±462","6.4%","±1.3","5,105","±851","5.5%","±0.9","2,697","±516","6.0%","±1.1","2,408","±582","5.0%","±1.2","3,473","±658","5.2%","±1.0","2,040","±534","6.0%","±1.5","1,433","±324","4.4%","±1.0","4,981","±1,156","3.7%","±0.9","2,101","±693","3.2%","±1.1","2,880","±750","4.3%","±1.1","17,427,013","±47,420","5.3%","±0.1","8,191,111","±24,952","5.1%","±0.1","9,235,902","±35,359","5.5%","±0.1"
"        70 to 74 years","5,259","±1,015","3.9%","±0.8","2,819","±777","4.2%","±1.1","2,440","±600","3.7%","±0.9","3,192","±817","3.9%","±1.0","1,327","±442","3.3%","±1.1","1,865","±517","4.6%","±1.3","3,682","±755","3.9%","±0.8","1,600","±532","3.5%","±1.2","2,082","±444","4.4%","±0.9","1,894","±744","2.7%","±1.1","920","±475","2.5%","±1.3","974","±409","2.8%","±1.2","3,642","±797","3.6%","±0.8","1,471","±525","3.0%","±1.1","2,171","±615","4.2%","±1.2","11,440","±1,177","3.5%","±0.4","5,220","±760","3.3%","±0.5","6,220","±948","3.8%","±0.6","4,451","±1,029","4.0%","±0.9","2,065","±638","3.7%","±1.1","2,386","±653","4.3%","±1.2","34,290","±1,949","4.5%","±0.3","16,054","±1,219","4.3%","±0.3","18,236","±1,545","4.6%","±0.4","6,914","±1,045","4.1%","±0.6","3,004","±578","3.7%","±0.7","3,910","±760","4.6%","±0.9","2,936","±737","4.5%","±1.1","1,321","±420","4.2%","±1.3","1,615","±486","4.7%","±1.4","3,017","±794","3.2%","±0.9","1,172","±465","2.6%","±1.0","1,845","±517","3.9%","±1.1","2,948","±562","4.4%","±0.8","1,117","±296","3.3%","±0.9","1,831","±487","5.6%","±1.5","5,306","±820","4.0%","±0.6","2,727","±574","4.2%","±0.9","2,579","±562","3.8%","±0.8","14,148,548","±46,673","4.3%","±0.1","6,529,918","±26,161","4.0%","±0.1","7,618,630","±33,692","4.6%","±0.1"
"        75 to 79 years","2,670","±728","2.0%","±0.5","1,288","±416","1.9%","±0.6","1,382","±442","2.1%","±0.7","2,111","±463","2.6%","±0.6","1,180","±291","2.9%","±0.7","931","±322","2.3%","±0.8","2,041","±622","2.2%","±0.7","809","±302","1.8%","±0.7","1,232","±459","2.6%","±1.0","1,326","±372","1.9%","±0.5","532","±254","1.5%","±0.7","794","±270","2.3%","±0.8","2,871","±681","2.8%","±0.7","1,010","±354","2.0%","±0.7","1,861","±544","3.6%","±1.0","8,002","±1,061","2.5%","±0.3","3,426","±656","2.2%","±0.4","4,576","±860","2.8%","±0.5","2,954","±711","2.7%","±0.6","1,135","±400","2.0%","±0.7","1,819","±477","3.3%","±0.9","21,643","±2,073","2.8%","±0.3","8,731","±1,063","2.4%","±0.3","12,912","±1,456","3.3%","±0.4","3,490","±599","2.1%","±0.4","1,548","±397","1.9%","±0.5","1,942","±457","2.3%","±0.5","2,881","±758","4.4%","±1.2","1,282","±391","4.1%","±1.3","1,599","±588","4.7%","±1.7","2,809","±594","3.0%","±0.6","1,076","±371","2.4%","±0.8","1,733","±425","3.6%","±0.9","1,939","±522","2.9%","±0.8","840","±246","2.5%","±0.7","1,099","±416","3.4%","±1.3","3,578","±718","2.7%","±0.5","1,433","±402","2.2%","±0.6","2,145","±537","3.2%","±0.8","9,759,764","±34,984","3.0%","±0.1","4,367,764","±21,832","2.7%","±0.1","5,392,000","±29,716","3.2%","±0.1"
"        80 to 84 years","2,434","±723","1.8%","±0.5","850","±347","1.3%","±0.5","1,584","±475","2.4%","±0.7","1,221","±412","1.5%","±0.5","509","±251","1.2%","±0.6","712","±296","1.7%","±0.7","1,781","±538","1.9%","±0.6","773","±305","1.7%","±0.7","1,008","±359","2.1%","±0.8","1,416","±411","2.0%","±0.6","689","±276","1.9%","±0.8","727","±277","2.1%","±0.8","2,428","±608","2.4%","±0.6","1,365","±432","2.8%","±0.9","1,063","±459","2.0%","±0.9","5,369","±885","1.7%","±0.3","2,091","±564","1.3%","±0.4","3,278","±709","2.0%","±0.4","1,873","±675","1.7%","±0.6","948","±408","1.7%","±0.7","925","±389","1.7%","±0.7","14,391","±2,046","1.9%","±0.3","6,302","±1,157","1.7%","±0.3","8,089","±1,214","2.0%","±0.3","3,364","±731","2.0%","±0.4","1,340","±436","1.6%","±0.5","2,024","±573","2.4%","±0.7","1,592","±656","2.4%","±1.0","364","±261","1.2%","±0.8","1,228","±579","3.6%","±1.7","923","±359","1.0%","±0.4","417","±257","0.9%","±0.6","506","±292","1.1%","±0.6","1,121","±461","1.7%","±0.7","490","±308","1.4%","±0.9","631","±298","1.9%","±0.9","1,944","±583","1.5%","±0.4","765","±356","1.2%","±0.5","1,179","±413","1.7%","±0.6","6,380,474","±30,713","1.9%","±0.1","2,671,396","±20,367","1.7%","±0.1","3,709,078","±23,709","2.2%","±0.1"
"        85 years and over","1,815","±781","1.4%","±0.6","755","±394","1.1%","±0.6","1,060","±472","1.6%","±0.7","1,868","±526","2.3%","±0.6","559","±266","1.4%","±0.7","1,309","±443","3.2%","±1.1","2,281","±631","2.4%","±0.7","909","±319","2.0%","±0.7","1,372","±483","2.9%","±1.0","1,007","±375","1.4%","±0.5","157","±177","0.4%","±0.5","850","±380","2.5%","±1.1","2,095","±709","2.1%","±0.7","631","±369","1.3%","±0.7","1,464","±515","2.8%","±1.0","4,379","±881","1.4%","±0.3","1,619","±554","1.0%","±0.3","2,760","±680","1.7%","±0.4","1,487","±526","1.3%","±0.5","321","±255","0.6%","±0.5","1,166","±451","2.1%","±0.8","15,475","±1,789","2.0%","±0.2","4,695","±1,007","1.3%","±0.3","10,780","±1,143","2.7%","±0.3","2,612","±566","1.6%","±0.3","870","±339","1.1%","±0.4","1,742","±406","2.0%","±0.5","1,104","±510","1.7%","±0.8","438","±290","1.4%","±0.9","666","±438","1.9%","±1.3","1,301","±517","1.4%","±0.6","513","±290","1.1%","±0.6","788","±318","1.7%","±0.7","540","±244","0.8%","±0.4","171","±128","0.5%","±0.4","369","±197","1.1%","±0.6","1,054","±469","0.8%","±0.4","551","±349","0.8%","±0.5","503","±300","0.7%","±0.4","6,358,229","±34,321","1.9%","±0.1","2,284,092","±21,784","1.4%","±0.1","4,074,137","±26,417","2.4%","±0.1"
"    SELECTED AGE CATEGORIES","","","","","","","","","","","","","","","","","","","","","","","","","","","","","","","","","","","","","","","","","","","","","","","","","","","","","","","","","","","","","","","","","","","","","","","","","","","","","","","","","","","","","","","","","","","","","","","","","","","","","","","","","","","","","","","","","","","","","","","","","","","","","","","","","","","","","","","","","","","","","","","","","","","","","","","","","","","","","","","","","","","","","","","",""
"        5 to 14 years","19,093","±809","14.3%","±0.6","10,437","±770","15.6%","±1.1","8,656","±512","13.0%","±0.7","10,437","±358","12.8%","±0.4","5,341","±353","13.1%","±0.9","5,096","±400","12.5%","±0.9","10,672","±454","11.4%","±0.5","5,260","±326","11.5%","±0.6","5,412","±270","11.3%","±0.5","8,572","±1,050","12.2%","±1.5","4,474","±878","12.4%","±2.1","4,098","±783","12.0%","±2.2","14,193","±453","14.0%","±0.4","7,045","±335","14.2%","±0.7","7,148","±243","13.7%","±0.5","37,144","±5","11.5%","±0.1","18,990","±4","12.0%","±0.1","18,154","±2","11.0%","±0.1","14,922","±864","13.4%","±0.8","8,071","±536","14.5%","±0.8","6,851","±688","12.4%","±1.2","93,273","±338","12.2%","±0.1","47,856","±199","12.9%","±0.1","45,417","±195","11.5%","±0.1","22,138","±786","13.3%","±0.5","11,331","±583","13.9%","±0.6","10,807","±567","12.7%","±0.7","8,265","±449","12.6%","±0.7","4,455","±520","14.3%","±1.6","3,810","±502","11.1%","±1.4","10,513","±432","11.3%","±0.5","5,187","±212","11.5%","±0.5","5,326","±387","11.2%","±0.8","9,805","±253","14.7%","±0.4","4,822","±183","14.1%","±0.6","4,983","±200","15.3%","±0.5","16,540","±549","12.4%","±0.4","8,965","±801","13.7%","±1.1","7,575","±507","11.2%","±0.7","41,113,916","±36,636","12.5%","±0.1","21,020,831","±26,657","13.0%","±0.1","20,093,085","±23,965","12.1%","±0.1"
"        15 to 17 years","6,488","±420","4.9%","±0.3","3,119","±321","4.6%","±0.5","3,369","±545","5.1%","±0.8","3,176","±122","3.9%","±0.1","1,649","±122","4.0%","±0.3","1,527","±201","3.7%","±0.1","3,231","±237","3.5%","±0.3","1,699","±175","3.7%","±0.4","1,532","±167","3.2%","±0.4","3,885","±1,153","5.5%","±1.6","1,078","±866","3.0%","±2.3","2,807","±1,033","8.2%","±2.8","3,695","±242","3.6%","±0.2","1,816","±128","3.7%","±0.3","1,879","±216","3.6%","±0.4","10,719","±4","3.3%","±0.1","5,531","±701","3.5%","±0.4","5,188","±701","3.1%","±0.4","4,804","±625","4.3%","±0.6","2,375","±374","4.3%","±0.6","2,429","±430","4.4%","±0.8","27,715","±71","3.6%","±0.1","13,726","±395","3.7%","±0.1","13,989","±398","3.5%","±0.1","6,296","±184","3.8%","±0.1","3,217","±244","3.9%","±0.3","3,079","±277","3.6%","±0.3","2,269","±275","3.5%","±0.4","878","±414","2.8%","±1.3","1,391","±382","4.1%","±1.1","3,127","±268","3.4%","±0.3","1,642","±198","3.6%","±0.4","1,485","±196","3.1%","±0.4","3,209","±162","4.8%","±0.2","1,647","±142","4.8%","±0.4","1,562","±115","4.8%","±0.3","5,364","±489","4.0%","±0.4","2,505","±427","3.8%","±0.6","2,859","±495","4.2%","±0.7","12,449,034","±17,681","3.8%","±0.1","6,361,859","±15,524","3.9%","±0.1","6,087,175","±18,014","3.7%","±0.1"
"        Under 18 years","34,516","*****","25.8%","*****","18,675","±781","27.8%","±0.9","15,841","±781","23.8%","±1.0","17,521","±309","21.5%","±0.4","8,971","±278","22.0%","±0.7","8,550","±426","20.9%","±1.0","19,451","±83","20.8%","±0.1","9,835","±284","21.5%","±0.5","9,616","±288","20.1%","±0.5","19,037","±220","27.0%","±0.3","9,028","±1,368","24.9%","±2.9","10,009","±1,347","29.2%","±2.8","24,653","*****","24.3%","*****","12,581","±274","25.4%","±0.4","12,072","±274","23.2%","±0.4","67,342","±388","20.8%","±0.1","34,666","±774","21.9%","±0.4","32,676","±728","19.8%","±0.4","26,848","±541","24.2%","±0.5","14,498","±631","26.1%","±0.8","12,350","±513","22.3%","±0.8","168,554","±316","22.0%","±0.1","86,002","±438","23.2%","±0.1","82,552","±451","20.8%","±0.1","39,420","*****","23.6%","*****","19,512","±672","23.9%","±0.6","19,908","±672","23.4%","±0.6","14,799","±493","22.6%","±0.8","7,552","±548","24.3%","±1.5","7,247","±592","21.1%","±1.5","19,219","±482","20.7%","±0.5","9,755","±431","21.6%","±0.7","9,464","±335","19.8%","±0.6","16,483","±393","24.7%","±0.6","8,007","±226","23.4%","±0.7","8,476","±447","26.0%","±1.2","30,376","*****","22.9%","*****","15,796","±763","24.2%","±0.9","14,580","±764","21.6%","±0.9","72,967,785","±33,143","22.2%","±0.1","37,321,627","±29,379","23.1%","±0.1","35,646,158","±31,293","21.4%","±0.1"
"        18 to 24 years","11,637","±1,169","8.7%","±0.9","5,679","±744","8.5%","±1.1","5,958","±521","9.0%","±0.8","6,166","±330","7.5%","±0.4","3,280","±301","8.0%","±0.7","2,886","±164","7.1%","±0.4","9,342","±427","10.0%","±0.5","4,506","±352","9.8%","±0.7","4,836","±363","10.1%","±0.7","10,208","±977","14.5%","±1.4","6,811","±703","18.8%","±2.1","3,397","±613","9.9%","±1.7","7,872","±519","7.8%","±0.5","4,111","±430","8.3%","±0.9","3,761","±213","7.2%","±0.4","44,233","±686","13.7%","±0.2","21,608","±445","13.6%","±0.3","22,625","±476","13.7%","±0.3","9,527","±680","8.6%","±0.6","5,580","±528","10.0%","±1.0","3,947","±460","7.1%","±0.8","65,212","±190","8.5%","±0.1","33,019","±190","8.9%","±0.1","32,193","±2","8.1%","±0.1","14,456","±900","8.7%","±0.5","7,685","±683","9.4%","±0.8","6,771","±609","7.9%","±0.7","5,124","±729","7.8%","±1.1","2,600","±503","8.4%","±1.6","2,524","±504","7.4%","±1.5","16,684","±797","17.9%","±0.9","7,698","±562","17.0%","±1.2","8,986","±547","18.8%","±1.0","5,387","±381","8.1%","±0.6","2,792","±286","8.2%","±0.8","2,595","±327","8.0%","±1.0","21,372","±1,068","16.1%","±0.8","10,007","±794","15.3%","±1.2","11,365","±510","16.8%","±0.7","30,373,170","±42,282","9.3%","±0.1","15,556,254","±26,205","9.6%","±0.1","14,816,916","±25,476","8.9%","±0.1"
"        15 to 44 years","52,254","±1,036","39.1%","±0.8","25,853","±743","38.5%","±1.1","26,401","±741","39.7%","±0.9","31,204","±794","38.2%","±1.0","15,795","±535","38.7%","±1.3","15,409","±463","37.7%","±1.0","37,370","±442","39.9%","±0.5","18,568","±430","40.6%","±0.8","18,802","±422","39.3%","±0.7","33,503","±1,528","47.5%","±2.2","18,249","±1,059","50.4%","±2.8","15,254","±1,084","44.6%","±2.5","37,611","±527","37.1%","±0.5","18,635","±354","37.7%","±0.7","18,976","±333","36.5%","±0.6","148,307","±980","45.9%","±0.3","74,700","±1,175","47.2%","±0.6","73,607","±987","44.7%","±0.5","44,025","±752","39.7%","±0.7","22,303","±657","40.2%","±0.9","21,722","±907","39.2%","±1.5","302,587","±359","39.5%","±0.1","150,649","±484","40.7%","±0.1","151,938","±469","38.3%","±0.1","66,904","±685","40.1%","±0.4","33,535","±624","41.0%","±0.9","33,369","±551","39.2%","±0.7","22,449","±698","34.3%","±1.1","10,798","±613","34.7%","±1.7","11,651","±718","34.0%","±1.9","42,589","±586","45.8%","±0.6","21,140","±561","46.7%","±1.1","21,449","±638","44.9%","±0.9","24,416","±620","36.6%","±0.9","13,290","±592","38.9%","±1.4","11,126","±397","34.1%","±1.0","61,566","±934","46.3%","±0.7","29,973","±816","45.9%","±1.2","31,593","±738","46.7%","±0.9","130,315,524","±37,167","39.7%","±0.1","65,938,127","±31,255","40.8%","±0.1","64,377,397","±34,232","38.6%","±0.1"
"        16 years and over","103,800","±830","77.7%","±0.6","50,537","±753","75.3%","±1.1","53,263","±801","80.1%","±1.2","67,096","±355","82.1%","±0.4","33,328","±545","81.7%","±1.0","33,768","±509","82.6%","±1.0","76,274","±373","81.5%","±0.4","37,094","±547","81.1%","±0.7","39,180","±580","81.9%","±0.9","54,425","±1,099","77.2%","±1.6","28,018","±924","77.3%","±2.5","26,407","±1,107","77.1%","±2.4","78,685","±490","77.5%","±0.5","38,104","±464","77.0%","±0.9","40,581","±254","78.0%","±0.6","262,965","±1,050","81.4%","±0.3","127,591","±557","80.6%","±0.4","135,374","±1,035","82.1%","±0.5","87,201","±769","78.6%","±0.7","42,639","±706","76.8%","±1.0","44,562","±993","80.4%","±1.1","617,069","±1,336","80.5%","±0.2","293,134","±1,093","79.2%","±0.3","323,935","±901","81.7%","±0.2","131,669","±506","78.8%","±0.3","64,330","±369","78.7%","±0.8","67,339","±378","79.0%","±0.8","51,880","±599","79.3%","±0.9","23,869","±439","76.7%","±1.6","28,011","±549","81.7%","±1.8","75,681","±444","81.4%","±0.5","36,676","±649","81.1%","±0.7","39,005","±690","81.7%","±0.8","52,365","±566","78.4%","±0.8","27,250","±658","79.7%","±0.9","25,115","±563","77.0%","±1.4","106,524","±723","80.2%","±0.5","51,596","±512","79.0%","±1.0","54,928","±593","81.3%","±1.0","263,534,161","±52,161","80.3%","±0.1","128,496,159","±42,201","79.5%","±0.1","135,038,002","±37,248","81.0%","±0.1"
"        18 years and over","99,065","*****","74.2%","*****","48,425","±580","72.2%","±0.9","50,640","±580","76.2%","±1.0","64,155","±309","78.5%","±0.4","31,806","±515","78.0%","±0.7","32,349","±494","79.1%","±1.0","74,133","±83","79.2%","±0.1","35,920","±544","78.5%","±0.5","38,213","±537","79.9%","±0.5","51,424","±220","73.0%","±0.3","27,195","±372","75.1%","±2.9","24,229","±442","70.8%","±2.8","76,858","*****","75.7%","*****","36,898","±89","74.6%","±0.4","39,960","±89","76.8%","±0.4","255,810","±388","79.2%","±0.1","123,667","±220","78.1%","±0.4","132,143","±501","80.2%","±0.4","84,110","±541","75.8%","±0.5","41,051","±482","73.9%","±0.8","43,059","±777","77.7%","±0.8","598,203","±316","78.0%","±0.1","284,108","±364","76.8%","±0.1","314,095","±264","79.2%","±0.1","127,578","*****","76.4%","*****","62,271","±191","76.1%","±0.6","65,307","±191","76.6%","±0.6","50,619","±493","77.4%","±0.8","23,578","±353","75.7%","±1.5","27,041","±407","78.9%","±1.5","73,768","±482","79.3%","±0.5","35,475","±582","78.4%","±0.7","38,293","±726","80.2%","±0.6","50,316","±393","75.3%","±0.6","26,192","±618","76.6%","±0.7","24,124","±563","74.0%","±1.2","102,520","*****","77.1%","*****","49,517","±201","75.8%","±0.9","53,003","±201","78.4%","±0.9","255,271,738","±33,143","77.8%","±0.1","124,267,346","±30,268","76.9%","±0.1","131,004,392","±22,770","78.6%","±0.1"
"        21 years and over","93,463","±1,223","70.0%","±0.9","45,391","±1,304","67.6%","±1.8","48,072","±860","72.3%","±1.4","60,754","±727","74.4%","±0.9","30,054","±625","73.7%","±1.1","30,700","±682","75.1%","±1.5","70,016","±789","74.8%","±0.8","33,981","±589","74.3%","±1.0","36,035","±786","75.3%","±1.5","47,815","±914","67.9%","±1.3","24,890","±748","68.7%","±3.3","22,925","±602","67.0%","±3.1","74,077","±528","73.0%","±0.5","35,683","±498","72.1%","±1.1","38,394","±358","73.8%","±0.7","237,683","±1,547","73.6%","±0.5","114,762","±1,230","72.5%","±0.8","122,921","±1,185","74.6%","±0.8","79,907","±879","72.0%","±0.8","38,881","±730","70.0%","±1.5","41,026","±826","74.0%","±1.3","570,553","±1,736","74.4%","±0.2","269,836","±1,246","72.9%","±0.3","300,717","±1,258","75.8%","±0.3","121,200","±860","72.6%","±0.5","58,665","±803","71.7%","±1.2","62,535","±515","73.4%","±0.8","48,325","±1,001","73.9%","±1.5","22,132","±805","71.1%","±2.9","26,193","±586","76.4%","±1.9","66,287","±973","71.3%","±1.0","32,059","±891","70.9%","±1.6","34,228","±778","71.7%","±1.4","48,007","±836","71.9%","±1.3","24,888","±814","72.8%","±1.6","23,119","±750","70.9%","±2.0","91,759","±1,497","69.0%","±1.1","44,750","±1,064","68.5%","±1.8","47,009","±1,200","69.6%","±2.0","241,886,206","±83,337","73.7%","±0.1","117,407,269","±52,190","72.7%","±0.1","124,478,937","±51,300","74.7%","±0.1"
"        60 years and over","27,390","±1,169","20.5%","±0.9","12,831","±862","19.1%","±1.3","14,559","±815","21.9%","±1.2","19,792","±1,330","24.2%","±1.6","9,329","±1,079","22.9%","±2.6","10,463","±661","25.6%","±1.7","22,335","±1,039","23.9%","±1.1","10,310","±709","22.5%","±1.5","12,025","±665","25.1%","±1.4","12,329","±804","17.5%","±1.1","5,318","±496","14.7%","±1.5","7,011","±533","20.5%","±1.9","23,653","±778","23.3%","±0.8","11,549","±588","23.3%","±1.2","12,104","±612","23.3%","±1.2","60,878","±1,833","18.8%","±0.6","26,158","±1,176","16.5%","±0.7","34,720","±1,228","21.1%","±0.7","23,505","±965","21.2%","±0.9","10,327","±660","18.6%","±1.2","13,178","±611","23.8%","±1.2","181,136","±2,930","23.6%","±0.4","79,431","±1,767","21.5%","±0.5","101,705","±2,167","25.6%","±0.5","36,601","±1,597","21.9%","±1.0","16,806","±879","20.5%","±1.1","19,795","±1,011","23.2%","±1.2","18,224","±811","27.9%","±1.2","8,165","±539","26.2%","±1.8","10,059","±569","29.3%","±1.8","18,389","±1,069","19.8%","±1.2","8,342","±762","18.4%","±1.7","10,047","±678","21.0%","±1.4","14,373","±920","21.5%","±1.4","6,691","±653","19.6%","±1.9","7,682","±583","23.6%","±1.8","23,590","±1,160","17.8%","±0.9","10,054","±741","15.4%","±1.1","13,536","±756","20.0%","±1.2","75,058,081","±67,159","22.9%","±0.1","34,095,451","±41,662","21.1%","±0.1","40,962,630","±43,999","24.6%","±0.1"
"        62 years and over","22,625","±915","16.9%","±0.7","11,079","±755","16.5%","±1.1","11,546","±526","17.4%","±0.8","17,172","±1,293","21.0%","±1.6","8,195","±1,040","20.1%","±2.5","8,977","±703","21.9%","±1.8","19,271","±997","20.6%","±1.1","8,552","±628","18.7%","±1.3","10,719","±674","22.4%","±1.5","11,176","±659","15.9%","±0.9","4,975","±454","13.7%","±1.4","6,201","±455","18.1%","±1.5","21,115","±697","20.8%","±0.7","10,135","±631","20.5%","±1.3","10,980","±402","21.1%","±0.8","53,853","±1,741","16.7%","±0.5","23,058","±1,054","14.6%","±0.7","30,795","±1,094","18.7%","±0.7","20,679","±1,170","18.6%","±1.1","9,194","±741","16.6%","±1.3","11,485","±729","20.7%","±1.4","157,450","±2,560","20.5%","±0.3","68,729","±1,627","18.6%","±0.4","88,721","±1,564","22.4%","±0.4","32,480","±1,470","19.4%","±0.9","14,316","±881","17.5%","±1.1","18,164","±1,054","21.3%","±1.3","15,942","±758","24.4%","±1.2","6,925","±534","22.2%","±1.8","9,017","±460","26.3%","±1.4","16,041","±830","17.3%","±0.9","7,263","±528","16.1%","±1.2","8,778","±639","18.4%","±1.3","12,837","±888","19.2%","±1.3","6,111","±566","17.9%","±1.7","6,726","±592","20.6%","±1.8","21,210","±948","16.0%","±0.7","9,303","±687","14.2%","±1.1","11,907","±750","17.6%","±1.2","66,395,660","±61,054","20.2%","±0.1","29,927,016","±35,972","18.5%","±0.1","36,468,644","±40,373","21.9%","±0.1"
"        65 years and over","18,480","±388","13.8%","±0.3","8,276","±333","12.3%","±0.5","10,204","±173","15.3%","±0.3","13,595","±798","16.6%","±1.0","6,426","±699","15.8%","±1.6","7,169","±418","17.5%","±1.0","15,439","±424","16.5%","±0.5","7,057","±394","15.4%","±0.8","8,382","±167","17.5%","±0.4","9,272","±460","13.2%","±0.7","4,097","±367","11.3%","±1.1","5,175","±195","15.1%","±0.9","17,446","±406","17.2%","±0.4","7,687","±220","15.5%","±0.4","9,759","±297","18.8%","±0.6","44,226","±485","13.7%","±0.2","19,051","±323","12.0%","±0.2","25,175","±303","15.3%","±0.2","16,389","±840","14.8%","±0.8","7,239","±509","13.0%","±0.9","9,150","±451","16.5%","±0.8","127,864","±194","16.7%","±0.1","54,418","±139","14.7%","±0.1","73,446","±236","18.5%","±0.1","24,769","±464","14.8%","±0.3","11,044","±311","13.5%","±0.4","13,725","±292","16.1%","±0.4","12,684","±357","19.4%","±0.5","5,381","±224","17.3%","±0.7","7,303","±304","21.3%","±1.0","13,155","±288","14.1%","±0.3","5,875","±246","13.0%","±0.5","7,280","±251","15.2%","±0.5","10,021","±556","15.0%","±0.8","4,658","±437","13.6%","±1.3","5,363","±410","16.5%","±1.3","16,863","±779","12.7%","±0.6","7,577","±384","11.6%","±0.6","9,286","±463","13.7%","±0.7","54,074,028","±24,915","16.5%","±0.1","24,044,281","±16,352","14.9%","±0.1","30,029,747","±17,170","18.0%","±0.1"
"        75 years and over","6,919","±95","5.2%","±0.1","2,893","±201","4.3%","±0.1","4,026","±95","6.1%","±0.2","5,200","±251","6.4%","±0.3","2,248","±201","5.5%","±0.1","2,952","±251","7.2%","±0.6","6,103","±224","6.5%","±0.2","2,491","±203","5.4%","±0.4","3,612","±118","7.6%","±0.3","3,749","±255","5.3%","±0.4","1,378","±93","3.8%","±0.3","2,371","±238","6.9%","±0.7","7,394","±219","7.3%","±0.2","3,006","±147","6.1%","±0.3","4,388","±125","8.4%","±0.3","17,750","±536","5.5%","±0.2","7,136","±520","4.5%","±0.3","10,614","±191","6.4%","±0.1","6,314","±406","5.7%","±0.4","2,404","±96","4.3%","±0.2","3,910","±392","7.1%","±0.7","51,509","±470","6.7%","±0.1","19,728","±265","5.3%","±0.1","31,781","±309","8.0%","±0.1","9,466","±332","5.7%","±0.2","3,758","±160","4.6%","±0.2","5,708","±278","6.7%","±0.3","5,577","±231","8.5%","±0.4","2,084","±68","6.7%","±0.2","3,493","±225","10.2%","±0.7","5,033","±150","5.4%","±0.2","2,006","±201","4.4%","±0.1","3,027","±150","6.3%","±0.3","3,600","±336","5.4%","±0.5","1,501","±182","4.4%","±0.5","2,099","±270","6.4%","±0.8","6,576","±202","4.9%","±0.2","2,749","±154","4.2%","±0.3","3,827","±106","5.7%","±0.2","22,498,467","±13,862","6.9%","±0.1","9,323,252","±10,172","5.8%","±0.1","13,175,215","±10,962","7.9%","±0.1"
"    SUMMARY INDICATORS","","","","","","","","","","","","","","","","","","","","","","","","","","","","","","","","","","","","","","","","","","","","","","","","","","","","","","","","","","","","","","","","","","","","","","","","","","","","","","","","","","","","","","","","","","","","","","","","","","","","","","","","","","","","","","","","","","","","","","","","","","","","","","","","","","","","","","","","","","","","","","","","","","","","","","","","","","","","","","","","","","","","","","","",""
"        Median age (years)","37.6","±0.8","(X)","(X)","36.4","±1.0","(X)","(X)","38.5","±1.0","(X)","(X)","41.3","±0.7","(X)","(X)","41.1","±1.7","(X)","(X)","41.4","±0.8","(X)","(X)","38.3","±0.6","(X)","(X)","37.9","±1.2","(X)","(X)","39.2","±1.3","(X)","(X)","28.1","±0.7","(X)","(X)","26.7","±0.7","(X)","(X)","31.5","±2.2","(X)","(X)","39.0","±1.0","(X)","(X)","38.6","±0.7","(X)","(X)","39.8","±1.4","(X)","(X)","35.0","±0.2","(X)","(X)","34.0","±0.3","(X)","(X)","36.0","±0.5","(X)","(X)","38.1","±0.7","(X)","(X)","35.7","±1.2","(X)","(X)","39.6","±1.7","(X)","(X)","38.5","±0.4","(X)","(X)","36.7","±0.3","(X)","(X)","40.3","±0.4","(X)","(X)","37.8","±0.7","(X)","(X)","37.1","±1.0","(X)","(X)","38.3","±0.8","(X)","(X)","42.7","±1.1","(X)","(X)","39.8","±4.4","(X)","(X)","43.9","±1.3","(X)","(X)","34.2","±0.8","(X)","(X)","34.1","±1.5","(X)","(X)","34.7","±1.3","(X)","(X)","39.9","±1.1","(X)","(X)","39.6","±0.9","(X)","(X)","40.9","±3.2","(X)","(X)","33.4","±0.8","(X)","(X)","32.0","±1.0","(X)","(X)","34.4","±0.5","(X)","(X)","38.5","±0.1","(X)","(X)","37.2","±0.1","(X)","(X)","39.8","±0.1","(X)","(X)"
"        Sex ratio (males per 100 females)","100.9","±2.4","(X)","(X)","(X)","(X)","(X)","(X)","(X)","(X)","(X)","(X)","99.7","±2.5","(X)","(X)","(X)","(X)","(X)","(X)","(X)","(X)","(X)","(X)","95.7","±2.8","(X)","(X)","(X)","(X)","(X)","(X)","(X)","(X)","(X)","(X)","105.8","±8.1","(X)","(X)","(X)","(X)","(X)","(X)","(X)","(X)","(X)","(X)","95.1","±1.1","(X)","(X)","(X)","(X)","(X)","(X)","(X)","(X)","(X)","(X)","96.1","±1.0","(X)","(X)","(X)","(X)","(X)","(X)","(X)","(X)","(X)","(X)","100.3","±3.1","(X)","(X)","(X)","(X)","(X)","(X)","(X)","(X)","(X)","(X)","93.3","±0.2","(X)","(X)","(X)","(X)","(X)","(X)","(X)","(X)","(X)","(X)","96.0","±1.6","(X)","(X)","(X)","(X)","(X)","(X)","(X)","(X)","(X)","(X)","90.8","±2.9","(X)","(X)","(X)","(X)","(X)","(X)","(X)","(X)","(X)","(X)","94.7","±3.2","(X)","(X)","(X)","(X)","(X)","(X)","(X)","(X)","(X)","(X)","104.9","±3.8","(X)","(X)","(X)","(X)","(X)","(X)","(X)","(X)","(X)","(X)","96.6","±2.3","(X)","(X)","(X)","(X)","(X)","(X)","(X)","(X)","(X)","(X)","97.0","±0.1","(X)","(X)","(X)","(X)","(X)","(X)","(X)","(X)","(X)","(X)"
"        Age dependency ratio","65.8","±0.8","(X)","(X)","(X)","(X)","(X)","(X)","(X)","(X)","(X)","(X)","61.5","±2.5","(X)","(X)","(X)","(X)","(X)","(X)","(X)","(X)","(X)","(X)","59.4","±1.2","(X)","(X)","(X)","(X)","(X)","(X)","(X)","(X)","(X)","(X)","67.2","±2.0","(X)","(X)","(X)","(X)","(X)","(X)","(X)","(X)","(X)","(X)","70.9","±1.2","(X)","(X)","(X)","(X)","(X)","(X)","(X)","(X)","(X)","(X)","52.7","±0.4","(X)","(X)","(X)","(X)","(X)","(X)","(X)","(X)","(X)","(X)","63.8","±2.4","(X)","(X)","(X)","(X)","(X)","(X)","(X)","(X)","(X)","(X)","63.0","±0.1","(X)","(X)","(X)","(X)","(X)","(X)","(X)","(X)","(X)","(X)","62.4","±0.7","(X)","(X)","(X)","(X)","(X)","(X)","(X)","(X)","(X)","(X)","72.4","±2.4","(X)","(X)","(X)","(X)","(X)","(X)","(X)","(X)","(X)","(X)","53.4","±1.3","(X)","(X)","(X)","(X)","(X)","(X)","(X)","(X)","(X)","(X)","65.8","±2.2","(X)","(X)","(X)","(X)","(X)","(X)","(X)","(X)","(X)","(X)","55.1","±1.4","(X)","(X)","(X)","(X)","(X)","(X)","(X)","(X)","(X)","(X)","63.1","±0.1","(X)","(X)","(X)","(X)","(X)","(X)","(X)","(X)","(X)","(X)"
"        Old-age dependency ratio","22.9","±0.6","(X)","(X)","(X)","(X)","(X)","(X)","(X)","(X)","(X)","(X)","26.9","±2.0","(X)","(X)","(X)","(X)","(X)","(X)","(X)","(X)","(X)","(X)","26.3","±0.9","(X)","(X)","(X)","(X)","(X)","(X)","(X)","(X)","(X)","(X)","22.0","±1.3","(X)","(X)","(X)","(X)","(X)","(X)","(X)","(X)","(X)","(X)","29.4","±0.9","(X)","(X)","(X)","(X)","(X)","(X)","(X)","(X)","(X)","(X)","20.9","±0.3","(X)","(X)","(X)","(X)","(X)","(X)","(X)","(X)","(X)","(X)","24.2","±1.5","(X)","(X)","(X)","(X)","(X)","(X)","(X)","(X)","(X)","(X)","27.2","±0.1","(X)","(X)","(X)","(X)","(X)","(X)","(X)","(X)","(X)","(X)","24.1","±0.6","(X)","(X)","(X)","(X)","(X)","(X)","(X)","(X)","(X)","(X)","33.4","±1.2","(X)","(X)","(X)","(X)","(X)","(X)","(X)","(X)","(X)","(X)","21.7","±0.6","(X)","(X)","(X)","(X)","(X)","(X)","(X)","(X)","(X)","(X)","24.9","±1.6","(X)","(X)","(X)","(X)","(X)","(X)","(X)","(X)","(X)","(X)","19.7","±1.1","(X)","(X)","(X)","(X)","(X)","(X)","(X)","(X)","(X)","(X)","26.9","±0.1","(X)","(X)","(X)","(X)","(X)","(X)","(X)","(X)","(X)","(X)"
"        Child dependency ratio","42.8","±0.2","(X)","(X)","(X)","(X)","(X)","(X)","(X)","(X)","(X)","(X)","34.7","±0.9","(X)","(X)","(X)","(X)","(X)","(X)","(X)","(X)","(X)","(X)","33.1","±0.3","(X)","(X)","(X)","(X)","(X)","(X)","(X)","(X)","(X)","(X)","45.2","±0.9","(X)","(X)","(X)","(X)","(X)","(X)","(X)","(X)","(X)","(X)","41.5","±0.3","(X)","(X)","(X)","(X)","(X)","(X)","(X)","(X)","(X)","(X)","31.8","±0.2","(X)","(X)","(X)","(X)","(X)","(X)","(X)","(X)","(X)","(X)","39.6","±1.2","(X)","(X)","(X)","(X)","(X)","(X)","(X)","(X)","(X)","(X)","35.8","±0.1","(X)","(X)","(X)","(X)","(X)","(X)","(X)","(X)","(X)","(X)","38.3","±0.2","(X)","(X)","(X)","(X)","(X)","(X)","(X)","(X)","(X)","(X)","39.0","±1.7","(X)","(X)","(X)","(X)","(X)","(X)","(X)","(X)","(X)","(X)","31.7","±1.0","(X)","(X)","(X)","(X)","(X)","(X)","(X)","(X)","(X)","(X)","40.9","±1.3","(X)","(X)","(X)","(X)","(X)","(X)","(X)","(X)","(X)","(X)","35.5","±0.3","(X)","(X)","(X)","(X)","(X)","(X)","(X)","(X)","(X)","(X)","36.3","±0.1","(X)","(X)","(X)","(X)","(X)","(X)","(X)","(X)","(X)","(X)"
"    PERCENT ALLOCATED","","","","","","","","","","","","","","","","","","","","","","","","","","","","","","","","","","","","","","","","","","","","","","","","","","","","","","","","","","","","","","","","","","","","","","","","","","","","","","","","","","","","","","","","","","","","","","","","","","","","","","","","","","","","","","","","","","","","","","","","","","","","","","","","","","","","","","","","","","","","","","","","","","","","","","","","","","","","","","","","","","","","","","","",""
"        Sex","(X)","(X)","0.1%","(X)","(X)","(X)","(X)","(X)","(X)","(X)","(X)","(X)","(X)","(X)","0.2%","(X)","(X)","(X)","(X)","(X)","(X)","(X)","(X)","(X)","(X)","(X)","0.1%","(X)","(X)","(X)","(X)","(X)","(X)","(X)","(X)","(X)","(X)","(X)","0.0%","(X)","(X)","(X)","(X)","(X)","(X)","(X)","(X)","(X)","(X)","(X)","0.0%","(X)","(X)","(X)","(X)","(X)","(X)","(X)","(X)","(X)","(X)","(X)","0.0%","(X)","(X)","(X)","(X)","(X)","(X)","(X)","(X)","(X)","(X)","(X)","0.0%","(X)","(X)","(X)","(X)","(X)","(X)","(X)","(X)","(X)","(X)","(X)","0.1%","(X)","(X)","(X)","(X)","(X)","(X)","(X)","(X)","(X)","(X)","(X)","0.0%","(X)","(X)","(X)","(X)","(X)","(X)","(X)","(X)","(X)","(X)","(X)","0.0%","(X)","(X)","(X)","(X)","(X)","(X)","(X)","(X)","(X)","(X)","(X)","0.0%","(X)","(X)","(X)","(X)","(X)","(X)","(X)","(X)","(X)","(X)","(X)","0.0%","(X)","(X)","(X)","(X)","(X)","(X)","(X)","(X)","(X)","(X)","(X)","0.0%","(X)","(X)","(X)","(X)","(X)","(X)","(X)","(X)","(X)","(X)","(X)","0.1%","(X)","(X)","(X)","(X)","(X)","(X)","(X)","(X)","(X)"
"        Age","(X)","(X)","1.1%","(X)","(X)","(X)","(X)","(X)","(X)","(X)","(X)","(X)","(X)","(X)","1.7%","(X)","(X)","(X)","(X)","(X)","(X)","(X)","(X)","(X)","(X)","(X)","0.6%","(X)","(X)","(X)","(X)","(X)","(X)","(X)","(X)","(X)","(X)","(X)","2.1%","(X)","(X)","(X)","(X)","(X)","(X)","(X)","(X)","(X)","(X)","(X)","2.5%","(X)","(X)","(X)","(X)","(X)","(X)","(X)","(X)","(X)","(X)","(X)","0.9%","(X)","(X)","(X)","(X)","(X)","(X)","(X)","(X)","(X)","(X)","(X)","0.5%","(X)","(X)","(X)","(X)","(X)","(X)","(X)","(X)","(X)","(X)","(X)","1.1%","(X)","(X)","(X)","(X)","(X)","(X)","(X)","(X)","(X)","(X)","(X)","0.6%","(X)","(X)","(X)","(X)","(X)","(X)","(X)","(X)","(X)","(X)","(X)","0.8%","(X)","(X)","(X)","(X)","(X)","(X)","(X)","(X)","(X)","(X)","(X)","2.0%","(X)","(X)","(X)","(X)","(X)","(X)","(X)","(X)","(X)","(X)","(X)","1.0%","(X)","(X)","(X)","(X)","(X)","(X)","(X)","(X)","(X)","(X)","(X)","0.6%","(X)","(X)","(X)","(X)","(X)","(X)","(X)","(X)","(X)","(X)","(X)","1.7%","(X)","(X)","(X)","(X)","(X)","(X)","(X)","(X)","(X)"