"Label","Ascension Parish, Louisiana!!Total!!Estimate","Ascension Parish, Louisiana!!Total!!Margin of Error","Ascension Parish, Louisiana!!Percent!!Estimate","Ascension Parish, Louisiana!!Percent!!Margin of Error","Ascension Parish, Louisiana!!Male!!Estimate","Ascension Parish, Louisiana!!Male!!Margin of Error","Ascension Parish, Louisiana!!Percent Male!!Estimate","Ascension Parish, Louisiana!!Percent Male!!Margin of Error","Ascension Parish, Louisiana!!Female!!Estimate","Ascension Parish, Louisiana!!Female!!Margin of Error","Ascension Parish, Louisiana!!Percent Female!!Estimate","Ascension Parish, Louisiana!!Percent Female!!Margin of Error","Bossier Parish, Louisiana!!Total!!Estimate","Bossier Parish, Louisiana!!Total!!Margin of Error","Bossier Parish, Louisiana!!Percent!!Estimate","Bossier Parish, Louisiana!!Percent!!Margin of Error","Bossier Parish, Louisiana!!Male!!Estimate","Bossier Parish, Louisiana!!Male!!Margin of Error","Bossier Parish, Louisiana!!Percent Male!!Estimate","Bossier Parish, Louisiana!!Percent Male!!Margin of Error","Bossier Parish, Louisiana!!Female!!Estimate","Bossier Parish, Louisiana!!Female!!Margin of Error","Bossier Parish, Louisiana!!Percent Female!!Estimate","Bossier Parish, Louisiana!!Percent Female!!Margin of Error","Caddo Parish, Louisiana!!Total!!Estimate","Caddo Parish, Louisiana!!Total!!Margin of Error","Caddo Parish, Louisiana!!Percent!!Estimate","Caddo Parish, Louisiana!!Percent!!Margin of Error","Caddo Parish, Louisiana!!Male!!Estimate","Caddo Parish, Louisiana!!Male!!Margin of Error","Caddo Parish, Louisiana!!Percent Male!!Estimate","Caddo Parish, Louisiana!!Percent Male!!Margin of Error","Caddo Parish, Louisiana!!Female!!Estimate","Caddo Parish, Louisiana!!Female!!Margin of Error","Caddo Parish, Louisiana!!Percent Female!!Estimate","Caddo Parish, Louisiana!!Percent Female!!Margin of Error","Calcasieu Parish, Louisiana!!Total!!Estimate","Calcasieu Parish, Louisiana!!Total!!Margin of Error","Calcasieu Parish, Louisiana!!Percent!!Estimate","Calcasieu Parish, Louisiana!!Percent!!Margin of Error","Calcasieu Parish, Louisiana!!Male!!Estimate","Calcasieu Parish, Louisiana!!Male!!Margin of Error","Calcasieu Parish, Louisiana!!Percent Male!!Estimate","Calcasieu Parish, Louisiana!!Percent Male!!Margin of Error","Calcasieu Parish, Louisiana!!Female!!Estimate","Calcasieu Parish, Louisiana!!Female!!Margin of Error","Calcasieu Parish, Louisiana!!Percent Female!!Estimate","Calcasieu Parish, Louisiana!!Percent Female!!Margin of Error","East Baton Rouge Parish, Louisiana!!Total!!Estimate","East Baton Rouge Parish, Louisiana!!Total!!Margin of Error","East Baton Rouge Parish, Louisiana!!Percent!!Estimate","East Baton Rouge Parish, Louisiana!!Percent!!Margin of Error","East Baton Rouge Parish, Louisiana!!Male!!Estimate","East Baton Rouge Parish, Louisiana!!Male!!Margin of Error","East Baton Rouge Parish, Louisiana!!Percent Male!!Estimate","East Baton Rouge Parish, Louisiana!!Percent Male!!Margin of Error","East Baton Rouge Parish, Louisiana!!Female!!Estimate","East Baton Rouge Parish, Louisiana!!Female!!Margin of Error","East Baton Rouge Parish, Louisiana!!Percent Female!!Estimate","East Baton Rouge Parish, Louisiana!!Percent Female!!Margin of Error","Iberia Parish, Louisiana!!Total!!Estimate","Iberia Parish, Louisiana!!Total!!Margin of Error","Iberia Parish, Louisiana!!Percent!!Estimate","Iberia Parish, Louisiana!!Percent!!Margin of Error","Iberia Parish, Louisiana!!Male!!Estimate","Iberia Parish, Louisiana!!Male!!Margin of Error","Iberia Parish, Louisiana!!Percent Male!!Estimate","Iberia Parish, Louisiana!!Percent Male!!Margin of Error","Iberia Parish, Louisiana!!Female!!Estimate","Iberia Parish, Louisiana!!Female!!Margin of Error","Iberia Parish, Louisiana!!Percent Female!!Estimate","Iberia Parish, Louisiana!!Percent Female!!Margin of Error","Jefferson Parish, Louisiana!!Total!!Estimate","Jefferson Parish, Louisiana!!Total!!Margin of Error","Jefferson Parish, Louisiana!!Percent!!Estimate","Jefferson Parish, Louisiana!!Percent!!Margin of Error","Jefferson Parish, Louisiana!!Male!!Estimate","Jefferson Parish, Louisiana!!Male!!Margin of Error","Jefferson Parish, Louisiana!!Percent Male!!Estimate","Jefferson Parish, Louisiana!!Percent Male!!Margin of Error","Jefferson Parish, Louisiana!!Female!!Estimate","Jefferson Parish, Louisiana!!Female!!Margin of Error","Jefferson Parish, Louisiana!!Percent Female!!Estimate","Jefferson Parish, Louisiana!!Percent Female!!Margin of Error","Lafayette Parish, Louisiana!!Total!!Estimate","Lafayette Parish, Louisiana!!Total!!Margin of Error","Lafayette Parish, Louisiana!!Percent!!Estimate","Lafayette Parish, Louisiana!!Percent!!Margin of Error","Lafayette Parish, Louisiana!!Male!!Estimate","Lafayette Parish, Louisiana!!Male!!Margin of Error","Lafayette Parish, Louisiana!!Percent Male!!Estimate","Lafayette Parish, Louisiana!!Percent Male!!Margin of Error","Lafayette Parish, Louisiana!!Female!!Estimate","Lafayette Parish, Louisiana!!Female!!Margin of Error","Lafayette Parish, Louisiana!!Percent Female!!Estimate","Lafayette Parish, Louisiana!!Percent Female!!Margin of Error","Lafourche Parish, Louisiana!!Total!!Estimate","Lafourche Parish, Louisiana!!Total!!Margin of Error","Lafourche Parish, Louisiana!!Percent!!Estimate","Lafourche Parish, Louisiana!!Percent!!Margin of Error","Lafourche Parish, Louisiana!!Male!!Estimate","Lafourche Parish, Louisiana!!Male!!Margin of Error","Lafourche Parish, Louisiana!!Percent Male!!Estimate","Lafourche Parish, Louisiana!!Percent Male!!Margin of Error","Lafourche Parish, Louisiana!!Female!!Estimate","Lafourche Parish, Louisiana!!Female!!Margin of Error","Lafourche Parish, Louisiana!!Percent Female!!Estimate","Lafourche Parish, Louisiana!!Percent Female!!Margin of Error","Livingston Parish, Louisiana!!Total!!Estimate","Livingston Parish, Louisiana!!Total!!Margin of Error","Livingston Parish, Louisiana!!Percent!!Estimate","Livingston Parish, Louisiana!!Percent!!Margin of Error","Livingston Parish, Louisiana!!Male!!Estimate","Livingston Parish, Louisiana!!Male!!Margin of Error","Livingston Parish, Louisiana!!Percent Male!!Estimate","Livingston Parish, Louisiana!!Percent Male!!Margin of Error","Livingston Parish, Louisiana!!Female!!Estimate","Livingston Parish, Louisiana!!Female!!Margin of Error","Livingston Parish, Louisiana!!Percent Female!!Estimate","Livingston Parish, Louisiana!!Percent Female!!Margin of Error","Orleans Parish, Louisiana!!Total!!Estimate","Orleans Parish, Louisiana!!Total!!Margin of Error","Orleans Parish, Louisiana!!Percent!!Estimate","Orleans Parish, Louisiana!!Percent!!Margin of Error","Orleans Parish, Louisiana!!Male!!Estimate","Orleans Parish, Louisiana!!Male!!Margin of Error","Orleans Parish, Louisiana!!Percent Male!!Estimate","Orleans Parish, Louisiana!!Percent Male!!Margin of Error","Orleans Parish, Louisiana!!Female!!Estimate","Orleans Parish, Louisiana!!Female!!Margin of Error","Orleans Parish, Louisiana!!Percent Female!!Estimate","Orleans Parish, Louisiana!!Percent Female!!Margin of Error","Ouachita Parish, Louisiana!!Total!!Estimate","Ouachita Parish, Louisiana!!Total!!Margin of Error","Ouachita Parish, Louisiana!!Percent!!Estimate","Ouachita Parish, Louisiana!!Percent!!Margin of Error","Ouachita Parish, Louisiana!!Male!!Estimate","Ouachita Parish, Louisiana!!Male!!Margin of Error","Ouachita Parish, Louisiana!!Percent Male!!Estimate","Ouachita Parish, Louisiana!!Percent Male!!Margin of Error","Ouachita Parish, Louisiana!!Female!!Estimate","Ouachita Parish, Louisiana!!Female!!Margin of Error","Ouachita Parish, Louisiana!!Percent Female!!Estimate","Ouachita Parish, Louisiana!!Percent Female!!Margin of Error","Rapides Parish, Louisiana!!Total!!Estimate","Rapides Parish, Louisiana!!Total!!Margin of Error","Rapides Parish, Louisiana!!Percent!!Estimate","Rapides Parish, Louisiana!!Percent!!Margin of Error","Rapides Parish, Louisiana!!Male!!Estimate","Rapides Parish, Louisiana!!Male!!Margin of Error","Rapides Parish, Louisiana!!Percent Male!!Estimate","Rapides Parish, Louisiana!!Percent Male!!Margin of Error","Rapides Parish, Louisiana!!Female!!Estimate","Rapides Parish, Louisiana!!Female!!Margin of Error","Rapides Parish, Louisiana!!Percent Female!!Estimate","Rapides Parish, Louisiana!!Percent Female!!Margin of Error","St. Landry Parish, Louisiana!!Total!!Estimate","St. Landry Parish, Louisiana!!Total!!Margin of Error","St. Landry Parish, Louisiana!!Percent!!Estimate","St. Landry Parish, Louisiana!!Percent!!Margin of Error","St. Landry Parish, Louisiana!!Male!!Estimate","St. Landry Parish, Louisiana!!Male!!Margin of Error","St. Landry Parish, Louisiana!!Percent Male!!Estimate","St. Landry Parish, Louisiana!!Percent Male!!Margin of Error","St. Landry Parish, Louisiana!!Female!!Estimate","St. Landry Parish, Louisiana!!Female!!Margin of Error","St. Landry Parish, Louisiana!!Percent Female!!Estimate","St. Landry Parish, Louisiana!!Percent Female!!Margin of Error","St. Tammany Parish, Louisiana!!Total!!Estimate","St. Tammany Parish, Louisiana!!Total!!Margin of Error","St. Tammany Parish, Louisiana!!Percent!!Estimate","St. Tammany Parish, Louisiana!!Percent!!Margin of Error","St. Tammany Parish, Louisiana!!Male!!Estimate","St. Tammany Parish, Louisiana!!Male!!Margin of Error","St. Tammany Parish, Louisiana!!Percent Male!!Estimate","St. Tammany Parish, Louisiana!!Percent Male!!Margin of Error","St. Tammany Parish, Louisiana!!Female!!Estimate","St. Tammany Parish, Louisiana!!Female!!Margin of Error","St. Tammany Parish, Louisiana!!Percent Female!!Estimate","St. Tammany Parish, Louisiana!!Percent Female!!Margin of Error","Tangipahoa Parish, Louisiana!!Total!!Estimate","Tangipahoa Parish, Louisiana!!Total!!Margin of Error","Tangipahoa Parish, Louisiana!!Percent!!Estimate","Tangipahoa Parish, Louisiana!!Percent!!Margin of Error","Tangipahoa Parish, Louisiana!!Male!!Estimate","Tangipahoa Parish, Louisiana!!Male!!Margin of Error","Tangipahoa Parish, Louisiana!!Percent Male!!Estimate","Tangipahoa Parish, Louisiana!!Percent Male!!Margin of Error","Tangipahoa Parish, Louisiana!!Female!!Estimate","Tangipahoa Parish, Louisiana!!Female!!Margin of Error","Tangipahoa Parish, Louisiana!!Percent Female!!Estimate","Tangipahoa Parish, Louisiana!!Percent Female!!Margin of Error","Terrebonne Parish, Louisiana!!Total!!Estimate","Terrebonne Parish, Louisiana!!Total!!Margin of Error","Terrebonne Parish, Louisiana!!Percent!!Estimate","Terrebonne Parish, Louisiana!!Percent!!Margin of Error","Terrebonne Parish, Louisiana!!Male!!Estimate","Terrebonne Parish, Louisiana!!Male!!Margin of Error","Terrebonne Parish, Louisiana!!Percent Male!!Estimate","Terrebonne Parish, Louisiana!!Percent Male!!Margin of Error","Terrebonne Parish, Louisiana!!Female!!Estimate","Terrebonne Parish, Louisiana!!Female!!Margin of Error","Terrebonne Parish, Louisiana!!Percent Female!!Estimate","Terrebonne Parish, Louisiana!!Percent Female!!Margin of Error","United States!!Total!!Estimate","United States!!Total!!Margin of Error","United States!!Percent!!Estimate","United States!!Percent!!Margin of Error","United States!!Male!!Estimate","United States!!Male!!Margin of Error","United States!!Percent Male!!Estimate","United States!!Percent Male!!Margin of Error","United States!!Female!!Estimate","United States!!Female!!Margin of Error","United States!!Percent Female!!Estimate","United States!!Percent Female!!Margin of Error"
"Total population","126,604","*****","(X)","(X)","62,496","±1,941","(X)","(X)","64,108","±1,941","(X)","(X)","127,039","*****","(X)","(X)","63,241","±1,171","(X)","(X)","63,798","±1,171","(X)","(X)","240,204","*****","(X)","(X)","113,640","±823","(X)","(X)","126,564","±823","(X)","(X)","203,436","*****","(X)","(X)","98,219","±838","(X)","(X)","105,217","±838","(X)","(X)","440,059","*****","(X)","(X)","210,659","±1,143","(X)","(X)","229,400","±1,143","(X)","(X)","69,830","*****","(X)","(X)","33,899","±1,169","(X)","(X)","35,931","±1,169","(X)","(X)","432,493","*****","(X)","(X)","208,009","±1,004","(X)","(X)","224,484","±1,004","(X)","(X)","244,390","*****","(X)","(X)","117,824","±688","(X)","(X)","126,566","±688","(X)","(X)","97,614","*****","(X)","(X)","47,793","±969","(X)","(X)","49,821","±969","(X)","(X)","140,789","*****","(X)","(X)","68,660","±1,405","(X)","(X)","72,129","±1,405","(X)","(X)","390,144","*****","(X)","(X)","184,206","±441","(X)","(X)","205,938","±441","(X)","(X)","153,279","*****","(X)","(X)","73,538","±580","(X)","(X)","79,741","±580","(X)","(X)","129,648","*****","(X)","(X)","62,766","±378","(X)","(X)","66,882","±378","(X)","(X)","82,124","*****","(X)","(X)","40,201","±557","(X)","(X)","41,923","±557","(X)","(X)","260,419","*****","(X)","(X)","125,610","±1,065","(X)","(X)","134,809","±1,065","(X)","(X)","134,758","*****","(X)","(X)","65,475","±1,063","(X)","(X)","69,283","±1,063","(X)","(X)","110,461","*****","(X)","(X)","53,610","±1,692","(X)","(X)","56,851","±1,692","(X)","(X)","328,239,523","*****","(X)","(X)","161,588,973","±34,808","(X)","(X)","166,650,550","±34,808","(X)","(X)"
"    AGE","","","","","","","","","","","","","","","","","","","","","","","","","","","","","","","","","","","","","","","","","","","","","","","","","","","","","","","","","","","","","","","","","","","","","","","","","","","","","","","","","","","","","","","","","","","","","","","","","","","","","","","","","","","","","","","","","","","","","","","","","","","","","","","","","","","","","","","","","","","","","","","","","","","","","","","","","","","","","","","","","","","","","","","","","","","","","","","","","","","","","","","","","","","","","","","","","","","","","","","","","","","","","","","","","","","","","","","",""
"        Under 5 years","7,066","±1,132","5.6%","±0.9","3,305","±657","5.3%","±1.1","3,761","±850","5.9%","±1.2","8,513","±559","6.7%","±0.4","4,055","±268","6.4%","±0.4","4,458","±523","7.0%","±0.8","15,740","±746","6.6%","±0.3","7,849","±368","6.9%","±0.3","7,891","±568","6.2%","±0.4","14,862","±505","7.3%","±0.2","7,316","±482","7.4%","±0.4","7,546","±683","7.2%","±0.6","28,550","±582","6.5%","±0.1","14,871","±722","7.1%","±0.3","13,679","±909","6.0%","±0.4","4,794","±423","6.9%","±0.6","2,501","±915","7.4%","±2.5","2,293","±848","6.4%","±2.2","27,907","±785","6.5%","±0.2","13,847","±278","6.7%","±0.1","14,060","±755","6.3%","±0.3","15,860","±507","6.5%","±0.2","8,060","±345","6.8%","±0.3","7,800","±367","6.2%","±0.3","6,994","±1,697","7.2%","±1.7","3,392","±857","7.1%","±1.8","3,602","±1,001","7.2%","±1.9","8,844","±759","6.3%","±0.5","4,437","±498","6.5%","±0.7","4,407","±673","6.1%","±0.9","22,464","±188","5.8%","±0.1","11,677","±270","6.3%","±0.1","10,787","±320","5.2%","±0.2","10,261","±341","6.7%","±0.2","5,369","±250","7.3%","±0.4","4,892","±205","6.1%","±0.2","8,603","±167","6.6%","±0.1","4,384","±207","7.0%","±0.3","4,219","±295","6.3%","±0.4","5,912","±251","7.2%","±0.3","2,935","±224","7.3%","±0.1","2,977","±251","7.1%","±0.6","15,105","±202","5.8%","±0.1","7,180","±532","5.7%","±0.4","7,925","±534","5.9%","±0.4","9,124","±443","6.8%","±0.3","4,586","±403","7.0%","±0.6","4,538","±99","6.5%","±0.1","7,319","±1,247","6.6%","±1.1","4,567","±1,118","8.5%","±2.1","2,752","±628","4.8%","±1.1","19,404,835","±22,314","5.9%","±0.1","9,938,937","±19,654","6.2%","±0.1","9,465,898","±16,480","5.7%","±0.1"
"        5 to 9 years","10,659","±2,153","8.4%","±1.7","5,699","±1,647","9.1%","±2.6","4,960","±1,266","7.7%","±2.0","8,142","±1,392","6.4%","±1.1","3,544","±1,002","5.6%","±1.6","4,598","±1,013","7.2%","±1.6","15,714","±1,948","6.5%","±0.8","7,053","±1,220","6.2%","±1.1","8,661","±1,341","6.8%","±1.1","15,574","±1,779","7.7%","±0.9","8,342","±1,218","8.5%","±1.2","7,232","±1,129","6.9%","±1.1","26,257","±2,295","6.0%","±0.5","13,169","±1,649","6.3%","±0.8","13,088","±1,686","5.7%","±0.7","5,459","±1,390","7.8%","±2.0","2,502","±633","7.4%","±1.9","2,957","±1,111","8.2%","±3.0","27,760","±2,913","6.4%","±0.7","15,061","±1,773","7.2%","±0.8","12,699","±2,015","5.7%","±0.9","16,560","±2,054","6.8%","±0.8","8,189","±1,706","7.0%","±1.4","8,371","±1,246","6.6%","±1.0","6,623","±1,409","6.8%","±1.4","2,981","±1,246","6.2%","±2.5","3,642","±676","7.3%","±1.3","7,934","±2,054","5.6%","±1.5","4,321","±1,627","6.3%","±2.3","3,613","±1,246","5.0%","±1.7","18,694","±1,966","4.8%","±0.5","9,998","±1,221","5.4%","±0.7","8,696","±1,470","4.2%","±0.7","10,266","±2,071","6.7%","±1.4","5,072","±1,281","6.9%","±1.7","5,194","±1,505","6.5%","±1.9","9,005","±1,395","6.9%","±1.1","5,677","±1,026","9.0%","±1.6","3,328","±955","5.0%","±1.4","5,304","±1,234","6.5%","±1.5","2,556","±762","6.4%","±1.9","2,748","±796","6.6%","±1.9","15,911","±1,921","6.1%","±0.7","7,707","±1,344","6.1%","±1.1","8,204","±1,228","6.1%","±0.9","9,089","±1,281","6.7%","±1.0","4,317","±1,019","6.6%","±1.5","4,772","±1,001","6.9%","±1.5","7,321","±2,626","6.6%","±2.4","2,872","±1,046","5.4%","±1.9","4,449","±2,100","7.8%","±3.6","19,690,437","±69,224","6.0%","±0.1","10,033,518","±51,101","6.2%","±0.1","9,656,919","±47,933","5.8%","±0.1"
"        10 to 14 years","11,229","±2,476","8.9%","±2.0","6,222","±1,896","10.0%","±2.9","5,007","±1,478","7.8%","±2.3","9,113","±1,568","7.2%","±1.2","5,791","±1,121","9.2%","±1.8","3,322","±1,052","5.2%","±1.6","15,744","±1,896","6.6%","±0.8","8,792","±1,193","7.7%","±1.0","6,952","±1,305","5.5%","±1.0","12,691","±1,879","6.2%","±0.9","5,599","±1,265","5.7%","±1.3","7,092","±1,201","6.7%","±1.1","28,462","±2,308","6.5%","±0.5","14,770","±1,676","7.0%","±0.8","13,692","±1,782","6.0%","±0.8","4,535","±1,158","6.5%","±1.7","2,324","±662","6.9%","±1.9","2,211","±837","6.2%","±2.4","24,858","±2,823","5.7%","±0.7","10,981","±1,875","5.3%","±0.9","13,877","±1,872","6.2%","±0.8","16,128","±1,991","6.6%","±0.8","8,355","±1,757","7.1%","±1.5","7,773","±1,137","6.1%","±0.9","6,167","±1,466","6.3%","±1.5","3,510","±976","7.3%","±2.0","2,657","±903","5.3%","±1.8","12,689","±1,967","9.0%","±1.4","6,378","±1,384","9.3%","±2.0","6,311","±1,425","8.7%","±1.9","24,170","±1,988","6.2%","±0.5","11,382","±1,255","6.2%","±0.7","12,788","±1,511","6.2%","±0.7","10,976","±2,071","7.2%","±1.4","5,824","±1,202","7.9%","±1.6","5,152","±1,494","6.5%","±1.9","8,957","±1,368","6.9%","±1.1","3,935","±1,014","6.3%","±1.6","5,022","±965","7.5%","±1.4","6,478","±1,241","7.9%","±1.5","3,526","±769","8.8%","±1.9","2,952","±796","7.0%","±1.9","19,872","±1,978","7.6%","±0.8","11,178","±1,469","8.9%","±1.1","8,694","±1,156","6.4%","±0.9","9,637","±1,298","7.2%","±1.0","5,108","±1,111","7.8%","±1.7","4,529","±954","6.5%","±1.4","7,384","±1,502","6.7%","±1.4","3,344","±973","6.2%","±1.8","4,040","±1,169","7.1%","±2.1","21,423,479","±69,779","6.5%","±0.1","10,987,313","±52,483","6.8%","±0.1","10,436,166","±45,451","6.3%","±0.1"
"        15 to 19 years","7,408","±1,509","5.9%","±1.2","4,031","±1,066","6.5%","±1.7","3,377","±1,122","5.3%","±1.7","8,318","±1,253","6.5%","±1.0","5,256","±1,421","8.3%","±2.1","3,062","±935","4.8%","±1.4","14,484","±622","6.0%","±0.3","6,981","±574","6.1%","±0.5","7,503","±346","5.9%","±0.3","14,000","±1,509","6.9%","±0.7","7,509","±1,262","7.6%","±1.3","6,491","±738","6.2%","±0.7","32,399","±1,134","7.4%","±0.3","16,334","±1,165","7.8%","±0.5","16,065","±651","7.0%","±0.3","4,700","±1,137","6.7%","±1.6","2,375","±910","7.0%","±2.6","2,325","±968","6.5%","±2.7","22,582","±1,311","5.2%","±0.3","11,916","±1,130","5.7%","±0.5","10,666","±1,109","4.8%","±0.5","15,090","±1,025","6.2%","±0.4","7,683","±701","6.5%","±0.6","7,407","±709","5.9%","±0.6","5,378","±822","5.5%","±0.8","2,782","±542","5.8%","±1.2","2,596","±440","5.2%","±0.9","10,299","±1,484","7.3%","±1.1","5,061","±688","7.4%","±1.0","5,238","±1,295","7.3%","±1.7","21,138","±401","5.4%","±0.1","10,576","±366","5.7%","±0.2","10,562","±222","5.1%","±0.1","10,523","±932","6.9%","±0.6","4,783","±320","6.5%","±0.4","5,740","±887","7.2%","±1.1","9,276","±820","7.2%","±0.6","4,753","±373","7.6%","±0.6","4,523","±680","6.8%","±1.0","5,888","±839","7.2%","±1.0","3,813","±718","9.5%","±1.7","2,075","±660","4.9%","±1.5","17,527","±1,126","6.7%","±0.4","8,824","±1,013","7.0%","±0.8","8,703","±437","6.5%","±0.3","10,952","±1,505","8.1%","±1.1","6,826","±1,427","10.4%","±2.1","4,126","±1,126","6.0%","±1.6","6,823","±1,297","6.2%","±1.2","3,636","±1,128","6.8%","±2.0","3,187","±1,062","5.6%","±1.8","21,353,524","±36,116","6.5%","±0.1","10,903,653","±27,920","6.7%","±0.1","10,449,871","±27,410","6.3%","±0.1"
"        20 to 24 years","7,564","±2,158","6.0%","±1.7","3,560","±998","5.7%","±1.6","4,004","±1,499","6.2%","±2.4","8,230","±1,095","6.5%","±0.9","4,195","±919","6.6%","±1.5","4,035","±514","6.3%","±0.8","15,310","±1,095","6.4%","±0.5","8,042","±958","7.1%","±0.9","7,268","±376","5.7%","±0.3","12,071","±1,431","5.9%","±0.7","5,903","±1,124","6.0%","±1.1","6,168","±810","5.9%","±0.8","43,014","±900","9.8%","±0.2","20,998","±793","10.0%","±0.4","22,016","±480","9.6%","±0.2","3,454","±1,133","4.9%","±1.6","1,553","±739","4.6%","±2.2","1,901","±693","5.3%","±1.9","24,354","±1,258","5.6%","±0.3","12,024","±897","5.8%","±0.4","12,330","±918","5.5%","±0.4","16,864","±1,407","6.9%","±0.6","8,298","±863","7.0%","±0.7","8,566","±804","6.8%","±0.6","6,022","±1,071","6.2%","±1.1","3,203","±796","6.7%","±1.7","2,819","±727","5.7%","±1.5","8,125","±1,015","5.8%","±0.7","3,626","±272","5.3%","±0.4","4,499","±947","6.2%","±1.3","24,273","±562","6.2%","±0.1","11,490","±427","6.2%","±0.2","12,783","±253","6.2%","±0.1","10,548","±765","6.9%","±0.5","5,644","±267","7.7%","±0.4","4,904","±751","6.1%","±0.9","7,340","±819","5.7%","±0.6","3,968","±366","6.3%","±0.6","3,372","±674","5.0%","±1.0","4,347","±1,052","5.3%","±1.3","1,903","±776","4.7%","±1.9","2,444","±641","5.8%","±1.5","12,988","±729","5.0%","±0.3","5,998","±358","4.8%","±0.3","6,990","±604","5.2%","±0.4","8,701","±1,528","6.5%","±1.1","4,091","±1,227","6.2%","±1.9","4,610","±886","6.7%","±1.2","6,566","±1,272","5.9%","±1.2","3,913","±948","7.3%","±1.7","2,653","±703","4.7%","±1.2","21,468,680","±34,195","6.5%","±0.1","11,014,460","±22,949","6.8%","±0.1","10,454,220","±22,665","6.3%","±0.1"
"        25 to 29 years","8,538","±1,510","6.7%","±1.2","3,974","±773","6.4%","±1.2","4,564","±1,134","7.1%","±1.6","9,102","±986","7.2%","±0.8","4,190","±712","6.6%","±1.1","4,912","±555","7.7%","±0.9","16,443","±265","6.8%","±0.1","7,934","±172","7.0%","±0.2","8,509","±184","6.7%","±0.2","14,022","±1,002","6.9%","±0.5","6,631","±986","6.8%","±1.0","7,391","±172","7.0%","±0.2","34,829","±996","7.9%","±0.2","17,554","±692","8.3%","±0.3","17,275","±724","7.5%","±0.3","5,402","±1,196","7.7%","±1.7","2,969","±765","8.8%","±2.2","2,433","±868","6.8%","±2.4","30,459","±641","7.0%","±0.1","14,637","±354","7.0%","±0.2","15,822","±338","7.0%","±0.2","18,750","±454","7.7%","±0.2","9,133","±191","7.8%","±0.2","9,617","±403","7.6%","±0.3","7,322","±1,164","7.5%","±1.2","3,488","±593","7.3%","±1.2","3,834","±825","7.7%","±1.6","10,242","±635","7.3%","±0.5","5,647","±570","8.2%","±0.9","4,595","±225","6.4%","±0.3","31,157","±458","8.0%","±0.1","14,646","±380","8.0%","±0.2","16,511","±223","8.0%","±0.1","11,054","±327","7.2%","±0.2","5,449","±293","7.4%","±0.4","5,605","±123","7.0%","±0.1","9,140","±671","7.0%","±0.5","4,472","±186","7.1%","±0.3","4,668","±667","7.0%","±1.0","5,312","±1,123","6.5%","±1.4","2,579","±882","6.4%","±2.2","2,733","±593","6.5%","±1.4","14,144","±940","5.4%","±0.4","6,871","±757","5.5%","±0.6","7,273","±616","5.4%","±0.5","8,947","±615","6.6%","±0.5","3,637","±524","5.6%","±0.8","5,310","±339","7.7%","±0.5","9,257","±1,475","8.4%","±1.3","3,893","±1,014","7.3%","±1.9","5,364","±1,357","9.4%","±2.3","23,233,299","±29,995","7.1%","±0.1","11,817,829","±21,300","7.3%","±0.1","11,415,470","±18,024","6.8%","±0.1"
"        30 to 34 years","9,925","±1,996","7.8%","±1.6","5,433","±1,460","8.7%","±2.4","4,492","±1,016","7.0%","±1.7","8,702","±726","6.8%","±0.6","3,966","±550","6.3%","±0.9","4,736","±314","7.4%","±0.5","15,904","±789","6.6%","±0.3","7,563","±364","6.7%","±0.3","8,341","±569","6.6%","±0.5","14,557","±1,138","7.2%","±0.6","6,939","±1,080","7.1%","±1.1","7,618","±514","7.2%","±0.5","29,591","±1,078","6.7%","±0.2","13,984","±588","6.6%","±0.3","15,607","±907","6.8%","±0.4","3,986","±991","5.7%","±1.4","1,777","±377","5.2%","±1.1","2,209","±933","6.1%","±2.6","31,147","±852","7.2%","±0.2","15,446","±567","7.4%","±0.3","15,701","±519","7.0%","±0.2","20,023","±1,058","8.2%","±0.4","9,889","±558","8.4%","±0.5","10,134","±695","8.0%","±0.5","6,788","±589","7.0%","±0.6","3,567","±529","7.5%","±1.1","3,221","±264","6.5%","±0.5","10,446","±1,278","7.4%","±0.9","4,596","±367","6.7%","±0.5","5,850","±1,185","8.1%","±1.6","35,226","±48","9.0%","±0.1","16,414","±36","8.9%","±0.1","18,812","±36","9.1%","±0.1","10,462","±349","6.8%","±0.2","5,075","±340","6.9%","±0.5","5,387","±121","6.8%","±0.1","7,279","±503","5.6%","±0.4","3,174","±492","5.1%","±0.8","4,105","±156","6.1%","±0.2","5,042","±1,260","6.1%","±1.5","2,610","±669","6.5%","±1.7","2,432","±721","5.8%","±1.7","14,600","±1,038","5.6%","±0.4","7,252","±1,026","5.8%","±0.8","7,348","±162","5.5%","±0.1","8,409","±1,293","6.2%","±1.0","3,732","±739","5.7%","±1.1","4,677","±982","6.8%","±1.4","8,124","±1,371","7.4%","±1.2","3,446","±712","6.4%","±1.3","4,678","±1,060","8.2%","±1.9","22,345,176","±34,217","6.8%","±0.1","11,281,470","±23,076","7.0%","±0.1","11,063,706","±19,779","6.6%","±0.1"
"        35 to 39 years","10,992","±1,768","8.7%","±1.4","5,949","±1,519","9.5%","±2.4","5,043","±1,196","7.9%","±1.9","10,860","±1,428","8.5%","±1.1","5,966","±1,019","9.4%","±1.6","4,894","±877","7.7%","±1.4","14,857","±1,851","6.2%","±0.8","5,665","±1,178","5.0%","±1.0","9,192","±1,374","7.3%","±1.1","13,810","±1,948","6.8%","±1.0","6,717","±1,545","6.8%","±1.6","7,093","±1,098","6.7%","±1.0","31,165","±2,771","7.1%","±0.6","12,473","±1,982","5.9%","±0.9","18,692","±1,818","8.1%","±0.8","4,541","±1,311","6.5%","±1.9","2,526","±1,138","7.5%","±3.4","2,015","±847","5.6%","±2.3","27,923","±2,821","6.5%","±0.7","12,654","±2,174","6.1%","±1.0","15,269","±1,861","6.8%","±0.8","18,377","±2,638","7.5%","±1.1","8,875","±1,514","7.5%","±1.3","9,502","±1,960","7.5%","±1.5","7,251","±1,136","7.4%","±1.2","3,613","±832","7.6%","±1.7","3,638","±796","7.3%","±1.6","10,261","±2,350","7.3%","±1.7","4,927","±1,467","7.2%","±2.1","5,334","±1,512","7.4%","±2.1","29,975","±2,429","7.7%","±0.6","14,720","±1,747","8.0%","±0.9","15,255","±1,705","7.4%","±0.8","7,722","±1,722","5.0%","±1.1","3,958","±885","5.4%","±1.2","3,764","±1,251","4.7%","±1.6","7,726","±1,497","6.0%","±1.2","4,232","±1,117","6.7%","±1.8","3,494","±961","5.2%","±1.4","4,971","±1,039","6.1%","±1.3","2,129","±655","5.3%","±1.6","2,842","±810","6.8%","±1.9","18,276","±2,339","7.0%","±0.9","9,048","±1,667","7.2%","±1.3","9,228","±1,514","6.8%","±1.1","9,084","±2,177","6.7%","±1.6","4,760","±1,397","7.3%","±2.1","4,324","±1,274","6.2%","±1.8","7,059","±1,478","6.4%","±1.3","4,083","±1,153","7.6%","±2.1","2,976","±838","5.2%","±1.5","21,728,259","±61,731","6.6%","±0.1","10,892,040","±44,493","6.7%","±0.1","10,836,219","±39,187","6.5%","±0.1"
"        40 to 44 years","7,344","±2,007","5.8%","±1.6","3,396","±1,300","5.4%","±2.1","3,948","±1,182","6.2%","±1.8","7,316","±1,579","5.8%","±1.2","3,387","±1,144","5.4%","±1.8","3,929","±987","6.2%","±1.5","14,411","±1,819","6.0%","±0.8","7,822","±1,156","6.9%","±1.0","6,589","±1,345","5.2%","±1.1","12,210","±1,740","6.0%","±0.9","5,883","±1,330","6.0%","±1.4","6,327","±1,003","6.0%","±1.0","23,238","±2,719","5.3%","±0.6","13,326","±1,897","6.3%","±0.9","9,912","±1,752","4.3%","±0.8","3,862","±1,154","5.5%","±1.7","1,915","±843","5.6%","±2.5","1,947","±662","5.4%","±1.8","26,365","±2,621","6.1%","±0.6","13,877","±2,134","6.7%","±1.0","12,488","±1,827","5.6%","±0.8","14,828","±2,150","6.1%","±0.9","7,160","±1,511","6.1%","±1.3","7,668","±1,584","6.1%","±1.3","4,336","±1,096","4.4%","±1.1","1,964","±721","4.1%","±1.5","2,372","±716","4.8%","±1.4","9,267","±2,239","6.6%","±1.6","4,638","±1,230","6.8%","±1.8","4,629","±1,448","6.4%","±2.0","25,793","±2,259","6.6%","±0.6","11,392","±1,686","6.2%","±0.9","14,401","±1,607","7.0%","±0.8","11,553","±1,669","7.5%","±1.1","5,282","±842","7.2%","±1.1","6,271","±1,191","7.9%","±1.5","8,598","±1,620","6.6%","±1.2","3,811","±1,152","6.1%","±1.8","4,787","±1,043","7.2%","±1.6","4,513","±994","5.5%","±1.2","2,388","±850","5.9%","±2.1","2,125","±620","5.1%","±1.5","16,526","±2,185","6.3%","±0.8","7,676","±1,241","6.1%","±1.0","8,850","±1,563","6.6%","±1.2","8,210","±1,867","6.1%","±1.4","3,669","±879","5.6%","±1.3","4,541","±1,418","6.6%","±2.0","6,826","±1,652","6.2%","±1.5","3,141","±888","5.9%","±1.6","3,685","±1,148","6.5%","±2.1","20,186,586","±62,410","6.1%","±0.1","10,028,675","±45,069","6.2%","±0.1","10,157,911","±37,688","6.1%","±0.1"
"        45 to 49 years","8,228","±1,077","6.5%","±0.9","3,120","±323","5.0%","±0.5","5,108","±1,000","8.0%","±1.6","7,997","±909","6.3%","±0.7","4,004","±745","6.3%","±1.2","3,993","±565","6.3%","±0.9","13,825","±477","5.8%","±0.2","6,534","±445","5.7%","±0.4","7,291","±316","5.8%","±0.2","12,066","±1,275","5.9%","±0.6","6,489","±1,255","6.6%","±1.3","5,577","±165","5.3%","±0.2","23,207","±895","5.3%","±0.2","11,247","±771","5.3%","±0.4","11,960","±423","5.2%","±0.2","3,731","±1,173","5.3%","±1.7","1,389","±945","4.1%","±2.8","2,342","±697","6.5%","±1.9","25,018","±1,349","5.8%","±0.3","12,174","±1,269","5.9%","±0.6","12,844","±323","5.7%","±0.1","15,721","±1,067","6.4%","±0.4","6,951","±458","5.9%","±0.4","8,770","±873","6.9%","±0.7","5,582","±783","5.7%","±0.8","2,662","±474","5.6%","±1.0","2,920","±502","5.9%","±1.0","8,655","±301","6.1%","±0.2","4,079","±101","5.9%","±0.2","4,576","±326","6.3%","±0.5","22,539","±633","5.8%","±0.2","11,018","±480","6.0%","±0.3","11,521","±414","5.6%","±0.2","9,025","±276","5.9%","±0.2","4,236","±125","5.8%","±0.2","4,789","±247","6.0%","±0.3","7,307","±210","5.6%","±0.2","3,424","±89","5.5%","±0.1","3,883","±162","5.8%","±0.2","4,293","±508","5.2%","±0.6","2,038","±507","5.1%","±1.3","2,255","±4","5.4%","±0.1","17,883","±1,368","6.9%","±0.5","8,989","±814","7.2%","±0.7","8,894","±904","6.6%","±0.7","8,899","±1,606","6.6%","±1.2","4,180","±956","6.4%","±1.5","4,719","±1,105","6.8%","±1.6","6,114","±945","5.5%","±0.9","2,986","±594","5.6%","±1.1","3,128","±626","5.5%","±1.1","20,398,226","±28,275","6.2%","±0.1","10,079,567","±18,281","6.2%","±0.1","10,318,659","±18,352","6.2%","±0.1"
"        50 to 54 years","6,360","±412","5.0%","±0.3","3,087","±255","4.9%","±0.4","3,273","±327","5.1%","±0.5","7,207","±747","5.7%","±0.6","3,603","±707","5.7%","±1.1","3,604","±299","5.6%","±0.5","13,444","±494","5.6%","±0.2","6,380","±272","5.6%","±0.2","7,064","±369","5.6%","±0.3","11,545","±795","5.7%","±0.4","5,452","±758","5.6%","±0.8","6,093","±314","5.8%","±0.3","23,086","±619","5.2%","±0.1","10,978","±517","5.2%","±0.2","12,108","±294","5.3%","±0.1","4,434","±785","6.3%","±1.1","2,202","±549","6.5%","±1.7","2,232","±461","6.2%","±1.3","26,956","±803","6.2%","±0.2","13,040","±612","6.3%","±0.3","13,916","±323","6.2%","±0.2","13,219","±863","5.4%","±0.4","6,880","±422","5.8%","±0.4","6,339","±740","5.0%","±0.6","5,968","±447","6.1%","±0.5","2,905","±319","6.1%","±0.6","3,063","±315","6.1%","±0.7","8,521","±364","6.1%","±0.3","4,328","±280","6.3%","±0.4","4,193","±271","5.8%","±0.4","22,700","±418","5.8%","±0.1","10,914","±410","5.9%","±0.2","11,786","±132","5.7%","±0.1","8,859","±329","5.8%","±0.2","4,161","±214","5.7%","±0.3","4,698","±153","5.9%","±0.2","8,153","±230","6.3%","±0.2","4,045","±194","6.4%","±0.3","4,108","±162","6.1%","±0.2","4,870","±153","5.9%","±0.2","2,259","±224","5.6%","±0.1","2,611","±153","6.2%","±0.3","15,744","±843","6.0%","±0.3","7,005","±229","5.6%","±0.2","8,739","±760","6.5%","±0.6","6,883","±796","5.1%","±0.6","3,833","±674","5.9%","±1.0","3,050","±340","4.4%","±0.5","6,875","±967","6.2%","±0.9","2,940","±406","5.5%","±0.8","3,935","±878","6.9%","±1.5","20,464,881","±22,642","6.2%","±0.1","10,075,795","±16,185","6.2%","±0.1","10,389,086","±14,048","6.2%","±0.1"
"        55 to 59 years","6,988","±1,274","5.5%","±1.0","3,360","±687","5.4%","±1.1","3,628","±884","5.7%","±1.4","9,058","±1,387","7.1%","±1.1","4,716","±838","7.5%","±1.3","4,342","±893","6.8%","±1.4","14,912","±1,668","6.2%","±0.7","7,266","±1,122","6.4%","±1.0","7,646","±1,221","6.0%","±1.0","13,525","±1,807","6.6%","±0.9","5,748","±1,271","5.9%","±1.3","7,777","±1,048","7.4%","±1.0","23,779","±2,168","5.4%","±0.5","10,424","±1,342","4.9%","±0.6","13,355","±1,697","5.8%","±0.7","4,242","±1,025","6.1%","±1.5","2,569","±616","7.6%","±1.8","1,673","±655","4.7%","±1.8","29,400","±2,161","6.8%","±0.5","12,820","±1,433","6.2%","±0.7","16,580","±1,493","7.4%","±0.7","13,910","±1,956","5.7%","±0.8","6,479","±1,237","5.5%","±1.0","7,431","±1,331","5.9%","±1.1","7,022","±1,141","7.2%","±1.2","4,044","±685","8.5%","±1.4","2,978","±732","6.0%","±1.5","7,255","±1,554","5.2%","±1.1","3,346","±1,075","4.9%","±1.6","3,909","±1,209","5.4%","±1.7","23,858","±1,861","6.1%","±0.5","10,748","±1,278","5.8%","±0.7","13,110","±1,385","6.4%","±0.7","9,461","±1,053","6.2%","±0.7","4,748","±720","6.5%","±1.0","4,713","±854","5.9%","±1.1","8,857","±1,164","6.8%","±0.9","3,578","±820","5.7%","±1.3","5,279","±691","7.9%","±1.0","5,420","±977","6.6%","±1.2","2,069","±572","5.1%","±1.4","3,351","±716","8.0%","±1.7","17,750","±1,841","6.8%","±0.7","8,945","±1,297","7.1%","±1.0","8,805","±1,200","6.5%","±0.9","8,922","±1,445","6.6%","±1.1","3,817","±1,033","5.8%","±1.6","5,105","±900","7.4%","±1.3","8,078","±1,630","7.3%","±1.5","4,248","±1,166","7.9%","±2.1","3,830","±759","6.7%","±1.4","21,484,060","±58,829","6.5%","±0.1","10,440,265","±38,414","6.5%","±0.1","11,043,795","±38,535","6.6%","±0.1"
"        60 to 64 years","7,903","±1,449","6.2%","±1.1","3,491","±907","5.6%","±1.5","4,412","±1,096","6.9%","±1.7","5,968","±1,451","4.7%","±1.1","2,372","±837","3.8%","±1.3","3,596","±955","5.6%","±1.5","16,466","±1,665","6.9%","±0.7","7,508","±1,075","6.6%","±1.0","8,958","±1,240","7.1%","±1.0","11,644","±1,814","5.7%","±0.9","6,126","±1,251","6.2%","±1.3","5,518","±1,063","5.2%","±1.0","28,834","±2,257","6.6%","±0.5","13,463","±1,386","6.4%","±0.7","15,371","±1,732","6.7%","±0.8","5,537","±911","7.9%","±1.3","2,226","±553","6.6%","±1.6","3,311","±643","9.2%","±1.8","30,673","±2,165","7.1%","±0.5","15,783","±1,428","7.6%","±0.7","14,890","±1,509","6.6%","±0.7","15,883","±1,962","6.5%","±0.8","7,430","±1,248","6.3%","±1.1","8,453","±1,300","6.7%","±1.0","5,982","±1,025","6.1%","±1.1","2,423","±536","5.1%","±1.1","3,559","±777","7.1%","±1.5","9,314","±1,665","6.6%","±1.2","4,997","±1,182","7.3%","±1.7","4,317","±1,180","6.0%","±1.6","27,573","±1,854","7.1%","±0.5","13,199","±1,275","7.2%","±0.7","14,374","±1,385","7.0%","±0.7","9,029","±1,066","5.9%","±0.7","4,052","±720","5.5%","±1.0","4,977","±854","6.2%","±1.1","7,792","±1,087","6.0%","±0.8","4,283","±796","6.8%","±1.3","3,509","±655","5.2%","±1.0","5,881","±1,077","7.2%","±1.3","3,352","±709","8.3%","±1.7","2,529","±761","6.0%","±1.8","19,044","±1,772","7.3%","±0.7","8,635","±1,245","6.9%","±1.0","10,409","±1,211","7.7%","±0.9","7,805","±1,436","5.8%","±1.1","3,995","±1,026","6.1%","±1.6","3,810","±920","5.5%","±1.3","6,195","±1,174","5.6%","±1.1","2,957","±923","5.5%","±1.7","3,238","±680","5.7%","±1.2","20,984,053","±58,643","6.4%","±0.1","10,051,170","±38,298","6.2%","±0.1","10,932,883","±39,218","6.6%","±0.1"
"        65 to 69 years","5,819","±1,437","4.6%","±1.1","3,332","±1,096","5.3%","±1.7","2,487","±708","3.9%","±1.1","4,915","±959","3.9%","±0.8","2,226","±546","3.5%","±0.9","2,689","±693","4.2%","±1.1","13,611","±1,622","5.7%","±0.7","6,310","±976","5.6%","±0.9","7,301","±1,199","5.8%","±0.9","10,482","±1,545","5.2%","±0.8","4,515","±842","4.6%","±0.9","5,967","±1,100","5.7%","±1.0","23,190","±1,748","5.3%","±0.4","10,878","±1,091","5.2%","±0.5","12,312","±1,194","5.4%","±0.5","4,308","±911","6.2%","±1.3","1,875","±664","5.5%","±1.9","2,433","±502","6.8%","±1.4","27,294","±1,982","6.3%","±0.5","12,248","±1,371","5.9%","±0.7","15,046","±1,285","6.7%","±0.6","12,100","±1,241","5.0%","±0.5","5,454","±831","4.6%","±0.7","6,646","±920","5.3%","±0.7","5,038","±884","5.2%","±0.9","2,580","±558","5.4%","±1.2","2,458","±581","4.9%","±1.2","6,324","±1,672","4.5%","±1.2","3,034","±1,189","4.4%","±1.7","3,290","±1,169","4.6%","±1.6","21,493","±1,473","5.5%","±0.4","10,243","±852","5.6%","±0.5","11,250","±1,040","5.5%","±0.5","6,637","±1,103","4.3%","±0.7","3,094","±671","4.2%","±0.9","3,543","±774","4.4%","±1.0","7,300","±1,303","5.6%","±1.0","3,293","±889","5.2%","±1.4","4,007","±715","6.0%","±1.1","4,397","±854","5.4%","±1.0","2,084","±458","5.2%","±1.1","2,313","±611","5.5%","±1.5","13,684","±1,619","5.3%","±0.6","6,498","±904","5.2%","±0.7","7,186","±1,098","5.3%","±0.8","6,314","±1,077","4.7%","±0.8","2,855","±755","4.4%","±1.2","3,459","±737","5.0%","±1.1","4,770","±827","4.3%","±0.7","2,023","±577","3.8%","±1.1","2,747","±637","4.8%","±1.1","17,427,013","±47,420","5.3%","±0.1","8,191,111","±24,952","5.1%","±0.1","9,235,902","±35,359","5.5%","±0.1"
"        70 to 74 years","4,997","±1,374","3.9%","±1.1","2,269","±881","3.6%","±1.4","2,728","±693","4.3%","±1.1","6,485","±979","5.1%","±0.8","3,097","±536","4.9%","±0.9","3,388","±715","5.3%","±1.1","11,485","±1,552","4.8%","±0.6","4,846","±972","4.3%","±0.9","6,639","±1,090","5.2%","±0.9","8,067","±1,505","4.0%","±0.7","3,932","±858","4.0%","±0.9","4,135","±987","3.9%","±0.9","15,508","±1,645","3.5%","±0.4","6,580","±1,018","3.1%","±0.5","8,928","±1,155","3.9%","±0.5","1,961","±662","2.8%","±0.9","1,255","±513","3.7%","±1.5","706","±418","2.0%","±1.2","18,524","±1,951","4.3%","±0.5","9,031","±1,413","4.3%","±0.7","9,493","±1,216","4.2%","±0.5","8,313","±1,296","3.4%","±0.5","4,026","±864","3.4%","±0.7","4,287","±911","3.4%","±0.7","4,279","±688","4.4%","±0.7","2,016","±409","4.2%","±0.9","2,263","±529","4.5%","±1.1","5,380","±1,654","3.8%","±1.2","2,386","±1,173","3.5%","±1.7","2,994","±1,174","4.2%","±1.6","16,501","±1,505","4.2%","±0.4","7,015","±861","3.8%","±0.5","9,486","±1,056","4.6%","±0.5","7,269","±1,160","4.7%","±0.8","3,001","±688","4.1%","±0.9","4,268","±791","5.4%","±1.0","5,522","±1,294","4.3%","±1.0","2,368","±738","3.8%","±1.2","3,154","±951","4.7%","±1.4","3,574","±863","4.4%","±1.1","1,554","±458","3.9%","±1.2","2,020","±620","4.8%","±1.5","13,926","±1,566","5.3%","±0.6","6,689","±905","5.3%","±0.7","7,237","±1,088","5.4%","±0.8","6,102","±1,046","4.5%","±0.8","2,872","±712","4.4%","±1.1","3,230","±739","4.7%","±1.1","4,397","±1,046","4.0%","±0.9","2,527","±757","4.7%","±1.4","1,870","±700","3.3%","±1.2","14,148,548","±46,673","4.3%","±0.1","6,529,918","±26,161","4.0%","±0.1","7,618,630","±33,692","4.6%","±0.1"
"        75 to 79 years","2,793","±723","2.2%","±0.6","1,227","±489","2.0%","±0.8","1,566","±514","2.4%","±0.8","3,141","±687","2.5%","±0.5","1,270","±423","2.0%","±0.7","1,871","±597","2.9%","±0.9","8,381","±1,376","3.5%","±0.6","4,103","±838","3.6%","±0.7","4,278","±872","3.4%","±0.7","6,245","±871","3.1%","±0.4","2,383","±571","2.4%","±0.6","3,862","±723","3.7%","±0.7","11,456","±1,583","2.6%","±0.4","4,806","±848","2.3%","±0.4","6,650","±1,080","2.9%","±0.5","1,497","±667","2.1%","±1.0","590","±359","1.7%","±1.1","907","±569","2.5%","±1.6","13,429","±1,425","3.1%","±0.3","5,306","±774","2.6%","±0.4","8,123","±1,106","3.6%","±0.5","6,132","±1,204","2.5%","±0.5","2,850","±685","2.4%","±0.6","3,282","±910","2.6%","±0.7","2,833","±690","2.9%","±0.7","1,172","±425","2.5%","±0.9","1,661","±546","3.3%","±1.1","3,576","±985","2.5%","±0.7","1,485","±531","2.2%","±0.8","2,091","±777","2.9%","±1.1","9,979","±1,087","2.6%","±0.3","4,520","±712","2.5%","±0.4","5,459","±831","2.7%","±0.4","5,004","±810","3.3%","±0.5","2,192","±518","3.0%","±0.7","2,812","±702","3.5%","±0.9","4,469","±870","3.4%","±0.7","1,684","±510","2.7%","±0.8","2,785","±564","4.2%","±0.8","3,055","±677","3.7%","±0.8","1,201","±335","3.0%","±0.8","1,854","±542","4.4%","±1.3","9,226","±1,338","3.5%","±0.5","4,162","±648","3.3%","±0.5","5,064","±1,053","3.8%","±0.8","4,035","±951","3.0%","±0.7","2,062","±608","3.1%","±0.9","1,973","±616","2.8%","±0.9","3,551","±999","3.2%","±0.9","1,526","±749","2.8%","±1.4","2,025","±606","3.6%","±1.1","9,759,764","±34,984","3.0%","±0.1","4,367,764","±21,832","2.7%","±0.1","5,392,000","±29,716","3.2%","±0.1"
"        80 to 84 years","1,465","±555","1.2%","±0.4","679","±368","1.1%","±0.6","786","±410","1.2%","±0.6","1,718","±540","1.4%","±0.4","1,062","±450","1.7%","±0.7","656","±403","1.0%","±0.6","4,223","±1,093","1.8%","±0.5","1,549","±574","1.4%","±0.5","2,674","±849","2.1%","±0.7","3,559","±957","1.7%","±0.5","1,676","±595","1.7%","±0.6","1,883","±749","1.8%","±0.7","5,848","±1,407","1.3%","±0.3","2,511","±776","1.2%","±0.4","3,337","±929","1.5%","±0.4","1,378","±694","2.0%","±1.0","651","±444","1.9%","±1.3","727","±498","2.0%","±1.4","10,157","±1,385","2.3%","±0.3","4,277","±780","2.1%","±0.4","5,880","±1,015","2.6%","±0.5","3,346","±1,044","1.4%","±0.4","1,164","±518","1.0%","±0.4","2,182","±771","1.7%","±0.6","1,513","±439","1.5%","±0.5","548","±292","1.1%","±0.6","965","±352","1.9%","±0.7","2,037","±701","1.4%","±0.5","838","±426","1.2%","±0.6","1,199","±546","1.7%","±0.8","6,291","±1,145","1.6%","±0.3","2,498","±711","1.4%","±0.4","3,793","±865","1.8%","±0.4","2,529","±635","1.6%","±0.4","967","±445","1.3%","±0.6","1,562","±589","2.0%","±0.7","2,534","±699","2.0%","±0.5","969","±373","1.5%","±0.6","1,565","±557","2.3%","±0.8","1,251","±482","1.5%","±0.6","580","±327","1.4%","±0.8","671","±283","1.6%","±0.7","3,714","±981","1.4%","±0.4","1,887","±682","1.5%","±0.5","1,827","±717","1.4%","±0.5","2,110","±625","1.6%","±0.5","464","±285","0.7%","±0.4","1,646","±591","2.4%","±0.9","2,237","±632","2.0%","±0.6","933","±335","1.7%","±0.6","1,304","±517","2.3%","±0.9","6,380,474","±30,713","1.9%","±0.1","2,671,396","±20,367","1.7%","±0.1","3,709,078","±23,709","2.2%","±0.1"
"        85 years and over","1,326","±660","1.0%","±0.5","362","±280","0.6%","±0.5","964","±608","1.5%","±0.9","2,254","±695","1.8%","±0.5","541","±287","0.9%","±0.5","1,713","±577","2.7%","±0.9","5,250","±1,104","2.2%","±0.5","1,443","±589","1.3%","±0.5","3,807","±873","3.0%","±0.7","2,506","±873","1.2%","±0.4","1,059","±473","1.1%","±0.5","1,447","±694","1.4%","±0.7","7,646","±1,601","1.7%","±0.4","2,293","±738","1.1%","±0.4","5,353","±1,246","2.3%","±0.5","2,009","±944","2.9%","±1.4","700","±357","2.1%","±1.0","1,309","±704","3.6%","±2.0","7,687","±1,297","1.8%","±0.3","2,887","±728","1.4%","±0.4","4,800","±963","2.1%","±0.4","3,286","±925","1.3%","±0.4","948","±464","0.8%","±0.4","2,338","±710","1.8%","±0.6","2,516","±736","2.6%","±0.8","943","±455","2.0%","±1.0","1,573","±589","3.2%","±1.2","1,620","±674","1.2%","±0.5","536","±439","0.8%","±0.6","1,084","±545","1.5%","±0.8","6,320","±1,103","1.6%","±0.3","1,756","±548","1.0%","±0.3","4,564","±867","2.2%","±0.4","2,101","±683","1.4%","±0.4","631","±349","0.9%","±0.5","1,470","±567","1.8%","±0.7","1,790","±614","1.4%","±0.5","716","±401","1.1%","±0.6","1,074","±412","1.6%","±0.6","1,616","±616","2.0%","±0.7","625","±295","1.6%","±0.7","991","±440","2.4%","±1.0","4,499","±1,176","1.7%","±0.5","1,066","±490","0.8%","±0.4","3,433","±998","2.5%","±0.7","1,535","±614","1.1%","±0.5","671","±450","1.0%","±0.7","864","±520","1.2%","±0.8","1,565","±765","1.4%","±0.7","575","±433","1.1%","±0.8","990","±577","1.7%","±1.0","6,358,229","±34,321","1.9%","±0.1","2,284,092","±21,784","1.4%","±0.1","4,074,137","±26,417","2.4%","±0.1"
"    SELECTED AGE CATEGORIES","","","","","","","","","","","","","","","","","","","","","","","","","","","","","","","","","","","","","","","","","","","","","","","","","","","","","","","","","","","","","","","","","","","","","","","","","","","","","","","","","","","","","","","","","","","","","","","","","","","","","","","","","","","","","","","","","","","","","","","","","","","","","","","","","","","","","","","","","","","","","","","","","","","","","","","","","","","","","","","","","","","","","","","","","","","","","","","","","","","","","","","","","","","","","","","","","","","","","","","","","","","","","","","","","","","","","","","",""
"        5 to 14 years","21,888","±1,278","17.3%","±1.0","11,921","±1,342","19.1%","±1.7","9,967","±982","15.5%","±1.3","17,255","±923","13.6%","±0.7","9,335","±393","14.8%","±0.6","7,920","±853","12.4%","±1.2","31,458","±835","13.1%","±0.3","15,845","±471","13.9%","±0.4","15,613","±638","12.3%","±0.5","28,265","±610","13.9%","±0.3","13,941","±477","14.2%","±0.4","14,324","±508","13.6%","±0.5","54,719","±849","12.4%","±0.2","27,939","±860","13.3%","±0.4","26,780","±811","11.7%","±0.3","9,994","±556","14.3%","±0.8","4,826","±262","14.2%","±0.8","5,168","±544","14.4%","±1.3","52,618","±731","12.2%","±0.2","26,042","±522","12.5%","±0.2","26,576","±916","11.8%","±0.4","32,688","±656","13.4%","±0.3","16,544","±549","14.0%","±0.4","16,144","±426","12.8%","±0.3","12,790","±1,677","13.1%","±1.7","6,491","±1,323","13.6%","±2.6","6,299","±872","12.6%","±1.7","20,623","±1,092","14.6%","±0.8","10,699","±1,059","15.6%","±1.3","9,924","±852","13.8%","±1.1","42,864","±198","11.0%","±0.1","21,380","±188","11.6%","±0.1","21,484","±249","10.4%","±0.1","21,242","±415","13.9%","±0.3","10,896","±414","14.8%","±0.5","10,346","±217","13.0%","±0.3","17,962","±175","13.9%","±0.1","9,612","±205","15.3%","±0.3","8,350","±153","12.5%","±0.2","11,782","±129","14.3%","±0.2","6,082","±129","15.1%","±0.4","5,700","±4","13.6%","±0.2","35,783","±324","13.7%","±0.1","18,885","±732","15.0%","±0.5","16,898","±633","12.5%","±0.4","18,726","±794","13.9%","±0.6","9,425","±547","14.4%","±0.8","9,301","±327","13.4%","±0.6","14,705","±1,938","13.3%","±1.8","6,216","±999","11.6%","±1.8","8,489","±1,487","14.9%","±2.5","41,113,916","±36,636","12.5%","±0.1","21,020,831","±26,657","13.0%","±0.1","20,093,085","±23,965","12.1%","±0.1"
"        15 to 17 years","4,669","±741","3.7%","±0.6","2,367","±563","3.8%","±0.9","2,302","±512","3.6%","±0.8","5,672","±827","4.5%","±0.7","3,259","±1,014","5.2%","±1.5","2,413","±802","3.8%","±1.2","9,046","±315","3.8%","±0.1","4,370","±224","3.8%","±0.1","4,676","±315","3.7%","±0.2","8,217","±268","4.0%","±0.1","4,189","±314","4.3%","±0.3","4,028","±332","3.8%","±0.3","16,804","±745","3.8%","±0.2","8,779","±681","4.2%","±0.3","8,025","±397","3.5%","±0.2","2,692","±446","3.9%","±0.6","1,631","±664","4.8%","±1.9","1,061","±537","3.0%","±1.5","14,772","±562","3.4%","±0.1","7,376","±718","3.5%","±0.3","7,396","±739","3.3%","±0.3","9,102","±378","3.7%","±0.2","4,532","±215","3.8%","±0.2","4,570","±329","3.6%","±0.3","2,978","±281","3.1%","±0.3","1,574","±143","3.3%","±0.3","1,404","±247","2.8%","±0.5","6,415","±1,210","4.6%","±0.9","2,595","±224","3.8%","±0.1","3,820","±1,210","5.3%","±1.6","11,806","±198","3.0%","±0.1","5,961","±171","3.2%","±0.1","5,845","±194","2.8%","±0.1","6,433","±324","4.2%","±0.2","3,307","±171","4.5%","±0.2","3,126","±222","3.9%","±0.3","5,345","±166","4.1%","±0.1","2,803","±170","4.5%","±0.3","2,542","±27","3.8%","±0.1","3,481","±3","4.2%","±0.1","2,282","±402","5.7%","±0.9","1,199","±402","2.9%","±0.9","10,965","±364","4.2%","±0.1","5,020","±393","4.0%","±0.3","5,945","±353","4.4%","±0.2","4,968","±546","3.7%","±0.4","3,318","±721","5.1%","±1.0","1,650","±902","2.4%","±1.3","5,665","±1,286","5.1%","±1.2","3,147","±1,043","5.9%","±1.9","2,518","±1,062","4.4%","±1.8","12,449,034","±17,681","3.8%","±0.1","6,361,859","±15,524","3.9%","±0.1","6,087,175","±18,014","3.7%","±0.1"
"        Under 18 years","33,623","*****","26.6%","*****","17,593","±1,358","28.2%","±1.5","16,030","±1,357","25.0%","±1.5","31,440","±270","24.7%","±0.2","16,649","±1,070","26.3%","±1.3","14,791","±1,103","23.2%","±1.4","56,244","±276","23.4%","±0.1","28,064","±488","24.7%","±0.4","28,180","±517","22.3%","±0.4","51,344","±351","25.2%","±0.2","25,446","±757","25.9%","±0.6","25,898","±836","24.6%","±0.7","100,073","*****","22.7%","*****","51,589","±1,007","24.5%","±0.4","48,484","±1,007","21.1%","±0.3","17,480","±399","25.0%","±0.6","8,958","±1,127","26.4%","±2.5","8,522","±1,138","23.7%","±2.4","95,297","*****","22.0%","*****","47,265","±962","22.7%","±0.4","48,032","±962","21.4%","±0.3","57,650","±248","23.6%","±0.1","29,136","±527","24.7%","±0.4","28,514","±480","22.5%","±0.3","22,762","±163","23.3%","±0.2","11,457","±883","24.0%","±1.4","11,305","±873","22.7%","±1.4","35,882","*****","25.5%","*****","17,731","±1,263","25.8%","±1.4","18,151","±1,263","25.2%","±1.3","77,134","±189","19.8%","±0.1","39,018","±363","21.2%","±0.2","38,116","±356","18.5%","±0.1","37,936","±345","24.7%","±0.2","19,572","±354","26.6%","±0.4","18,364","±337","23.0%","±0.4","31,910","*****","24.6%","*****","16,799","±339","26.8%","±0.4","15,111","±339","22.6%","±0.4","21,175","±286","25.8%","±0.3","11,299","±427","28.1%","±0.8","9,876","±487","23.6%","±0.9","61,853","±209","23.8%","±0.1","31,085","±1,056","24.7%","±0.7","30,768","±1,046","22.8%","±0.6","32,818","*****","24.4%","*****","17,329","±857","26.5%","±1.0","15,489","±857","22.4%","±0.9","27,689","±894","25.1%","±0.8","13,930","±1,568","26.0%","±2.5","13,759","±1,490","24.2%","±2.2","72,967,785","±33,143","22.2%","±0.1","37,321,627","±29,379","23.1%","±0.1","35,646,158","±31,293","21.4%","±0.1"
"        18 to 24 years","10,303","±1,711","8.1%","±1.4","5,224","±840","8.4%","±1.3","5,079","±1,176","7.9%","±1.9","10,876","±858","8.6%","±0.7","6,192","±747","9.8%","±1.2","4,684","±231","7.3%","±0.4","20,748","±716","8.6%","±0.3","10,653","±583","9.4%","±0.5","10,095","±348","8.0%","±0.3","17,854","±1,171","8.8%","±0.6","9,223","±1,088","9.4%","±1.1","8,631","±431","8.2%","±0.4","58,609","±977","13.3%","±0.2","28,553","±691","13.6%","±0.3","30,056","±648","13.1%","±0.3","5,462","±1,360","7.8%","±1.9","2,297","±762","6.8%","±2.3","3,165","±954","8.8%","±2.7","32,164","±689","7.4%","±0.2","16,564","±442","8.0%","±0.2","15,600","±338","6.9%","±0.1","22,852","±962","9.4%","±0.4","11,449","±621","9.7%","±0.5","11,403","±550","9.0%","±0.4","8,422","±1,094","8.6%","±1.1","4,411","±723","9.2%","±1.5","4,011","±764","8.1%","±1.6","12,009","±1,589","8.5%","±1.1","6,092","±804","8.9%","±1.2","5,917","±968","8.2%","±1.3","33,605","±437","8.6%","±0.1","16,105","±359","8.7%","±0.2","17,500","±206","8.5%","±0.1","14,638","±296","9.5%","±0.2","7,120","±183","9.7%","±0.2","7,518","±253","9.4%","±0.3","11,271","±302","8.7%","±0.2","5,918","±214","9.4%","±0.3","5,353","±220","8.0%","±0.3","6,754","±1,155","8.2%","±1.4","3,434","±881","8.5%","±2.2","3,320","±623","7.9%","±1.5","19,550","±1,094","7.5%","±0.4","9,802","±1,016","7.8%","±0.8","9,748","±530","7.2%","±0.4","14,685","±797","10.9%","±0.6","7,599","±610","11.6%","±1.0","7,086","±489","10.2%","±0.6","7,724","±1,265","7.0%","±1.1","4,402","±919","8.2%","±1.7","3,322","±703","5.8%","±1.2","30,373,170","±42,282","9.3%","±0.1","15,556,254","±26,205","9.6%","±0.1","14,816,916","±25,476","8.9%","±0.1"
"        15 to 44 years","51,771","±1,520","40.9%","±1.2","26,343","±797","42.2%","±1.2","25,428","±1,418","39.7%","±2.0","52,528","±1,525","41.3%","±1.2","26,960","±1,353","42.6%","±1.7","25,568","±1,218","40.1%","±1.7","91,409","±1,110","38.1%","±0.5","44,007","±587","38.7%","±0.6","47,402","±742","37.5%","±0.6","80,670","±1,438","39.7%","±0.7","39,582","±1,442","40.3%","±1.5","41,088","±493","39.1%","±0.5","194,236","±1,440","44.1%","±0.3","94,669","±1,112","44.9%","±0.5","99,567","±660","43.4%","±0.3","25,945","±1,621","37.2%","±2.3","13,115","±1,399","38.7%","±4.0","12,830","±954","35.7%","±2.7","162,830","±1,458","37.6%","±0.3","80,554","±1,583","38.7%","±0.7","82,276","±791","36.7%","±0.3","103,932","±1,169","42.5%","±0.5","51,038","±648","43.3%","±0.5","52,894","±920","41.8%","±0.7","37,097","±856","38.0%","±0.9","18,617","±539","39.0%","±1.4","18,480","±613","37.1%","±1.5","58,640","±1,343","41.7%","±1.0","28,495","±262","41.5%","±0.9","30,145","±1,342","41.8%","±1.6","167,562","±681","42.9%","±0.2","79,238","±455","43.0%","±0.2","88,324","±497","42.9%","±0.2","61,862","±494","40.4%","±0.3","30,191","±500","41.1%","±0.5","31,671","±565","39.7%","±0.6","49,359","±638","38.1%","±0.5","24,410","±283","38.9%","±0.5","24,949","±585","37.3%","±0.9","30,073","±657","36.6%","±0.8","15,422","±779","38.4%","±1.8","14,651","±447","34.9%","±0.8","94,061","±1,078","36.1%","±0.4","45,669","±921","36.4%","±0.7","48,392","±742","35.9%","±0.6","54,303","±1,788","40.3%","±1.3","26,715","±1,561","40.8%","±2.0","27,588","±1,753","39.8%","±2.2","44,655","±1,944","40.4%","±1.8","22,112","±1,307","41.2%","±2.0","22,543","±1,665","39.7%","±2.8","130,315,524","±37,167","39.7%","±0.1","65,938,127","±31,255","40.8%","±0.1","64,377,397","±34,232","38.6%","±0.1"
"        16 years and over","95,705","±831","75.6%","±0.7","46,203","±1,212","73.9%","±1.6","49,502","±1,220","77.2%","±1.8","99,797","±1,038","78.6%","±0.8","49,221","±1,094","77.8%","±0.7","50,576","±990","79.3%","±1.6","190,182","±1,124","79.2%","±0.5","88,848","±903","78.2%","±0.6","101,334","±1,250","80.1%","±0.8","157,191","±1,067","77.3%","±0.5","74,908","±794","76.3%","±0.9","82,283","±821","78.2%","±0.8","352,757","±1,437","80.2%","±0.3","165,530","±1,153","78.6%","±0.6","187,227","±874","81.6%","±0.5","54,260","±793","77.7%","±1.1","N","N","N","N","N","N","N","N","347,628","±1,229","80.4%","±0.3","166,678","±1,063","80.1%","±0.4","180,950","±970","80.6%","±0.6","192,258","±1,003","78.7%","±0.4","91,183","±883","77.4%","±0.7","101,075","±895","79.9%","±0.6","76,669","±408","78.5%","±0.4","37,228","±554","77.9%","±1.6","39,441","±530","79.2%","±1.5","109,968","±1,348","78.1%","±1.0","52,965","±717","77.1%","±1.4","57,003","±1,367","79.0%","±1.4","320,571","±1,111","82.2%","±0.3","149,025","±760","80.9%","±0.4","171,546","±793","83.3%","±0.4","119,753","±771","78.1%","±0.5","56,221","±804","76.5%","±0.9","63,532","±709","79.7%","±0.7","101,781","±669","78.5%","±0.5","48,056","±535","76.6%","±0.9","53,725","±400","80.3%","±0.6","63,817","±537","77.7%","±0.7","30,787","±643","76.6%","±0.9","33,030","±536","78.8%","±0.8","205,049","±864","78.7%","±0.3","97,354","±602","77.5%","±0.8","107,695","±803","79.9%","±0.8","104,677","±1,049","77.7%","±0.8","49,834","±978","76.1%","±1.5","54,843","±853","79.2%","±0.8","86,739","±1,632","78.5%","±1.5","41,869","±1,792","78.1%","±2.4","44,870","±1,757","78.9%","±2.7","263,534,161","±52,161","80.3%","±0.1","128,496,159","±42,201","79.5%","±0.1","135,038,002","±37,248","81.0%","±0.1"
"        18 years and over","92,981","*****","73.4%","*****","44,903","±1,077","71.8%","±1.5","48,078","±1,077","75.0%","±1.5","95,599","±270","75.3%","±0.2","46,592","±519","73.7%","±1.3","49,007","±509","76.8%","±1.4","183,960","±276","76.6%","±0.1","85,576","±746","75.3%","±0.4","98,384","±763","77.7%","±0.4","152,092","±351","74.8%","±0.2","72,773","±402","74.1%","±0.6","79,319","±570","75.4%","±0.7","339,986","*****","77.3%","*****","159,070","±347","75.5%","±0.4","180,916","±347","78.9%","±0.3","52,350","±399","75.0%","±0.6","24,941","±456","73.6%","±2.5","27,409","±401","76.3%","±2.4","337,196","*****","78.0%","*****","160,744","±255","77.3%","±0.4","176,452","±255","78.6%","±0.3","186,740","±248","76.4%","±0.1","88,688","±493","75.3%","±0.4","98,052","±453","77.5%","±0.3","74,852","±163","76.7%","±0.2","36,336","±434","76.0%","±1.4","38,516","±490","77.3%","±1.4","104,907","*****","74.5%","*****","50,929","±566","74.2%","±1.4","53,978","±566","74.8%","±1.3","313,010","±189","80.2%","±0.1","145,188","±341","78.8%","±0.2","167,822","±336","81.5%","±0.1","115,343","±345","75.3%","±0.2","53,966","±538","73.4%","±0.4","61,377","±484","77.0%","±0.4","97,738","*****","75.4%","*****","45,967","±189","73.2%","±0.4","51,771","±190","77.4%","±0.4","60,949","±286","74.2%","±0.3","28,902","±347","71.9%","±0.8","32,047","±316","76.4%","±0.9","198,566","±209","76.2%","±0.1","94,525","±414","75.3%","±0.7","104,041","±319","77.2%","±0.6","101,940","*****","75.6%","*****","48,146","±497","73.5%","±1.0","53,794","±497","77.6%","±0.9","82,772","±894","74.9%","±0.8","39,680","±1,515","74.0%","±2.5","43,092","±1,316","75.8%","±2.2","255,271,738","±33,143","77.8%","±0.1","124,267,346","±30,268","76.9%","±0.1","131,004,392","±22,770","78.6%","±0.1"
"        21 years and over","86,452","±1,866","68.3%","±1.5","42,040","±1,492","67.3%","±2.5","44,412","±1,611","69.3%","±2.3","91,731","±1,017","72.2%","±0.8","43,763","±939","69.2%","±1.8","47,968","±666","75.2%","±1.6","176,846","±1,034","73.6%","±0.4","82,050","±1,127","72.2%","±0.9","94,796","±921","74.9%","±0.5","143,376","±1,886","70.5%","±0.9","67,798","±1,568","69.0%","±1.6","75,578","±1,076","71.8%","±1.0","315,170","±2,341","71.6%","±0.5","146,618","±1,500","69.6%","±0.8","168,552","±1,758","73.5%","±0.9","49,581","±1,381","71.0%","±2.0","23,884","±932","70.5%","±3.3","25,697","±881","71.5%","±3.4","324,608","±1,777","75.1%","±0.4","154,383","±1,205","74.2%","±0.7","170,225","±1,362","75.8%","±0.7","176,292","±1,580","72.1%","±0.6","83,229","±1,225","70.6%","±1.1","93,063","±1,269","73.5%","±0.9","71,009","±886","72.7%","±0.9","34,202","±814","71.6%","±2.1","36,807","±652","73.9%","±1.6","99,471","±1,112","70.7%","±0.8","47,881","±1,052","69.7%","±1.9","51,590","±930","71.5%","±1.6","296,528","±1,359","76.0%","±0.3","136,942","±1,025","74.3%","±0.5","159,586","±1,098","77.5%","±0.5","109,027","±1,150","71.1%","±0.8","51,383","±730","69.9%","±1.0","57,644","±923","72.3%","±1.2","91,896","±1,372","70.9%","±1.1","42,134","±1,024","67.1%","±1.8","49,762","±643","74.4%","±1.1","57,509","±1,023","70.0%","±1.2","27,029","±774","67.2%","±1.9","30,480","±779","72.7%","±1.9","190,147","±1,384","73.0%","±0.5","89,765","±1,160","71.5%","±1.1","100,382","±746","74.5%","±0.8","93,889","±1,794","69.7%","±1.3","44,336","±1,310","67.7%","±2.1","49,553","±939","71.5%","±1.6","81,081","±1,121","73.4%","±1.0","39,099","±1,619","72.9%","±2.7","41,982","±1,407","73.8%","±2.4","241,886,206","±83,337","73.7%","±0.1","117,407,269","±52,190","72.7%","±0.1","124,478,937","±51,300","74.7%","±0.1"
"        60 years and over","24,303","±1,378","19.2%","±1.1","11,360","±987","18.2%","±1.4","12,943","±1,106","20.2%","±1.7","24,481","±1,497","19.3%","±1.2","10,568","±839","16.7%","±1.3","13,913","±1,012","21.8%","±1.6","59,416","±1,696","24.7%","±0.7","25,759","±1,051","22.7%","±0.9","33,657","±1,259","26.6%","±1.0","42,503","±1,874","20.9%","±0.9","19,691","±1,207","20.0%","±1.2","22,812","±1,187","21.7%","±1.1","92,482","±2,168","21.0%","±0.5","40,531","±1,407","19.2%","±0.6","51,951","±1,679","22.6%","±0.7","16,690","±1,175","23.9%","±1.7","7,297","±630","21.5%","±2.0","9,393","±764","26.1%","±2.3","107,764","±2,177","24.9%","±0.5","49,532","±1,416","23.8%","±0.7","58,232","±1,571","25.9%","±0.7","49,060","±1,928","20.1%","±0.8","21,872","±1,234","18.6%","±1.0","27,188","±1,314","21.5%","±1.0","22,161","±1,175","22.7%","±1.2","9,682","±638","20.3%","±1.4","12,479","±807","25.0%","±1.5","28,251","±1,553","20.1%","±1.1","13,276","±1,143","19.3%","±1.6","14,975","±1,252","20.8%","±1.7","88,157","±1,862","22.6%","±0.5","39,231","±1,280","21.3%","±0.7","48,926","±1,395","23.8%","±0.7","32,569","±1,121","21.2%","±0.7","13,937","±744","19.0%","±1.0","18,632","±893","23.4%","±1.1","29,407","±1,263","22.7%","±1.0","13,313","±796","21.2%","±1.3","16,094","±893","24.1%","±1.3","19,774","±1,006","24.1%","±1.2","9,396","±672","23.4%","±1.6","10,378","±772","24.8%","±1.8","64,093","±1,863","24.6%","±0.7","28,937","±1,358","23.0%","±1.1","35,156","±1,206","26.1%","±0.9","27,901","±1,512","20.7%","±1.1","12,919","±1,055","19.7%","±1.7","14,982","±981","21.6%","±1.4","22,715","±1,298","20.6%","±1.2","10,541","±969","19.7%","±1.9","12,174","±770","21.4%","±1.3","75,058,081","±67,159","22.9%","±0.1","34,095,451","±41,662","21.1%","±0.1","40,962,630","±43,999","24.6%","±0.1"
"        62 years and over","20,591","±1,433","16.3%","±1.1","9,563","±983","15.3%","±1.4","11,028","±929","17.2%","±1.6","20,975","±1,047","16.5%","±0.8","9,036","±592","14.3%","±0.9","11,939","±741","18.7%","±1.2","52,063","±1,630","21.7%","±0.7","21,672","±905","19.1%","±0.8","30,391","±1,298","24.0%","±1.0","38,028","±1,621","18.7%","±0.8","17,619","±1,043","17.9%","±1.1","20,409","±1,073","19.4%","±1.0","80,489","±2,078","18.3%","±0.5","35,627","±1,353","16.9%","±0.6","44,862","±1,608","19.6%","±0.7","14,240","±1,097","20.4%","±1.6","6,480","±620","19.1%","±2.0","7,760","±710","21.6%","±2.2","96,382","±2,163","22.3%","±0.5","44,176","±1,603","21.2%","±0.8","52,206","±1,320","23.3%","±0.6","43,762","±1,943","17.9%","±0.8","19,552","±1,125","16.6%","±1.0","24,210","±1,266","19.1%","±1.0","19,087","±986","19.6%","±1.0","8,511","±615","17.8%","±1.4","10,576","±669","21.2%","±1.2","24,369","±1,675","17.3%","±1.2","11,364","±1,244","16.6%","±1.8","13,005","±1,176","18.0%","±1.6","77,254","±1,802","19.8%","±0.5","34,557","±1,281","18.8%","±0.7","42,697","±1,242","20.7%","±0.6","29,802","±1,090","19.4%","±0.7","12,476","±689","17.0%","±0.9","17,326","±880","21.7%","±1.1","26,381","±1,215","20.3%","±0.9","11,795","±828","18.8%","±1.3","14,586","±899","21.8%","±1.3","17,552","±982","21.4%","±1.2","8,225","±575","20.5%","±1.4","9,327","±717","22.2%","±1.7","56,881","±1,666","21.8%","±0.6","25,497","±1,021","20.3%","±0.8","31,384","±1,201","23.3%","±0.9","25,589","±1,520","19.0%","±1.1","11,987","±1,122","18.3%","±1.8","13,602","±866","19.6%","±1.3","20,852","±1,162","18.9%","±1.1","9,573","±1,005","17.9%","±1.9","11,279","±729","19.8%","±1.2","66,395,660","±61,054","20.2%","±0.1","29,927,016","±35,972","18.5%","±0.1","36,468,644","±40,373","21.9%","±0.1"
"        65 years and over","16,400","±1,041","13.0%","±0.8","7,869","±1,025","12.6%","±1.5","8,531","±375","13.3%","±0.7","18,513","±483","14.6%","±0.4","8,196","±277","13.0%","±0.5","10,317","±284","16.2%","±0.5","42,950","±538","17.9%","±0.2","18,251","±387","16.1%","±0.3","24,699","±435","19.5%","±0.3","30,859","±278","15.2%","±0.1","13,565","±243","13.8%","±0.2","17,294","±471","16.4%","±0.4","63,648","±638","14.5%","±0.1","27,068","±348","12.8%","±0.2","36,580","±516","15.9%","±0.2","11,153","±658","16.0%","±0.9","5,071","±352","15.0%","±1.1","6,082","±370","16.9%","±1.1","77,091","±335","17.8%","±0.1","33,749","±246","16.2%","±0.1","43,342","±252","19.3%","±0.1","33,177","±530","13.6%","±0.2","14,442","±211","12.3%","±0.2","18,735","±371","14.8%","±0.3","16,179","±554","16.6%","±0.6","7,259","±410","15.2%","±0.9","8,920","±334","17.9%","±0.7","18,937","±514","13.5%","±0.4","8,279","±322","12.1%","±0.5","10,658","±472","14.8%","±0.6","60,584","±85","15.5%","±0.1","26,032","±71","14.1%","±0.1","34,552","±52","16.8%","±0.1","23,540","±404","15.4%","±0.3","9,885","±233","13.4%","±0.3","13,655","±264","17.1%","±0.3","21,615","±623","16.7%","±0.5","9,030","±2","14.4%","±0.1","12,585","±623","18.8%","±0.9","13,893","±382","16.9%","±0.5","6,044","±261","15.0%","±0.6","7,849","±266","18.7%","±0.6","45,049","±615","17.3%","±0.2","20,302","±400","16.2%","±0.3","24,747","±442","18.4%","±0.3","20,096","±323","14.9%","±0.2","8,924","±154","13.6%","±0.3","11,172","±301","16.1%","±0.5","16,520","±717","15.0%","±0.6","7,584","±538","14.1%","±1.1","8,936","±346","15.7%","±0.7","54,074,028","±24,915","16.5%","±0.1","24,044,281","±16,352","14.9%","±0.1","30,029,747","±17,170","18.0%","±0.1"
"        75 years and over","5,584","±611","4.4%","±0.5","2,268","±414","3.6%","±0.7","3,316","±457","5.2%","±0.7","7,113","±306","5.6%","±0.2","2,873","±194","4.5%","±0.3","4,240","±203","6.6%","±0.3","17,854","±370","7.4%","±0.2","7,095","±322","6.2%","±0.3","10,759","±137","8.5%","±0.1","12,310","±217","6.1%","±0.1","5,118","±213","5.2%","±0.2","7,192","±43","6.8%","±0.1","24,950","±538","5.7%","±0.1","9,610","±235","4.6%","±0.1","15,340","±436","6.7%","±0.2","4,884","±613","7.0%","±0.9","1,941","±403","5.7%","±1.2","2,943","±464","8.2%","±1.3","31,273","±490","7.2%","±0.1","12,470","±350","6.0%","±0.2","18,803","±313","8.4%","±0.1","12,764","±553","5.2%","±0.2","4,962","±505","4.2%","±0.4","7,802","±183","6.2%","±0.2","6,862","±366","7.0%","±0.4","2,663","±247","5.6%","±0.5","4,199","±276","8.4%","±0.6","7,233","±508","5.1%","±0.4","2,859","±40","4.2%","±0.1","4,374","±504","6.1%","±0.7","22,590","±369","5.8%","±0.1","8,774","±315","4.8%","±0.2","13,816","±208","6.7%","±0.1","9,634","±207","6.3%","±0.1","3,790","±179","5.2%","±0.2","5,844","±110","7.3%","±0.1","8,793","±335","6.8%","±0.3","3,369","±335","5.4%","±0.5","5,424","±224","8.1%","±0.1","5,922","±352","7.2%","±0.4","2,406","±261","6.0%","±0.6","3,516","±241","8.4%","±0.5","17,439","±607","6.7%","±0.2","7,115","±302","5.7%","±0.2","10,324","±422","7.7%","±0.3","7,680","±467","5.7%","±0.3","3,197","±367","4.9%","±0.6","4,483","±302","6.5%","±0.4","7,353","±816","6.7%","±0.7","3,034","±680","5.7%","±1.3","4,319","±440","7.6%","±0.8","22,498,467","±13,862","6.9%","±0.1","9,323,252","±10,172","5.8%","±0.1","13,175,215","±10,962","7.9%","±0.1"
"    SUMMARY INDICATORS","","","","","","","","","","","","","","","","","","","","","","","","","","","","","","","","","","","","","","","","","","","","","","","","","","","","","","","","","","","","","","","","","","","","","","","","","","","","","","","","","","","","","","","","","","","","","","","","","","","","","","","","","","","","","","","","","","","","","","","","","","","","","","","","","","","","","","","","","","","","","","","","","","","","","","","","","","","","","","","","","","","","","","","","","","","","","","","","","","","","","","","","","","","","","","","","","","","","","","","","","","","","","","","","","","","","","","","",""
"        Median age (years)","35.7","±1.2","(X)","(X)","33.9","±1.2","(X)","(X)","37.1","±1.2","(X)","(X)","35.8","±0.3","(X)","(X)","35.2","±0.4","(X)","(X)","37.1","±1.9","(X)","(X)","38.8","±0.4","(X)","(X)","37.9","±1.4","(X)","(X)","39.2","±0.9","(X)","(X)","36.3","±0.6","(X)","(X)","35.4","±0.8","(X)","(X)","37.1","±0.6","(X)","(X)","34.5","±0.2","(X)","(X)","33.0","±0.6","(X)","(X)","35.8","±0.3","(X)","(X)","37.5","±1.7","(X)","(X)","37.2","±2.6","(X)","(X)","38.3","±4.3","(X)","(X)","39.9","±0.5","(X)","(X)","39.0","±0.8","(X)","(X)","40.9","±0.8","(X)","(X)","35.9","±0.4","(X)","(X)","34.6","±0.4","(X)","(X)","36.9","±0.5","(X)","(X)","37.8","±0.9","(X)","(X)","37.1","±1.2","(X)","(X)","39.0","±1.4","(X)","(X)","36.0","±0.8","(X)","(X)","35.2","±1.1","(X)","(X)","37.1","±1.6","(X)","(X)","38.3","±0.3","(X)","(X)","37.4","±0.5","(X)","(X)","39.1","±0.5","(X)","(X)","37.1","±0.9","(X)","(X)","34.4","±0.7","(X)","(X)","39.6","±0.6","(X)","(X)","37.7","±0.7","(X)","(X)","36.1","±0.7","(X)","(X)","41.1","±1.5","(X)","(X)","38.2","±1.5","(X)","(X)","35.3","±1.3","(X)","(X)","39.8","±0.7","(X)","(X)","40.4","±0.7","(X)","(X)","39.0","±1.1","(X)","(X)","41.3","±0.6","(X)","(X)","36.6","±1.2","(X)","(X)","35.9","±1.6","(X)","(X)","37.1","±2.2","(X)","(X)","36.2","±0.9","(X)","(X)","35.7","±1.1","(X)","(X)","36.7","±1.2","(X)","(X)","38.5","±0.1","(X)","(X)","37.2","±0.1","(X)","(X)","39.8","±0.1","(X)","(X)"
"        Sex ratio (males per 100 females)","97.5","±6.0","(X)","(X)","(X)","(X)","(X)","(X)","(X)","(X)","(X)","(X)","99.1","±3.7","(X)","(X)","(X)","(X)","(X)","(X)","(X)","(X)","(X)","(X)","89.8","±1.2","(X)","(X)","(X)","(X)","(X)","(X)","(X)","(X)","(X)","(X)","93.3","±1.5","(X)","(X)","(X)","(X)","(X)","(X)","(X)","(X)","(X)","(X)","91.8","±1.0","(X)","(X)","(X)","(X)","(X)","(X)","(X)","(X)","(X)","(X)","94.3","±6.3","(X)","(X)","(X)","(X)","(X)","(X)","(X)","(X)","(X)","(X)","92.7","±0.9","(X)","(X)","(X)","(X)","(X)","(X)","(X)","(X)","(X)","(X)","93.1","±1.1","(X)","(X)","(X)","(X)","(X)","(X)","(X)","(X)","(X)","(X)","95.9","±3.8","(X)","(X)","(X)","(X)","(X)","(X)","(X)","(X)","(X)","(X)","95.2","±3.8","(X)","(X)","(X)","(X)","(X)","(X)","(X)","(X)","(X)","(X)","89.4","±0.4","(X)","(X)","(X)","(X)","(X)","(X)","(X)","(X)","(X)","(X)","92.2","±1.4","(X)","(X)","(X)","(X)","(X)","(X)","(X)","(X)","(X)","(X)","93.8","±1.1","(X)","(X)","(X)","(X)","(X)","(X)","(X)","(X)","(X)","(X)","95.9","±2.6","(X)","(X)","(X)","(X)","(X)","(X)","(X)","(X)","(X)","(X)","93.2","±1.5","(X)","(X)","(X)","(X)","(X)","(X)","(X)","(X)","(X)","(X)","94.5","±3.0","(X)","(X)","(X)","(X)","(X)","(X)","(X)","(X)","(X)","(X)","94.3","±5.8","(X)","(X)","(X)","(X)","(X)","(X)","(X)","(X)","(X)","(X)","97.0","±0.1","(X)","(X)","(X)","(X)","(X)","(X)","(X)","(X)","(X)","(X)"
"        Age dependency ratio","65.3","±2.2","(X)","(X)","(X)","(X)","(X)","(X)","(X)","(X)","(X)","(X)","64.8","±0.8","(X)","(X)","(X)","(X)","(X)","(X)","(X)","(X)","(X)","(X)","70.3","±0.8","(X)","(X)","(X)","(X)","(X)","(X)","(X)","(X)","(X)","(X)","67.8","±0.6","(X)","(X)","(X)","(X)","(X)","(X)","(X)","(X)","(X)","(X)","59.2","±0.4","(X)","(X)","(X)","(X)","(X)","(X)","(X)","(X)","(X)","(X)","69.5","±3.2","(X)","(X)","(X)","(X)","(X)","(X)","(X)","(X)","(X)","(X)","66.3","±0.2","(X)","(X)","(X)","(X)","(X)","(X)","(X)","(X)","(X)","(X)","59.1","±0.6","(X)","(X)","(X)","(X)","(X)","(X)","(X)","(X)","(X)","(X)","66.4","±1.6","(X)","(X)","(X)","(X)","(X)","(X)","(X)","(X)","(X)","(X)","63.8","±1.0","(X)","(X)","(X)","(X)","(X)","(X)","(X)","(X)","(X)","(X)","54.6","±0.1","(X)","(X)","(X)","(X)","(X)","(X)","(X)","(X)","(X)","(X)","67.0","±0.9","(X)","(X)","(X)","(X)","(X)","(X)","(X)","(X)","(X)","(X)","70.3","±1.4","(X)","(X)","(X)","(X)","(X)","(X)","(X)","(X)","(X)","(X)","74.5","±1.8","(X)","(X)","(X)","(X)","(X)","(X)","(X)","(X)","(X)","(X)","69.6","±0.7","(X)","(X)","(X)","(X)","(X)","(X)","(X)","(X)","(X)","(X)","64.7","±0.7","(X)","(X)","(X)","(X)","(X)","(X)","(X)","(X)","(X)","(X)","66.7","±2.7","(X)","(X)","(X)","(X)","(X)","(X)","(X)","(X)","(X)","(X)","63.1","±0.1","(X)","(X)","(X)","(X)","(X)","(X)","(X)","(X)","(X)","(X)"
"        Old-age dependency ratio","21.4","±1.7","(X)","(X)","(X)","(X)","(X)","(X)","(X)","(X)","(X)","(X)","24.0","±0.7","(X)","(X)","(X)","(X)","(X)","(X)","(X)","(X)","(X)","(X)","30.5","±0.5","(X)","(X)","(X)","(X)","(X)","(X)","(X)","(X)","(X)","(X)","25.5","±0.3","(X)","(X)","(X)","(X)","(X)","(X)","(X)","(X)","(X)","(X)","23.0","±0.3","(X)","(X)","(X)","(X)","(X)","(X)","(X)","(X)","(X)","(X)","27.1","±2.1","(X)","(X)","(X)","(X)","(X)","(X)","(X)","(X)","(X)","(X)","29.6","±0.2","(X)","(X)","(X)","(X)","(X)","(X)","(X)","(X)","(X)","(X)","21.6","±0.4","(X)","(X)","(X)","(X)","(X)","(X)","(X)","(X)","(X)","(X)","27.6","±1.2","(X)","(X)","(X)","(X)","(X)","(X)","(X)","(X)","(X)","(X)","22.0","±0.7","(X)","(X)","(X)","(X)","(X)","(X)","(X)","(X)","(X)","(X)","24.0","±0.1","(X)","(X)","(X)","(X)","(X)","(X)","(X)","(X)","(X)","(X)","25.6","±0.5","(X)","(X)","(X)","(X)","(X)","(X)","(X)","(X)","(X)","(X)","28.4","±1.1","(X)","(X)","(X)","(X)","(X)","(X)","(X)","(X)","(X)","(X)","29.5","±1.1","(X)","(X)","(X)","(X)","(X)","(X)","(X)","(X)","(X)","(X)","29.3","±0.5","(X)","(X)","(X)","(X)","(X)","(X)","(X)","(X)","(X)","(X)","24.6","±0.5","(X)","(X)","(X)","(X)","(X)","(X)","(X)","(X)","(X)","(X)","24.9","±1.4","(X)","(X)","(X)","(X)","(X)","(X)","(X)","(X)","(X)","(X)","26.9","±0.1","(X)","(X)","(X)","(X)","(X)","(X)","(X)","(X)","(X)","(X)"
"        Child dependency ratio","43.9","±0.6","(X)","(X)","(X)","(X)","(X)","(X)","(X)","(X)","(X)","(X)","40.8","±0.4","(X)","(X)","(X)","(X)","(X)","(X)","(X)","(X)","(X)","(X)","39.9","±0.3","(X)","(X)","(X)","(X)","(X)","(X)","(X)","(X)","(X)","(X)","42.4","±0.4","(X)","(X)","(X)","(X)","(X)","(X)","(X)","(X)","(X)","(X)","36.2","±0.1","(X)","(X)","(X)","(X)","(X)","(X)","(X)","(X)","(X)","(X)","42.4","±1.6","(X)","(X)","(X)","(X)","(X)","(X)","(X)","(X)","(X)","(X)","36.6","±0.1","(X)","(X)","(X)","(X)","(X)","(X)","(X)","(X)","(X)","(X)","37.5","±0.2","(X)","(X)","(X)","(X)","(X)","(X)","(X)","(X)","(X)","(X)","38.8","±0.5","(X)","(X)","(X)","(X)","(X)","(X)","(X)","(X)","(X)","(X)","41.7","±0.2","(X)","(X)","(X)","(X)","(X)","(X)","(X)","(X)","(X)","(X)","30.6","±0.1","(X)","(X)","(X)","(X)","(X)","(X)","(X)","(X)","(X)","(X)","41.3","±0.5","(X)","(X)","(X)","(X)","(X)","(X)","(X)","(X)","(X)","(X)","41.9","±0.3","(X)","(X)","(X)","(X)","(X)","(X)","(X)","(X)","(X)","(X)","45.0","±1.0","(X)","(X)","(X)","(X)","(X)","(X)","(X)","(X)","(X)","(X)","40.3","±0.3","(X)","(X)","(X)","(X)","(X)","(X)","(X)","(X)","(X)","(X)","40.1","±0.2","(X)","(X)","(X)","(X)","(X)","(X)","(X)","(X)","(X)","(X)","41.8","±1.9","(X)","(X)","(X)","(X)","(X)","(X)","(X)","(X)","(X)","(X)","36.3","±0.1","(X)","(X)","(X)","(X)","(X)","(X)","(X)","(X)","(X)","(X)"
"    PERCENT ALLOCATED","","","","","","","","","","","","","","","","","","","","","","","","","","","","","","","","","","","","","","","","","","","","","","","","","","","","","","","","","","","","","","","","","","","","","","","","","","","","","","","","","","","","","","","","","","","","","","","","","","","","","","","","","","","","","","","","","","","","","","","","","","","","","","","","","","","","","","","","","","","","","","","","","","","","","","","","","","","","","","","","","","","","","","","","","","","","","","","","","","","","","","","","","","","","","","","","","","","","","","","","","","","","","","","","","","","","","","","",""
"        Sex","(X)","(X)","0.0%","(X)","(X)","(X)","(X)","(X)","(X)","(X)","(X)","(X)","(X)","(X)","0.1%","(X)","(X)","(X)","(X)","(X)","(X)","(X)","(X)","(X)","(X)","(X)","0.1%","(X)","(X)","(X)","(X)","(X)","(X)","(X)","(X)","(X)","(X)","(X)","0.1%","(X)","(X)","(X)","(X)","(X)","(X)","(X)","(X)","(X)","(X)","(X)","0.0%","(X)","(X)","(X)","(X)","(X)","(X)","(X)","(X)","(X)","(X)","(X)","0.0%","(X)","(X)","(X)","(X)","(X)","(X)","(X)","(X)","(X)","(X)","(X)","0.1%","(X)","(X)","(X)","(X)","(X)","(X)","(X)","(X)","(X)","(X)","(X)","0.1%","(X)","(X)","(X)","(X)","(X)","(X)","(X)","(X)","(X)","(X)","(X)","0.1%","(X)","(X)","(X)","(X)","(X)","(X)","(X)","(X)","(X)","(X)","(X)","0.0%","(X)","(X)","(X)","(X)","(X)","(X)","(X)","(X)","(X)","(X)","(X)","0.2%","(X)","(X)","(X)","(X)","(X)","(X)","(X)","(X)","(X)","(X)","(X)","0.0%","(X)","(X)","(X)","(X)","(X)","(X)","(X)","(X)","(X)","(X)","(X)","0.0%","(X)","(X)","(X)","(X)","(X)","(X)","(X)","(X)","(X)","(X)","(X)","0.0%","(X)","(X)","(X)","(X)","(X)","(X)","(X)","(X)","(X)","(X)","(X)","0.1%","(X)","(X)","(X)","(X)","(X)","(X)","(X)","(X)","(X)","(X)","(X)","0.0%","(X)","(X)","(X)","(X)","(X)","(X)","(X)","(X)","(X)","(X)","(X)","0.1%","(X)","(X)","(X)","(X)","(X)","(X)","(X)","(X)","(X)","(X)","(X)","0.1%","(X)","(X)","(X)","(X)","(X)","(X)","(X)","(X)","(X)"
"        Age","(X)","(X)","2.0%","(X)","(X)","(X)","(X)","(X)","(X)","(X)","(X)","(X)","(X)","(X)","5.7%","(X)","(X)","(X)","(X)","(X)","(X)","(X)","(X)","(X)","(X)","(X)","4.0%","(X)","(X)","(X)","(X)","(X)","(X)","(X)","(X)","(X)","(X)","(X)","1.9%","(X)","(X)","(X)","(X)","(X)","(X)","(X)","(X)","(X)","(X)","(X)","2.2%","(X)","(X)","(X)","(X)","(X)","(X)","(X)","(X)","(X)","(X)","(X)","0.6%","(X)","(X)","(X)","(X)","(X)","(X)","(X)","(X)","(X)","(X)","(X)","1.9%","(X)","(X)","(X)","(X)","(X)","(X)","(X)","(X)","(X)","(X)","(X)","1.3%","(X)","(X)","(X)","(X)","(X)","(X)","(X)","(X)","(X)","(X)","(X)","0.9%","(X)","(X)","(X)","(X)","(X)","(X)","(X)","(X)","(X)","(X)","(X)","1.2%","(X)","(X)","(X)","(X)","(X)","(X)","(X)","(X)","(X)","(X)","(X)","1.1%","(X)","(X)","(X)","(X)","(X)","(X)","(X)","(X)","(X)","(X)","(X)","0.8%","(X)","(X)","(X)","(X)","(X)","(X)","(X)","(X)","(X)","(X)","(X)","1.7%","(X)","(X)","(X)","(X)","(X)","(X)","(X)","(X)","(X)","(X)","(X)","1.2%","(X)","(X)","(X)","(X)","(X)","(X)","(X)","(X)","(X)","(X)","(X)","0.3%","(X)","(X)","(X)","(X)","(X)","(X)","(X)","(X)","(X)","(X)","(X)","0.8%","(X)","(X)","(X)","(X)","(X)","(X)","(X)","(X)","(X)","(X)","(X)","0.4%","(X)","(X)","(X)","(X)","(X)","(X)","(X)","(X)","(X)","(X)","(X)","1.7%","(X)","(X)","(X)","(X)","(X)","(X)","(X)","(X)","(X)"