"Label","Benton County, Arkansas!!Total!!Estimate","Benton County, Arkansas!!Total!!Margin of Error","Benton County, Arkansas!!Male!!Estimate","Benton County, Arkansas!!Male!!Margin of Error","Benton County, Arkansas!!Percent Male!!Estimate","Benton County, Arkansas!!Percent Male!!Margin of Error","Benton County, Arkansas!!Female!!Estimate","Benton County, Arkansas!!Female!!Margin of Error","Benton County, Arkansas!!Percent Female!!Estimate","Benton County, Arkansas!!Percent Female!!Margin of Error","Craighead County, Arkansas!!Total!!Estimate","Craighead County, Arkansas!!Total!!Margin of Error","Craighead County, Arkansas!!Male!!Estimate","Craighead County, Arkansas!!Male!!Margin of Error","Craighead County, Arkansas!!Percent Male!!Estimate","Craighead County, Arkansas!!Percent Male!!Margin of Error","Craighead County, Arkansas!!Female!!Estimate","Craighead County, Arkansas!!Female!!Margin of Error","Craighead County, Arkansas!!Percent Female!!Estimate","Craighead County, Arkansas!!Percent Female!!Margin of Error","Faulkner County, Arkansas!!Total!!Estimate","Faulkner County, Arkansas!!Total!!Margin of Error","Faulkner County, Arkansas!!Male!!Estimate","Faulkner County, Arkansas!!Male!!Margin of Error","Faulkner County, Arkansas!!Percent Male!!Estimate","Faulkner County, Arkansas!!Percent Male!!Margin of Error","Faulkner County, Arkansas!!Female!!Estimate","Faulkner County, Arkansas!!Female!!Margin of Error","Faulkner County, Arkansas!!Percent Female!!Estimate","Faulkner County, Arkansas!!Percent Female!!Margin of Error","Garland County, Arkansas!!Total!!Estimate","Garland County, Arkansas!!Total!!Margin of Error","Garland County, Arkansas!!Male!!Estimate","Garland County, Arkansas!!Male!!Margin of Error","Garland County, Arkansas!!Percent Male!!Estimate","Garland County, Arkansas!!Percent Male!!Margin of Error","Garland County, Arkansas!!Female!!Estimate","Garland County, Arkansas!!Female!!Margin of Error","Garland County, Arkansas!!Percent Female!!Estimate","Garland County, Arkansas!!Percent Female!!Margin of Error","Jefferson County, Arkansas!!Total!!Estimate","Jefferson County, Arkansas!!Total!!Margin of Error","Jefferson County, Arkansas!!Male!!Estimate","Jefferson County, Arkansas!!Male!!Margin of Error","Jefferson County, Arkansas!!Percent Male!!Estimate","Jefferson County, Arkansas!!Percent Male!!Margin of Error","Jefferson County, Arkansas!!Female!!Estimate","Jefferson County, Arkansas!!Female!!Margin of Error","Jefferson County, Arkansas!!Percent Female!!Estimate","Jefferson County, Arkansas!!Percent Female!!Margin of Error","Lonoke County, Arkansas!!Total!!Estimate","Lonoke County, Arkansas!!Total!!Margin of Error","Lonoke County, Arkansas!!Male!!Estimate","Lonoke County, Arkansas!!Male!!Margin of Error","Lonoke County, Arkansas!!Percent Male!!Estimate","Lonoke County, Arkansas!!Percent Male!!Margin of Error","Lonoke County, Arkansas!!Female!!Estimate","Lonoke County, Arkansas!!Female!!Margin of Error","Lonoke County, Arkansas!!Percent Female!!Estimate","Lonoke County, Arkansas!!Percent Female!!Margin of Error","Pulaski County, Arkansas!!Total!!Estimate","Pulaski County, Arkansas!!Total!!Margin of Error","Pulaski County, Arkansas!!Male!!Estimate","Pulaski County, Arkansas!!Male!!Margin of Error","Pulaski County, Arkansas!!Percent Male!!Estimate","Pulaski County, Arkansas!!Percent Male!!Margin of Error","Pulaski County, Arkansas!!Female!!Estimate","Pulaski County, Arkansas!!Female!!Margin of Error","Pulaski County, Arkansas!!Percent Female!!Estimate","Pulaski County, Arkansas!!Percent Female!!Margin of Error","Saline County, Arkansas!!Total!!Estimate","Saline County, Arkansas!!Total!!Margin of Error","Saline County, Arkansas!!Male!!Estimate","Saline County, Arkansas!!Male!!Margin of Error","Saline County, Arkansas!!Percent Male!!Estimate","Saline County, Arkansas!!Percent Male!!Margin of Error","Saline County, Arkansas!!Female!!Estimate","Saline County, Arkansas!!Female!!Margin of Error","Saline County, Arkansas!!Percent Female!!Estimate","Saline County, Arkansas!!Percent Female!!Margin of Error","Sebastian County, Arkansas!!Total!!Estimate","Sebastian County, Arkansas!!Total!!Margin of Error","Sebastian County, Arkansas!!Male!!Estimate","Sebastian County, Arkansas!!Male!!Margin of Error","Sebastian County, Arkansas!!Percent Male!!Estimate","Sebastian County, Arkansas!!Percent Male!!Margin of Error","Sebastian County, Arkansas!!Female!!Estimate","Sebastian County, Arkansas!!Female!!Margin of Error","Sebastian County, Arkansas!!Percent Female!!Estimate","Sebastian County, Arkansas!!Percent Female!!Margin of Error","Washington County, Arkansas!!Total!!Estimate","Washington County, Arkansas!!Total!!Margin of Error","Washington County, Arkansas!!Male!!Estimate","Washington County, Arkansas!!Male!!Margin of Error","Washington County, Arkansas!!Percent Male!!Estimate","Washington County, Arkansas!!Percent Male!!Margin of Error","Washington County, Arkansas!!Female!!Estimate","Washington County, Arkansas!!Female!!Margin of Error","Washington County, Arkansas!!Percent Female!!Estimate","Washington County, Arkansas!!Percent Female!!Margin of Error","White County, Arkansas!!Total!!Estimate","White County, Arkansas!!Total!!Margin of Error","White County, Arkansas!!Male!!Estimate","White County, Arkansas!!Male!!Margin of Error","White County, Arkansas!!Percent Male!!Estimate","White County, Arkansas!!Percent Male!!Margin of Error","White County, Arkansas!!Female!!Estimate","White County, Arkansas!!Female!!Margin of Error","White County, Arkansas!!Percent Female!!Estimate","White County, Arkansas!!Percent Female!!Margin of Error","United States!!Total!!Estimate","United States!!Total!!Margin of Error","United States!!Male!!Estimate","United States!!Male!!Margin of Error","United States!!Percent Male!!Estimate","United States!!Percent Male!!Margin of Error","United States!!Female!!Estimate","United States!!Female!!Margin of Error","United States!!Percent Female!!Estimate","United States!!Percent Female!!Margin of Error"
"Civilian employed population 16 years and over","135,458","±3,669","74,068","±2,165","54.7%","±1.1","61,390","±2,478","45.3%","±1.1","49,870","±2,538","25,361","±1,807","50.9%","±3.1","24,509","±2,193","49.1%","±3.1","61,283","±2,969","31,950","±1,883","52.1%","±2.1","29,333","±2,036","47.9%","±2.1","43,181","±2,178","20,094","±1,393","46.5%","±2.4","23,087","±1,645","53.5%","±2.4","26,843","±2,199","13,278","±1,562","49.5%","±3.7","13,565","±1,399","50.5%","±3.7","34,654","±1,954","17,644","±1,181","50.9%","±2.7","17,010","±1,511","49.1%","±2.7","182,913","±5,145","90,432","±3,705","49.4%","±1.5","92,481","±3,688","50.6%","±1.5","58,546","±2,557","31,003","±1,798","53.0%","±2.1","27,543","±1,775","47.0%","±2.1","56,868","±2,776","30,693","±1,792","54.0%","±2.5","26,175","±2,135","46.0%","±2.5","113,668","±4,341","61,121","±3,188","53.8%","±1.7","52,547","±2,649","46.2%","±1.7","31,885","±2,868","17,265","±1,382","54.1%","±3.1","14,620","±1,987","45.9%","±3.1","158,758,794","±158,474","83,061,060","±91,586","52.3%","±0.1","75,697,734","±106,057","47.7%","±0.1"
"    Management, business, science, and arts occupations:","53,754","±3,330","27,945","±2,044","52.0%","±2.3","25,809","±2,127","48.0%","±2.3","17,142","±2,944","7,046","±1,627","41.1%","±5.4","10,096","±1,836","58.9%","±5.4","24,175","±2,423","9,818","±1,296","40.6%","±4.2","14,357","±1,890","59.4%","±4.2","16,013","±2,300","6,605","±1,532","41.2%","±6.7","9,408","±1,596","58.8%","±6.7","7,873","±1,194","3,465","±955","44.0%","±9.2","4,408","±908","56.0%","±9.2","12,082","±1,743","4,859","±946","40.2%","±5.7","7,223","±1,292","59.8%","±5.7","70,082","±4,462","29,926","±2,527","42.7%","±2.8","40,156","±3,403","57.3%","±2.8","21,146","±2,359","8,221","±1,519","38.9%","±4.9","12,925","±1,588","61.1%","±4.9","18,288","±2,911","8,297","±1,726","45.4%","±7.5","9,991","±2,267","54.6%","±7.5","44,489","±3,611","20,005","±2,194","45.0%","±3.5","24,484","±2,597","55.0%","±3.5","9,983","±1,744","3,864","±962","38.7%","±7.9","6,119","±1,414","61.3%","±7.9","63,267,357","±216,159","29,841,855","±117,141","47.2%","±0.1","33,425,502","±119,923","52.8%","±0.1"
"        Management, business, and financial occupations:","26,661","±2,823","16,485","±1,961","61.8%","±4.4","10,176","±1,687","38.2%","±4.4","5,797","±1,587","3,549","±1,350","61.2%","±12.8","2,248","±838","38.8%","±12.8","10,847","±1,842","4,812","±1,086","44.4%","±6.4","6,035","±1,208","55.6%","±6.4","5,435","±1,283","3,449","±1,183","63.5%","±12.3","1,986","±710","36.5%","±12.3","3,161","±766","1,337","±418","42.3%","±12.1","1,824","±650","57.7%","±12.1","5,122","±1,307","2,819","±862","55.0%","±10.3","2,303","±820","45.0%","±10.3","27,560","±3,123","13,370","±1,685","48.5%","±5.1","14,190","±2,490","51.5%","±5.1","7,205","±1,671","4,064","±1,378","56.4%","±10.6","3,141","±886","43.6%","±10.6","6,471","±2,014","3,872","±1,368","59.8%","±10.6","2,599","±1,079","40.2%","±10.6","16,806","±2,437","8,529","±1,837","50.7%","±7.1","8,277","±1,580","49.3%","±7.1","2,889","±1,067","1,323","±598","45.8%","±18.3","1,566","±894","54.2%","±18.3","25,587,202","±98,137","13,883,359","±57,929","54.3%","±0.1","11,703,843","±59,356","45.7%","±0.1"
"            Management occupations","16,762","±2,246","11,193","±1,757","66.8%","±5.8","5,569","±1,245","33.2%","±5.8","4,164","±1,377","2,951","±1,246","70.9%","±11.8","1,213","±471","29.1%","±11.8","7,207","±1,661","3,878","±1,021","53.8%","±8.7","3,329","±1,045","46.2%","±8.7","4,056","±1,178","3,063","±1,137","75.5%","±12.9","993","±533","24.5%","±12.9","2,672","±771","1,137","±382","42.6%","±13.0","1,535","±639","57.4%","±13.0","3,867","±1,091","2,306","±748","59.6%","±12.3","1,561","±692","40.4%","±12.3","16,987","±2,481","9,458","±1,587","55.7%","±6.6","7,529","±1,748","44.3%","±6.6","3,705","±953","2,183","±801","58.9%","±14.3","1,522","±631","41.1%","±14.3","4,601","±1,761","2,955","±1,130","64.2%","±11.4","1,646","±907","35.8%","±11.4","11,482","±2,002","6,117","±1,544","53.3%","±8.1","5,365","±1,189","46.7%","±8.1","2,388","±1,038","1,107","±555","46.4%","±21.2","1,281","±868","53.6%","±21.2","17,049,444","±78,966","9,993,197","±48,456","58.6%","±0.1","7,056,247","±44,048","41.4%","±0.1"
"            Business and financial operations occupations","9,899","±1,861","5,292","±1,432","53.5%","±8.1","4,607","±1,003","46.5%","±8.1","1,633","±701","598","±410","36.6%","±21.7","1,035","±609","63.4%","±21.7","3,640","±1,126","934","±521","25.7%","±11.4","2,706","±914","74.3%","±11.4","1,379","±720","386","±276","28.0%","±20.3","993","±664","72.0%","±20.3","489","±291","200","±191","40.9%","±42.0","289","±306","59.1%","±42.0","1,255","±498","513","±333","40.9%","±19.0","742","±349","59.1%","±19.0","10,573","±1,957","3,912","±949","37.0%","±7.9","6,661","±1,680","63.0%","±7.9","3,500","±1,391","1,881","±1,219","53.7%","±19.7","1,619","±685","46.3%","±19.7","1,870","±701","917","±480","49.0%","±20.9","953","±556","51.0%","±20.9","5,324","±1,323","2,412","±909","45.3%","±11.6","2,912","±903","54.7%","±11.6","501","±328","216","±225","43.1%","±29.0","285","±204","56.9%","±29.0","8,537,758","±58,478","3,890,162","±38,834","45.6%","±0.3","4,647,596","±40,221","54.4%","±0.3"
"        Computer, engineering, and science occupations:","7,676","±1,532","6,561","±1,308","85.5%","±6.7","1,115","±601","14.5%","±6.7","774","±626","654","±586","84.5%","±24.6","120","±199","15.5%","±24.6","2,158","±769","1,653","±651","76.6%","±13.7","505","±350","23.4%","±13.7","1,354","±728","1,334","±727","98.5%","±3.0","20","±38","1.5%","±3.0","373","±277","311","±284","83.4%","±33.2","62","±102","16.6%","±33.2","1,054","±442","960","±427","91.1%","±13.2","94","±145","8.9%","±13.2","8,638","±1,594","5,788","±1,264","67.0%","±7.5","2,850","±818","33.0%","±7.5","2,082","±757","1,741","±706","83.6%","±13.8","341","±318","16.4%","±13.8","1,865","±722","1,765","±709","94.6%","±7.7","100","±139","5.4%","±7.7","5,106","±1,427","4,248","±1,325","83.2%","±8.0","858","±431","16.8%","±8.0","423","±366","423","±366","100.0%","±32.5","0","±206","0.0%","±32.5","10,181,740","±72,083","7,442,100","±56,458","73.1%","±0.2","2,739,640","±27,767","26.9%","±0.2"
"            Computer and mathematical occupations","5,671","±1,409","4,664","±1,179","82.2%","±8.6","1,007","±582","17.8%","±8.6","310","±321","190","±248","61.3%","±51.3","120","±199","38.7%","±51.3","1,150","±601","855","±453","74.3%","±15.9","295","±257","25.7%","±15.9","637","±593","637","±593","100.0%","±23.7","0","±206","0.0%","±23.7","255","±248","193","±231","75.7%","±42.8","62","±102","24.3%","±42.8","603","±379","509","±348","84.4%","±22.8","94","±145","15.6%","±22.8","4,031","±1,052","3,014","±903","74.8%","±10.0","1,017","±469","25.2%","±10.0","1,004","±500","942","±489","93.8%","±10.5","62","±105","6.2%","±10.5","1,040","±578","1,040","±578","100.0%","±15.4","0","±206","0.0%","±15.4","2,124","±622","1,668","±566","78.5%","±11.5","456","±270","21.5%","±11.5","91","±152","91","±152","100.0%","±72.1","0","±206","0.0%","±72.1","5,231,914","±39,534","3,831,913","±29,645","73.2%","±0.3","1,400,001","±20,859","26.8%","±0.3"
"            Architecture and engineering occupations","1,561","±623","1,504","±630","96.3%","±6.4","57","±95","3.7%","±6.4","163","±182","163","±182","100.0%","±53.9","0","±206","0.0%","±53.9","546","±301","484","±301","88.6%","±20.0","62","±109","11.4%","±20.0","296","±268","296","±268","100.0%","±40.0","0","±206","0.0%","±40.0","118","±144","118","±144","100.0%","±63.3","0","±206","0.0%","±63.3","338","±223","338","±223","100.0%","±37.4","0","±206","0.0%","±37.4","2,364","±903","2,113","±768","89.4%","±9.7","251","±275","10.6%","±9.7","799","±432","799","±432","100.0%","±19.5","0","±206","0.0%","±19.5","571","±364","471","±353","82.5%","±24.8","100","±139","17.5%","±24.8","1,281","±606","1,075","±523","83.9%","±15.2","206","±226","16.1%","±15.2","209","±294","209","±294","100.0%","±47.6","0","±206","0.0%","±47.6","3,283,825","±36,274","2,750,591","±33,007","83.8%","±0.3","533,234","±12,254","16.2%","±0.3"
"            Life, physical, and social science occupations","444","±380","393","±369","88.5%","±21.7","51","±87","11.5%","±21.7","301","±471","301","±471","100.0%","±39.7","0","±206","0.0%","±39.7","462","±323","314","±345","68.0%","±47.4","148","±194","32.0%","±47.4","421","±283","401","±281","95.2%","±9.4","20","±38","4.8%","±9.4","0","±206","0","±206","-","**","0","±206","-","**","113","±142","113","±142","100.0%","±64.7","0","±206","0.0%","±64.7","2,243","±692","661","±301","29.5%","±11.6","1,582","±586","70.5%","±11.6","279","±297","0","±206","0.0%","±41.2","279","±297","100.0%","±41.2","254","±223","254","±223","100.0%","±43.2","0","±206","0.0%","±43.2","1,701","±972","1,505","±950","88.5%","±10.9","196","±151","11.5%","±10.9","123","±203","123","±203","100.0%","±62.0","0","±206","0.0%","±62.0","1,666,001","±26,133","859,596","±19,146","51.6%","±0.7","806,405","±15,348","48.4%","±0.7"
"        Education, legal, community service, arts, and media occupations:","12,662","±1,819","3,585","±954","28.3%","±6.4","9,077","±1,535","71.7%","±6.4","5,883","±1,474","1,782","±816","30.3%","±9.4","4,101","±1,000","69.7%","±9.4","6,578","±1,516","2,250","±801","34.2%","±11.1","4,328","±1,358","65.8%","±11.1","4,427","±1,160","1,058","±459","23.9%","±8.9","3,369","±1,006","76.1%","±8.9","2,877","±962","997","±665","34.7%","±16.2","1,880","±627","65.3%","±16.2","3,178","±850","751","±336","23.6%","±9.4","2,427","±743","76.4%","±9.4","19,680","±2,666","6,707","±1,384","34.1%","±5.7","12,973","±2,158","65.9%","±5.7","5,721","±1,152","1,142","±471","20.0%","±7.5","4,579","±1,030","80.0%","±7.5","5,461","±1,605","1,712","±819","31.3%","±12.8","3,749","±1,334","68.7%","±12.8","16,301","±2,541","5,828","±1,445","35.8%","±6.2","10,473","±1,799","64.2%","±6.2","4,639","±1,379","1,540","±673","33.2%","±12.2","3,099","±1,130","66.8%","±12.2","17,741,328","±93,549","6,072,732","±45,723","34.2%","±0.2","11,668,596","±67,198","65.8%","±0.2"
"            Community and social service occupations","2,267","±1,044","424","±342","18.7%","±16.3","1,843","±1,025","81.3%","±16.3","613","±667","177","±217","28.9%","±43.2","436","±629","71.1%","±43.2","1,994","±1,150","479","±312","24.0%","±18.7","1,515","±1,075","76.0%","±18.7","587","±374","333","±276","56.7%","±30.1","254","±244","43.3%","±30.1","983","±670","498","±483","50.7%","±30.0","485","±389","49.3%","±30.0","439","±285","176","±181","40.1%","±31.5","263","±209","59.9%","±31.5","4,692","±1,774","1,083","±676","23.1%","±10.3","3,609","±1,357","76.9%","±10.3","745","±366","326","±242","43.8%","±22.8","419","±255","56.2%","±22.8","209","±225","181","±213","86.6%","±26.4","28","±56","13.4%","±26.4","2,143","±904","1,133","±638","52.9%","±22.4","1,010","±655","47.1%","±22.4","1,016","±677","380","±279","37.4%","±34.9","636","±663","62.6%","±34.9","2,865,705","±30,703","957,889","±17,243","33.4%","±0.5","1,907,816","±25,661","66.6%","±0.5"
"            Legal occupations","1,104","±551","551","±355","49.9%","±21.0","553","±357","50.1%","±21.0","715","±877","497","±564","69.5%","±19.5","218","±340","30.5%","±19.5","244","±237","9","±15","3.7%","±6.8","235","±234","96.3%","±6.8","148","±166","38","±64","25.7%","±46.1","110","±155","74.3%","±46.1","85","±109","56","±98","65.9%","±61.6","29","±51","34.1%","±61.6","169","±244","0","±206","0.0%","±52.9","169","±244","100.0%","±52.9","2,482","±897","939","±559","37.8%","±16.1","1,543","±626","62.2%","±16.1","735","±390","237","±220","32.2%","±26.3","498","±341","67.8%","±26.3","392","±388","137","±203","34.9%","±31.7","255","±240","65.1%","±31.7","1,781","±939","963","±675","54.1%","±18.8","818","±488","45.9%","±18.8","226","±294","173","±276","76.5%","±52.0","53","±87","23.5%","±52.0","1,804,178","±26,139","848,904","±14,737","47.1%","±0.5","955,274","±17,736","52.9%","±0.5"
"            Educational instruction, and library occupations","6,819","±1,350","1,365","±587","20.0%","±7.1","5,454","±1,118","80.0%","±7.1","4,400","±1,223","1,108","±537","25.2%","±9.0","3,292","±944","74.8%","±9.0","3,166","±930","927","±509","29.3%","±13.3","2,239","±772","70.7%","±13.3","3,073","±1,032","549","±321","17.9%","±9.8","2,524","±936","82.1%","±9.8","1,603","±670","322","±387","20.1%","±19.5","1,281","±496","79.9%","±19.5","2,304","±739","575","±311","25.0%","±12.5","1,729","±656","75.0%","±12.5","9,688","±2,020","3,329","±951","34.4%","±7.6","6,359","±1,581","65.6%","±7.6","3,613","±860","372","±286","10.3%","±7.8","3,241","±832","89.7%","±7.8","3,206","±966","839","±431","26.2%","±13.0","2,367","±887","73.8%","±13.0","9,391","±1,736","2,367","±868","25.2%","±8.0","7,024","±1,506","74.8%","±8.0","2,554","±923","583","±421","22.8%","±14.8","1,971","±806","77.2%","±14.8","9,822,473","±64,716","2,609,122","±32,779","26.6%","±0.3","7,213,351","±49,329","73.4%","±0.3"
"            Arts, design, entertainment, sports, and media occupations","2,472","±783","1,245","±550","50.4%","±19.6","1,227","±673","49.6%","±19.6","155","±189","0","±206","0.0%","±55.3","155","±189","100.0%","±55.3","1,174","±594","835","±548","71.1%","±19.8","339","±227","28.9%","±19.8","619","±371","138","±210","22.3%","±29.1","481","±326","77.7%","±29.1","206","±233","121","±210","58.7%","±54.6","85","±90","41.3%","±54.6","266","±256","0","±206","0.0%","±42.2","266","±256","100.0%","±42.2","2,818","±1,016","1,356","±741","48.1%","±16.5","1,462","±606","51.9%","±16.5","628","±483","207","±219","33.0%","±23.7","421","±357","67.0%","±23.7","1,654","±1,055","555","±599","33.6%","±31.5","1,099","±848","66.4%","±31.5","2,986","±1,168","1,365","±680","45.7%","±15.6","1,621","±803","54.3%","±15.6","843","±634","404","±392","47.9%","±35.5","439","±469","52.1%","±35.5","3,248,972","±35,077","1,656,817","±24,273","51.0%","±0.5","1,592,155","±24,183","49.0%","±0.5"
"        Healthcare practitioners and technical occupations:","6,755","±1,373","1,314","±515","19.5%","±6.7","5,441","±1,212","80.5%","±6.7","4,688","±1,451","1,061","±676","22.6%","±15.0","3,627","±1,491","77.4%","±15.0","4,592","±1,217","1,103","±499","24.0%","±9.0","3,489","±1,020","76.0%","±9.0","4,797","±1,339","764","±479","15.9%","±9.3","4,033","±1,232","84.1%","±9.3","1,462","±567","820","±531","56.1%","±22.5","642","±333","43.9%","±22.5","2,728","±649","329","±296","12.1%","±10.5","2,399","±634","87.9%","±10.5","14,204","±2,478","4,061","±1,302","28.6%","±8.1","10,143","±2,168","71.4%","±8.1","6,138","±1,285","1,274","±690","20.8%","±10.3","4,864","±1,134","79.2%","±10.3","4,491","±1,167","948","±509","21.1%","±13.1","3,543","±1,280","78.9%","±13.1","6,276","±1,445","1,400","±587","22.3%","±8.0","4,876","±1,239","77.7%","±8.0","2,032","±890","578","±409","28.4%","±14.4","1,454","±672","71.6%","±14.4","9,757,087","±63,433","2,443,664","±27,795","25.0%","±0.2","7,313,423","±49,031","75.0%","±0.2"
"            Health diagnosing and treating practitioners and other technical occupations","4,845","±1,167","1,124","±483","23.2%","±8.6","3,721","±994","76.8%","±8.6","3,428","±1,168","863","±636","25.2%","±17.3","2,565","±1,088","74.8%","±17.3","2,725","±956","881","±458","32.3%","±13.4","1,844","±762","67.7%","±13.4","2,682","±990","568","±382","21.2%","±13.3","2,114","±905","78.8%","±13.3","791","±536","511","±468","64.6%","±27.0","280","±202","35.4%","±27.0","1,501","±537","96","±120","6.4%","±8.6","1,405","±548","93.6%","±8.6","10,949","±1,720","3,399","±1,261","31.0%","±9.9","7,550","±1,506","69.0%","±9.9","4,712","±1,128","1,138","±633","24.2%","±12.3","3,574","±1,004","75.8%","±12.3","3,168","±906","859","±478","27.1%","±15.0","2,309","±882","72.9%","±15.0","4,078","±1,378","882","±485","21.6%","±9.7","3,196","±1,157","78.4%","±9.7","1,478","±755","495","±390","33.5%","±18.9","983","±554","66.5%","±18.9","6,648,380","±52,715","1,705,244","±20,935","25.6%","±0.2","4,943,136","±41,173","74.4%","±0.2"
"            Health technologists and technicians","1,910","±848","190","±204","9.9%","±11.1","1,720","±842","90.1%","±11.1","1,260","±717","198","±217","15.7%","±18.9","1,062","±710","84.3%","±18.9","1,867","±882","222","±234","11.9%","±12.7","1,645","±831","88.1%","±12.7","2,115","±960","196","±294","9.3%","±13.5","1,919","±891","90.7%","±13.5","671","±403","309","±383","46.1%","±41.4","362","±268","53.9%","±41.4","1,227","±496","233","±268","19.0%","±20.1","994","±432","81.0%","±20.1","3,255","±1,533","662","±658","20.3%","±18.8","2,593","±1,379","79.7%","±18.8","1,426","±670","136","±166","9.5%","±11.5","1,290","±632","90.5%","±11.5","1,323","±892","89","±117","6.7%","±9.9","1,234","±885","93.3%","±9.9","2,198","±896","518","±386","23.6%","±14.3","1,680","±752","76.4%","±14.3","554","±484","83","±144","15.0%","±23.3","471","±439","85.0%","±23.3","3,108,707","±35,256","738,420","±17,398","23.8%","±0.5","2,370,287","±28,609","76.2%","±0.5"
"    Service occupations:","18,072","±2,677","6,644","±1,738","36.8%","±7.3","11,428","±2,022","63.2%","±7.3","9,188","±2,088","3,753","±1,226","40.8%","±10.0","5,435","±1,576","59.2%","±10.0","10,037","±1,803","4,516","±1,383","45.0%","±9.8","5,521","±1,250","55.0%","±9.8","10,012","±1,668","4,434","±1,253","44.3%","±9.7","5,578","±1,306","55.7%","±9.7","6,627","±1,557","2,846","±1,037","42.9%","±11.5","3,781","±1,120","57.1%","±11.5","4,844","±1,039","2,076","±667","42.9%","±11.6","2,768","±861","57.1%","±11.6","31,313","±4,112","13,554","±2,798","43.3%","±6.6","17,759","±2,973","56.7%","±6.6","7,623","±1,616","3,490","±996","45.8%","±9.5","4,133","±1,176","54.2%","±9.5","9,615","±1,918","4,391","±1,280","45.7%","±9.2","5,224","±1,322","54.3%","±9.2","22,175","±3,268","10,090","±2,253","45.5%","±7.0","12,085","±2,221","54.5%","±7.0","6,805","±3,079","2,991","±1,574","44.0%","±8.6","3,814","±1,688","56.0%","±8.6","28,093,795","±121,507","12,056,105","±71,663","42.9%","±0.2","16,037,690","±85,499","57.1%","±0.2"
"        Healthcare support occupations","2,899","±872","143","±198","4.9%","±6.4","2,756","±812","95.1%","±6.4","2,018","±939","436","±342","21.6%","±14.7","1,582","±816","78.4%","±14.7","1,289","±630","104","±169","8.1%","±12.3","1,185","±581","91.9%","±12.3","1,048","±475","131","±203","12.5%","±18.0","917","±453","87.5%","±18.0","1,425","±793","309","±354","21.7%","±22.5","1,116","±699","78.3%","±22.5","1,184","±460","36","±60","3.0%","±5.0","1,148","±451","97.0%","±5.0","7,567","±2,017","460","±419","6.1%","±5.3","7,107","±1,961","93.9%","±5.3","1,477","±709","393","±387","26.6%","±22.8","1,084","±600","73.4%","±22.8","1,807","±877","334","±270","18.5%","±16.4","1,473","±856","81.5%","±16.4","2,396","±868","61","±73","2.5%","±2.8","2,335","±842","97.5%","±2.8","736","±458","175","±247","23.8%","±28.1","561","±376","76.2%","±28.1","5,348,914","±47,116","772,508","±17,331","14.4%","±0.3","4,576,406","±41,253","85.6%","±0.3"
"        Protective service occupations:","2,094","±1,209","1,864","±1,183","89.0%","±9.6","230","±178","11.0%","±9.6","733","±374","700","±367","95.5%","±8.2","33","±60","4.5%","±8.2","1,203","±675","887","±582","73.7%","±19.9","316","±258","26.3%","±19.9","720","±464","508","±393","70.6%","±29.5","212","±234","29.4%","±29.5","2,140","±838","1,540","±702","72.0%","±20.2","600","±505","28.0%","±20.2","1,170","±526","1,170","±526","100.0%","±13.9","0","±206","0.0%","±13.9","3,531","±1,381","2,299","±1,004","65.1%","±20.7","1,232","±971","34.9%","±20.7","1,193","±616","1,088","±587","91.2%","±10.9","105","±132","8.8%","±10.9","910","±526","864","±517","94.9%","±6.8","46","±62","5.1%","±6.8","2,535","±1,043","2,182","±969","86.1%","±13.8","353","±369","13.9%","±13.8","275","±250","232","±241","84.4%","±25.0","43","±60","15.6%","±25.0","3,447,960","±31,694","2,625,965","±27,195","76.2%","±0.4","821,995","±16,694","23.8%","±0.4"
"            Firefighting and prevention, and other protective service workers including supervisors","950","±545","859","±534","90.4%","±10.3","91","±92","9.6%","±10.3","482","±359","482","±359","100.0%","±29.6","0","±206","0.0%","±29.6","487","±432","296","±296","60.8%","±28.9","191","±204","39.2%","±28.9","248","±251","70","±89","28.2%","±44.2","178","±227","71.8%","±44.2","871","±556","871","±556","100.0%","±18.1","0","±206","0.0%","±18.1","381","±264","381","±264","100.0%","±34.8","0","±206","0.0%","±34.8","1,596","±827","1,404","±808","88.0%","±12.9","192","±199","12.0%","±12.9","687","±396","582","±365","84.7%","±18.0","105","±132","15.3%","±18.0","369","±368","344","±365","93.2%","±14.0","25","±41","6.8%","±14.0","1,299","±839","1,066","±771","82.1%","±25.2","233","±340","17.9%","±25.2","51","±62","8","±14","15.7%","±40.3","43","±60","84.3%","±40.3","1,935,137","±26,072","1,420,143","±22,072","73.4%","±0.6","514,994","±12,757","26.6%","±0.6"
"            Law enforcement workers including supervisors","1,144","±1,080","1,005","±1,070","87.8%","±20.2","139","±156","12.2%","±20.2","251","±228","218","±218","86.9%","±25.1","33","±60","13.1%","±25.1","716","±514","591","±495","82.5%","±24.4","125","±157","17.5%","±24.4","472","±378","438","±374","92.8%","±13.6","34","±58","7.2%","±13.6","1,269","±680","669","±434","52.7%","±27.0","600","±505","47.3%","±27.0","789","±524","789","±524","100.0%","±19.7","0","±206","0.0%","±19.7","1,935","±1,120","895","±568","46.3%","±29.0","1,040","±953","53.7%","±29.0","506","±442","506","±442","100.0%","±28.5","0","±206","0.0%","±28.5","541","±395","520","±383","96.1%","±8.6","21","±46","3.9%","±8.6","1,236","±624","1,116","±606","90.3%","±12.1","120","±148","9.7%","±12.1","224","±240","224","±240","100.0%","±46.0","0","±206","0.0%","±46.0","1,512,823","±20,308","1,205,822","±17,057","79.7%","±0.6","307,001","±10,504","20.3%","±0.6"
"        Food preparation and serving related occupations","6,392","±1,589","2,537","±797","39.7%","±10.6","3,855","±1,316","60.3%","±10.6","3,307","±1,303","784","±595","23.7%","±15.9","2,523","±1,162","76.3%","±15.9","3,928","±1,204","2,183","±1,015","55.6%","±14.0","1,745","±606","44.4%","±14.0","3,530","±1,195","1,152","±709","32.6%","±14.7","2,378","±851","67.4%","±14.7","1,489","±962","274","±337","18.4%","±21.1","1,215","±875","81.6%","±21.1","1,155","±624","214","±191","18.5%","±18.0","941","±601","81.5%","±18.0","9,155","±2,059","5,132","±1,734","56.1%","±10.6","4,023","±1,068","43.9%","±10.6","1,498","±826","318","±289","21.2%","±19.6","1,180","±770","78.8%","±19.6","3,775","±1,127","1,333","±647","35.3%","±14.0","2,442","±906","64.7%","±14.0","10,508","±2,704","5,168","±1,791","49.2%","±10.1","5,340","±1,633","50.8%","±10.1","1,722","±665","562","±319","32.6%","±16.2","1,160","±563","67.4%","±16.2","9,029,677","±72,157","4,130,552","±42,296","45.7%","±0.3","4,899,125","±47,999","54.3%","±0.3"
"        Building and grounds cleaning and maintenance occupations","4,049","±1,072","1,637","±633","40.4%","±13.0","2,412","±869","59.6%","±13.0","1,793","±968","1,476","±950","82.3%","±19.7","317","±297","17.7%","±19.7","1,804","±691","1,232","±666","68.3%","±18.1","572","±316","31.7%","±18.1","3,385","±1,269","2,392","±1,059","70.7%","±16.3","993","±635","29.3%","±16.3","1,169","±730","413","±298","35.3%","±14.4","756","±504","64.7%","±14.4","848","±465","599","±382","70.6%","±25.1","249","±259","29.4%","±25.1","6,371","±2,048","4,412","±1,932","69.3%","±14.5","1,959","±870","30.7%","±14.5","2,113","±894","1,467","±682","69.4%","±18.5","646","±510","30.6%","±18.5","2,157","±953","1,579","±837","73.2%","±16.4","578","±395","26.8%","±16.4","3,735","±1,163","2,329","±1,024","62.4%","±19.3","1,406","±857","37.6%","±19.3","3,788","±3,049","2,022","±1,596","53.4%","±13.4","1,766","±1,576","46.6%","±13.4","5,878,084","±52,679","3,438,608","±39,924","58.5%","±0.5","2,439,476","±34,931","41.5%","±0.5"
"        Personal care and service occupations","2,638","±834","463","±263","17.6%","±10.7","2,175","±828","82.4%","±10.7","1,337","±633","357","±256","26.7%","±18.7","980","±571","73.3%","±18.7","1,813","±697","110","±167","6.1%","±8.9","1,703","±684","93.9%","±8.9","1,329","±645","251","±228","18.9%","±16.9","1,078","±615","81.1%","±16.9","404","±282","310","±221","76.7%","±31.7","94","±153","23.3%","±31.7","487","±344","57","±102","11.7%","±22.0","430","±334","88.3%","±22.0","4,689","±1,612","1,251","±678","26.7%","±14.3","3,438","±1,494","73.3%","±14.3","1,342","±644","224","±277","16.7%","±22.3","1,118","±669","83.3%","±22.3","966","±732","281","±335","29.1%","±34.4","685","±665","70.9%","±34.4","3,001","±1,180","350","±250","11.7%","±8.6","2,651","±1,148","88.3%","±8.6","284","±236","0","±206","0.0%","±40.8","284","±236","100.0%","±40.8","4,389,160","±39,784","1,088,472","±21,550","24.8%","±0.4","3,300,688","±33,305","75.2%","±0.4"
"    Sales and office occupations:","29,920","±3,198","13,675","±1,975","45.7%","±4.7","16,245","±2,270","54.3%","±4.7","10,932","±1,997","5,359","±1,431","49.0%","±8.6","5,573","±1,304","51.0%","±8.6","12,276","±1,893","4,385","±1,049","35.7%","±7.1","7,891","±1,566","64.3%","±7.1","11,234","±2,045","4,274","±1,111","38.0%","±7.9","6,960","±1,631","62.0%","±7.9","4,703","±1,036","1,761","±741","37.4%","±13.2","2,942","±887","62.6%","±13.2","8,077","±1,311","2,640","±793","32.7%","±8.1","5,437","±1,080","67.3%","±8.1","43,499","±3,696","16,105","±2,243","37.0%","±4.4","27,394","±3,165","63.0%","±4.4","13,889","±2,340","5,692","±1,319","41.0%","±8.3","8,197","±1,993","59.0%","±8.3","11,441","±1,879","3,562","±1,005","31.1%","±7.4","7,879","±1,579","68.9%","±7.4","20,283","±2,487","9,653","±1,894","47.6%","±6.0","10,630","±1,555","52.4%","±6.0","4,254","±1,199","1,252","±562","29.4%","±11.6","3,002","±1,026","70.6%","±11.6","32,354,582","±110,360","11,951,048","±64,927","36.9%","±0.1","20,403,534","±82,217","63.1%","±0.1"
"        Sales and related occupations","18,690","±2,455","10,501","±1,850","56.2%","±6.3","8,189","±1,552","43.8%","±6.3","5,505","±1,433","3,713","±1,087","67.4%","±10.9","1,792","±792","32.6%","±10.9","5,866","±1,754","2,380","±927","40.6%","±13.5","3,486","±1,447","59.4%","±13.5","4,839","±1,308","2,252","±778","46.5%","±10.7","2,587","±889","53.5%","±10.7","2,060","±708","1,409","±707","68.4%","±18.9","651","±365","31.6%","±18.9","4,287","±988","2,296","±697","53.6%","±9.9","1,991","±606","46.4%","±9.9","19,703","±2,961","10,634","±1,815","54.0%","±7.0","9,069","±2,168","46.0%","±7.0","7,996","±1,873","4,535","±1,262","56.7%","±12.0","3,461","±1,367","43.3%","±12.0","5,313","±1,271","2,498","±920","47.0%","±11.7","2,815","±836","53.0%","±11.7","9,714","±1,639","6,354","±1,516","65.4%","±8.8","3,360","±914","34.6%","±8.8","2,423","±890","835","±454","34.5%","±18.4","1,588","±800","65.5%","±18.4","15,514,456","±80,116","7,652,450","±54,915","49.3%","±0.2","7,862,006","±54,383","50.7%","±0.2"
"        Office and administrative support occupations","11,230","±1,810","3,174","±877","28.3%","±6.3","8,056","±1,463","71.7%","±6.3","5,427","±1,337","1,646","±842","30.3%","±11.7","3,781","±980","69.7%","±11.7","6,410","±1,237","2,005","±659","31.3%","±8.8","4,405","±1,074","68.7%","±8.8","6,395","±1,617","2,022","±962","31.6%","±12.6","4,373","±1,340","68.4%","±12.6","2,643","±865","352","±220","13.3%","±7.7","2,291","±800","86.7%","±7.7","3,790","±873","344","±301","9.1%","±7.4","3,446","±818","90.9%","±7.4","23,796","±3,340","5,471","±1,552","23.0%","±5.4","18,325","±2,789","77.0%","±5.4","5,893","±1,241","1,157","±576","19.6%","±9.3","4,736","±1,190","80.4%","±9.3","6,128","±1,335","1,064","±463","17.4%","±7.5","5,064","±1,274","82.6%","±7.5","10,569","±1,875","3,299","±1,327","31.2%","±9.3","7,270","±1,313","68.8%","±9.3","1,831","±657","417","±305","22.8%","±14.1","1,414","±564","77.2%","±14.1","16,840,126","±82,853","4,298,598","±44,607","25.5%","±0.2","12,541,528","±65,457","74.5%","±0.2"
"    Natural resources, construction, and maintenance occupations:","12,663","±2,219","12,257","±2,158","96.8%","±1.9","406","±244","3.2%","±1.9","4,144","±1,119","4,044","±1,144","97.6%","±3.7","100","±144","2.4%","±3.7","5,765","±1,482","5,765","±1,482","100.0%","±3.0","0","±206","0.0%","±3.0","2,750","±1,042","2,657","±1,042","96.6%","±5.6","93","±153","3.4%","±5.6","1,569","±670","1,366","±606","87.1%","±20.6","203","±352","12.9%","±20.6","4,666","±973","4,495","±944","96.3%","±4.6","171","±217","3.7%","±4.6","12,268","±2,210","11,618","±2,109","94.7%","±3.2","650","±403","5.3%","±3.2","7,047","±1,352","6,741","±1,353","95.7%","±4.5","306","±316","4.3%","±4.5","5,082","±1,339","5,036","±1,339","99.1%","±1.2","46","±59","0.9%","±1.2","8,906","±2,037","8,508","±1,904","95.5%","±5.3","398","±501","4.5%","±5.3","3,952","±1,190","3,654","±1,009","92.5%","±9.5","298","±413","7.5%","±9.5","14,041,340","±80,258","13,322,201","±74,148","94.9%","±0.1","719,139","±17,747","5.1%","±0.1"
"        Farming, fishing, and forestry occupations","1,021","±779","890","±715","87.2%","±16.5","131","±164","12.8%","±16.5","27","±37","0","±206","0.0%","±100.0","27","±37","100.0%","±100.0","6","±10","6","±10","100.0%","±100.0","0","±206","0.0%","±100.0","110","±209","110","±209","100.0%","±65.6","0","±206","0.0%","±65.6","296","±370","296","±370","100.0%","±40.0","0","±206","0.0%","±40.0","411","±390","411","±390","100.0%","±33.1","0","±206","0.0%","±33.1","93","±116","93","±116","100.0%","±71.4","0","±206","0.0%","±71.4","157","±168","157","±168","100.0%","±54.9","0","±206","0.0%","±54.9","60","±83","60","±83","100.0%","±88.8","0","±206","0.0%","±88.8","268","±245","268","±245","100.0%","±42.0","0","±206","0.0%","±42.0","276","±302","190","±258","68.8%","±50.2","86","±158","31.2%","±50.2","997,360","±22,540","755,724","±17,858","75.8%","±0.8","241,636","±10,093","24.2%","±0.8"
"        Construction and extraction occupations","7,724","±1,548","7,449","±1,546","96.4%","±2.7","275","±194","3.6%","±2.7","2,556","±989","2,556","±989","100.0%","±6.6","0","±206","0.0%","±6.6","2,539","±979","2,539","±979","100.0%","±6.7","0","±206","0.0%","±6.7","1,527","±838","1,527","±838","100.0%","±10.8","0","±206","0.0%","±10.8","780","±468","577","±307","74.0%","±34.7","203","±352","26.0%","±34.7","2,785","±843","2,785","±843","100.0%","±6.1","0","±206","0.0%","±6.1","7,414","±1,850","7,059","±1,800","95.2%","±3.6","355","±275","4.8%","±3.6","4,672","±1,218","4,366","±1,213","93.5%","±6.8","306","±316","6.5%","±6.8","2,392","±840","2,360","±848","98.7%","±2.5","32","±55","1.3%","±2.5","5,571","±1,615","5,173","±1,434","92.9%","±8.2","398","±501","7.1%","±8.2","1,594","±808","1,382","±783","86.7%","±20.4","212","±321","13.3%","±20.4","8,181,101","±69,175","7,903,132","±66,930","96.6%","±0.1","277,969","±12,527","3.4%","±0.1"
"        Installation, maintenance, and repair occupations","3,918","±1,229","3,918","±1,229","100.0%","±4.4","0","±206","0.0%","±4.4","1,561","±618","1,488","±628","95.3%","±9.5","73","±141","4.7%","±9.5","3,220","±1,051","3,220","±1,051","100.0%","±5.3","0","±206","0.0%","±5.3","1,113","±508","1,020","±504","91.6%","±13.6","93","±153","8.4%","±13.6","493","±311","493","±311","100.0%","±29.1","0","±206","0.0%","±29.1","1,470","±431","1,299","±390","88.4%","±13.6","171","±217","11.6%","±13.6","4,761","±1,159","4,466","±1,066","93.8%","±6.2","295","±309","6.2%","±6.2","2,218","±869","2,218","±869","100.0%","±7.6","0","±206","0.0%","±7.6","2,630","±1,049","2,616","±1,050","99.5%","±1.0","14","±25","0.5%","±1.0","3,067","±1,016","3,067","±1,016","100.0%","±5.5","0","±206","0.0%","±5.5","2,082","±809","2,082","±809","100.0%","±8.1","0","±206","0.0%","±8.1","4,862,879","±37,870","4,663,345","±36,044","95.9%","±0.2","199,534","±9,833","4.1%","±0.2"
"    Production, transportation, and material moving occupations:","21,049","±2,868","13,547","±1,955","64.4%","±4.9","7,502","±1,563","35.6%","±4.9","8,464","±2,033","5,159","±1,131","61.0%","±11.6","3,305","±1,498","39.0%","±11.6","9,030","±1,487","7,466","±1,347","82.7%","±7.0","1,564","±713","17.3%","±7.0","3,172","±1,152","2,124","±869","67.0%","±15.9","1,048","±674","33.0%","±15.9","6,071","±1,280","3,840","±1,076","63.3%","±12.7","2,231","±939","36.7%","±12.7","4,985","±1,170","3,574","±892","71.7%","±10.7","1,411","±687","28.3%","±10.7","25,751","±3,061","19,229","±2,635","74.7%","±5.8","6,522","±1,728","25.3%","±5.8","8,841","±1,785","6,859","±1,518","77.6%","±9.7","1,982","±993","22.4%","±9.7","12,442","±2,207","9,407","±1,883","75.6%","±6.2","3,035","±921","24.4%","±6.2","17,815","±2,790","12,865","±2,283","72.2%","±6.2","4,950","±1,357","27.8%","±6.2","6,891","±1,693","5,504","±1,335","79.9%","±9.5","1,387","±810","20.1%","±9.5","21,001,720","±75,670","15,889,851","±63,222","75.7%","±0.2","5,111,869","±45,419","24.3%","±0.2"
"        Production occupations","12,875","±2,062","7,550","±1,330","58.6%","±7.3","5,325","±1,410","41.4%","±7.3","4,309","±1,485","2,448","±847","56.8%","±17.8","1,861","±1,162","43.2%","±17.8","4,402","±1,213","3,486","±1,125","79.2%","±11.5","916","±538","20.8%","±11.5","1,270","±630","863","±539","68.0%","±20.8","407","±307","32.0%","±20.8","3,166","±1,045","1,473","±705","46.5%","±18.0","1,693","±831","53.5%","±18.0","2,187","±735","1,506","±604","68.9%","±13.6","681","±368","31.1%","±13.6","9,945","±2,197","6,202","±1,670","62.4%","±9.5","3,743","±1,234","37.6%","±9.5","3,985","±1,339","3,697","±1,377","92.8%","±6.7","288","±239","7.2%","±6.7","5,164","±1,200","2,966","±919","57.4%","±11.8","2,198","±799","42.6%","±11.8","8,016","±1,839","4,852","±1,180","60.5%","±10.4","3,164","±1,260","39.5%","±10.4","2,988","±1,140","1,987","±756","66.5%","±19.0","1,001","±790","33.5%","±19.0","8,871,933","±54,084","6,259,878","±44,482","70.6%","±0.3","2,612,055","±29,335","29.4%","±0.3"
"        Transportation occupations","3,268","±883","2,886","±839","88.3%","±7.6","382","±264","11.7%","±7.6","1,271","±645","1,241","±638","97.6%","±4.2","30","±50","2.4%","±4.2","2,922","±1,000","2,864","±990","98.0%","±2.6","58","±77","2.0%","±2.6","968","±568","883","±549","91.2%","±15.1","85","±147","8.8%","±15.1","1,096","±540","1,089","±540","99.4%","±1.5","7","±16","0.6%","±1.5","2,090","±793","1,479","±645","70.8%","±23.6","611","±591","29.2%","±23.6","7,592","±1,469","6,536","±1,474","86.1%","±7.5","1,056","±570","13.9%","±7.5","3,135","±1,053","2,107","±701","67.2%","±20.0","1,028","±814","32.8%","±20.0","3,140","±944","3,048","±947","97.1%","±5.3","92","±167","2.9%","±5.3","4,471","±1,373","4,158","±1,412","93.0%","±5.9","313","±234","7.0%","±5.9","1,928","±699","1,928","±699","100.0%","±8.7","0","±206","0.0%","±8.7","6,260,219","±47,639","5,317,943","±40,724","84.9%","±0.3","942,276","±21,129","15.1%","±0.3"
"        Material moving occupations","4,906","±1,265","3,111","±950","63.4%","±12.1","1,795","±775","36.6%","±12.1","2,884","±1,139","1,470","±686","51.0%","±21.1","1,414","±946","49.0%","±21.1","1,706","±811","1,116","±631","65.4%","±18.0","590","±405","34.6%","±18.0","934","±643","378","±307","40.5%","±26.6","556","±495","59.5%","±26.6","1,809","±570","1,278","±521","70.6%","±15.7","531","±319","29.4%","±15.7","708","±355","589","±317","83.2%","±15.6","119","±122","16.8%","±15.6","8,214","±2,059","6,491","±1,835","79.0%","±10.9","1,723","±997","21.0%","±10.9","1,721","±832","1,055","±655","61.3%","±25.5","666","±546","38.7%","±25.5","4,138","±1,373","3,393","±1,323","82.0%","±13.6","745","±572","18.0%","±13.6","5,328","±1,619","3,855","±1,447","72.4%","±15.8","1,473","±934","27.6%","±15.8","1,975","±817","1,589","±730","80.5%","±13.0","386","±282","19.5%","±13.0","5,869,568","±48,601","4,312,030","±41,530","73.5%","±0.4","1,557,538","±25,046","26.5%","±0.4"