"Label","Ascension Parish, Louisiana!!Total!!Estimate","Ascension Parish, Louisiana!!Total!!Margin of Error","Ascension Parish, Louisiana!!Male!!Estimate","Ascension Parish, Louisiana!!Male!!Margin of Error","Ascension Parish, Louisiana!!Percent Male!!Estimate","Ascension Parish, Louisiana!!Percent Male!!Margin of Error","Ascension Parish, Louisiana!!Female!!Estimate","Ascension Parish, Louisiana!!Female!!Margin of Error","Ascension Parish, Louisiana!!Percent Female!!Estimate","Ascension Parish, Louisiana!!Percent Female!!Margin of Error","Bossier Parish, Louisiana!!Total!!Estimate","Bossier Parish, Louisiana!!Total!!Margin of Error","Bossier Parish, Louisiana!!Male!!Estimate","Bossier Parish, Louisiana!!Male!!Margin of Error","Bossier Parish, Louisiana!!Percent Male!!Estimate","Bossier Parish, Louisiana!!Percent Male!!Margin of Error","Bossier Parish, Louisiana!!Female!!Estimate","Bossier Parish, Louisiana!!Female!!Margin of Error","Bossier Parish, Louisiana!!Percent Female!!Estimate","Bossier Parish, Louisiana!!Percent Female!!Margin of Error","Caddo Parish, Louisiana!!Total!!Estimate","Caddo Parish, Louisiana!!Total!!Margin of Error","Caddo Parish, Louisiana!!Male!!Estimate","Caddo Parish, Louisiana!!Male!!Margin of Error","Caddo Parish, Louisiana!!Percent Male!!Estimate","Caddo Parish, Louisiana!!Percent Male!!Margin of Error","Caddo Parish, Louisiana!!Female!!Estimate","Caddo Parish, Louisiana!!Female!!Margin of Error","Caddo Parish, Louisiana!!Percent Female!!Estimate","Caddo Parish, Louisiana!!Percent Female!!Margin of Error","Calcasieu Parish, Louisiana!!Total!!Estimate","Calcasieu Parish, Louisiana!!Total!!Margin of Error","Calcasieu Parish, Louisiana!!Male!!Estimate","Calcasieu Parish, Louisiana!!Male!!Margin of Error","Calcasieu Parish, Louisiana!!Percent Male!!Estimate","Calcasieu Parish, Louisiana!!Percent Male!!Margin of Error","Calcasieu Parish, Louisiana!!Female!!Estimate","Calcasieu Parish, Louisiana!!Female!!Margin of Error","Calcasieu Parish, Louisiana!!Percent Female!!Estimate","Calcasieu Parish, Louisiana!!Percent Female!!Margin of Error","East Baton Rouge Parish, Louisiana!!Total!!Estimate","East Baton Rouge Parish, Louisiana!!Total!!Margin of Error","East Baton Rouge Parish, Louisiana!!Male!!Estimate","East Baton Rouge Parish, Louisiana!!Male!!Margin of Error","East Baton Rouge Parish, Louisiana!!Percent Male!!Estimate","East Baton Rouge Parish, Louisiana!!Percent Male!!Margin of Error","East Baton Rouge Parish, Louisiana!!Female!!Estimate","East Baton Rouge Parish, Louisiana!!Female!!Margin of Error","East Baton Rouge Parish, Louisiana!!Percent Female!!Estimate","East Baton Rouge Parish, Louisiana!!Percent Female!!Margin of Error","Iberia Parish, Louisiana!!Total!!Estimate","Iberia Parish, Louisiana!!Total!!Margin of Error","Iberia Parish, Louisiana!!Male!!Estimate","Iberia Parish, Louisiana!!Male!!Margin of Error","Iberia Parish, Louisiana!!Percent Male!!Estimate","Iberia Parish, Louisiana!!Percent Male!!Margin of Error","Iberia Parish, Louisiana!!Female!!Estimate","Iberia Parish, Louisiana!!Female!!Margin of Error","Iberia Parish, Louisiana!!Percent Female!!Estimate","Iberia Parish, Louisiana!!Percent Female!!Margin of Error","Jefferson Parish, Louisiana!!Total!!Estimate","Jefferson Parish, Louisiana!!Total!!Margin of Error","Jefferson Parish, Louisiana!!Male!!Estimate","Jefferson Parish, Louisiana!!Male!!Margin of Error","Jefferson Parish, Louisiana!!Percent Male!!Estimate","Jefferson Parish, Louisiana!!Percent Male!!Margin of Error","Jefferson Parish, Louisiana!!Female!!Estimate","Jefferson Parish, Louisiana!!Female!!Margin of Error","Jefferson Parish, Louisiana!!Percent Female!!Estimate","Jefferson Parish, Louisiana!!Percent Female!!Margin of Error","Lafayette Parish, Louisiana!!Total!!Estimate","Lafayette Parish, Louisiana!!Total!!Margin of Error","Lafayette Parish, Louisiana!!Male!!Estimate","Lafayette Parish, Louisiana!!Male!!Margin of Error","Lafayette Parish, Louisiana!!Percent Male!!Estimate","Lafayette Parish, Louisiana!!Percent Male!!Margin of Error","Lafayette Parish, Louisiana!!Female!!Estimate","Lafayette Parish, Louisiana!!Female!!Margin of Error","Lafayette Parish, Louisiana!!Percent Female!!Estimate","Lafayette Parish, Louisiana!!Percent Female!!Margin of Error","Lafourche Parish, Louisiana!!Total!!Estimate","Lafourche Parish, Louisiana!!Total!!Margin of Error","Lafourche Parish, Louisiana!!Male!!Estimate","Lafourche Parish, Louisiana!!Male!!Margin of Error","Lafourche Parish, Louisiana!!Percent Male!!Estimate","Lafourche Parish, Louisiana!!Percent Male!!Margin of Error","Lafourche Parish, Louisiana!!Female!!Estimate","Lafourche Parish, Louisiana!!Female!!Margin of Error","Lafourche Parish, Louisiana!!Percent Female!!Estimate","Lafourche Parish, Louisiana!!Percent Female!!Margin of Error","Livingston Parish, Louisiana!!Total!!Estimate","Livingston Parish, Louisiana!!Total!!Margin of Error","Livingston Parish, Louisiana!!Male!!Estimate","Livingston Parish, Louisiana!!Male!!Margin of Error","Livingston Parish, Louisiana!!Percent Male!!Estimate","Livingston Parish, Louisiana!!Percent Male!!Margin of Error","Livingston Parish, Louisiana!!Female!!Estimate","Livingston Parish, Louisiana!!Female!!Margin of Error","Livingston Parish, Louisiana!!Percent Female!!Estimate","Livingston Parish, Louisiana!!Percent Female!!Margin of Error","Orleans Parish, Louisiana!!Total!!Estimate","Orleans Parish, Louisiana!!Total!!Margin of Error","Orleans Parish, Louisiana!!Male!!Estimate","Orleans Parish, Louisiana!!Male!!Margin of Error","Orleans Parish, Louisiana!!Percent Male!!Estimate","Orleans Parish, Louisiana!!Percent Male!!Margin of Error","Orleans Parish, Louisiana!!Female!!Estimate","Orleans Parish, Louisiana!!Female!!Margin of Error","Orleans Parish, Louisiana!!Percent Female!!Estimate","Orleans Parish, Louisiana!!Percent Female!!Margin of Error","Ouachita Parish, Louisiana!!Total!!Estimate","Ouachita Parish, Louisiana!!Total!!Margin of Error","Ouachita Parish, Louisiana!!Male!!Estimate","Ouachita Parish, Louisiana!!Male!!Margin of Error","Ouachita Parish, Louisiana!!Percent Male!!Estimate","Ouachita Parish, Louisiana!!Percent Male!!Margin of Error","Ouachita Parish, Louisiana!!Female!!Estimate","Ouachita Parish, Louisiana!!Female!!Margin of Error","Ouachita Parish, Louisiana!!Percent Female!!Estimate","Ouachita Parish, Louisiana!!Percent Female!!Margin of Error","Rapides Parish, Louisiana!!Total!!Estimate","Rapides Parish, Louisiana!!Total!!Margin of Error","Rapides Parish, Louisiana!!Male!!Estimate","Rapides Parish, Louisiana!!Male!!Margin of Error","Rapides Parish, Louisiana!!Percent Male!!Estimate","Rapides Parish, Louisiana!!Percent Male!!Margin of Error","Rapides Parish, Louisiana!!Female!!Estimate","Rapides Parish, Louisiana!!Female!!Margin of Error","Rapides Parish, Louisiana!!Percent Female!!Estimate","Rapides Parish, Louisiana!!Percent Female!!Margin of Error","St. Landry Parish, Louisiana!!Total!!Estimate","St. Landry Parish, Louisiana!!Total!!Margin of Error","St. Landry Parish, Louisiana!!Male!!Estimate","St. Landry Parish, Louisiana!!Male!!Margin of Error","St. Landry Parish, Louisiana!!Percent Male!!Estimate","St. Landry Parish, Louisiana!!Percent Male!!Margin of Error","St. Landry Parish, Louisiana!!Female!!Estimate","St. Landry Parish, Louisiana!!Female!!Margin of Error","St. Landry Parish, Louisiana!!Percent Female!!Estimate","St. Landry Parish, Louisiana!!Percent Female!!Margin of Error","St. Tammany Parish, Louisiana!!Total!!Estimate","St. Tammany Parish, Louisiana!!Total!!Margin of Error","St. Tammany Parish, Louisiana!!Male!!Estimate","St. Tammany Parish, Louisiana!!Male!!Margin of Error","St. Tammany Parish, Louisiana!!Percent Male!!Estimate","St. Tammany Parish, Louisiana!!Percent Male!!Margin of Error","St. Tammany Parish, Louisiana!!Female!!Estimate","St. Tammany Parish, Louisiana!!Female!!Margin of Error","St. Tammany Parish, Louisiana!!Percent Female!!Estimate","St. Tammany Parish, Louisiana!!Percent Female!!Margin of Error","Tangipahoa Parish, Louisiana!!Total!!Estimate","Tangipahoa Parish, Louisiana!!Total!!Margin of Error","Tangipahoa Parish, Louisiana!!Male!!Estimate","Tangipahoa Parish, Louisiana!!Male!!Margin of Error","Tangipahoa Parish, Louisiana!!Percent Male!!Estimate","Tangipahoa Parish, Louisiana!!Percent Male!!Margin of Error","Tangipahoa Parish, Louisiana!!Female!!Estimate","Tangipahoa Parish, Louisiana!!Female!!Margin of Error","Tangipahoa Parish, Louisiana!!Percent Female!!Estimate","Tangipahoa Parish, Louisiana!!Percent Female!!Margin of Error","Terrebonne Parish, Louisiana!!Total!!Estimate","Terrebonne Parish, Louisiana!!Total!!Margin of Error","Terrebonne Parish, Louisiana!!Male!!Estimate","Terrebonne Parish, Louisiana!!Male!!Margin of Error","Terrebonne Parish, Louisiana!!Percent Male!!Estimate","Terrebonne Parish, Louisiana!!Percent Male!!Margin of Error","Terrebonne Parish, Louisiana!!Female!!Estimate","Terrebonne Parish, Louisiana!!Female!!Margin of Error","Terrebonne Parish, Louisiana!!Percent Female!!Estimate","Terrebonne Parish, Louisiana!!Percent Female!!Margin of Error","United States!!Total!!Estimate","United States!!Total!!Margin of Error","United States!!Male!!Estimate","United States!!Male!!Margin of Error","United States!!Percent Male!!Estimate","United States!!Percent Male!!Margin of Error","United States!!Female!!Estimate","United States!!Female!!Margin of Error","United States!!Percent Female!!Estimate","United States!!Percent Female!!Margin of Error"
"Civilian employed population 16 years and over","62,410","±3,043","33,096","±2,031","53.0%","±2.5","29,314","±2,315","47.0%","±2.5","54,547","±2,543","28,532","±2,072","52.3%","±2.8","26,015","±1,906","47.7%","±2.8","96,323","±4,546","47,548","±3,257","49.4%","±2.4","48,775","±3,226","50.6%","±2.4","83,670","±4,153","44,873","±2,873","53.6%","±2.0","38,797","±2,510","46.4%","±2.0","214,326","±6,003","105,952","±3,200","49.4%","±1.2","108,374","±4,593","50.6%","±1.2","N","N","N","N","N","N","N","N","N","N","215,638","±4,622","109,882","±2,822","51.0%","±1.0","105,756","±3,505","49.0%","±1.0","120,189","±4,542","61,021","±3,318","50.8%","±1.7","59,168","±2,689","49.2%","±1.7","41,812","±2,181","23,167","±1,540","55.4%","±2.7","18,645","±1,598","44.6%","±2.7","63,551","±4,126","33,756","±2,625","53.1%","±2.6","29,795","±2,668","46.9%","±2.6","188,427","±4,163","91,249","±3,736","48.4%","±1.4","97,178","±2,923","51.6%","±1.4","64,464","±3,500","29,977","±2,778","46.5%","±3.2","34,487","±2,600","53.5%","±3.2","56,301","±2,803","27,495","±1,787","48.8%","±2.6","28,806","±2,234","51.2%","±2.6","31,413","±2,402","17,040","±1,613","54.2%","±3.5","14,373","±1,626","45.8%","±3.5","116,689","±4,145","59,168","±2,550","50.7%","±1.8","57,521","±3,346","49.3%","±1.8","58,617","±3,187","28,852","±2,383","49.2%","±2.8","29,765","±2,208","50.8%","±2.8","49,048","±3,077","25,529","±2,571","52.0%","±3.9","23,519","±2,359","48.0%","±3.9","158,758,794","±158,474","83,061,060","±91,586","52.3%","±0.1","75,697,734","±106,057","47.7%","±0.1"
"    Management, business, science, and arts occupations:","25,215","±3,340","11,093","±1,907","44.0%","±4.6","14,122","±2,177","56.0%","±4.6","17,808","±2,451","9,338","±1,742","52.4%","±5.8","8,470","±1,459","47.6%","±5.8","33,466","±3,492","12,744","±2,116","38.1%","±4.5","20,722","±2,467","61.9%","±4.5","26,990","±2,869","11,411","±1,927","42.3%","±5.2","15,579","±2,055","57.7%","±5.2","84,152","±5,186","37,755","±3,463","44.9%","±2.7","46,397","±3,368","55.1%","±2.7","N","N","N","N","N","N","N","N","N","N","74,158","±4,773","30,489","±3,079","41.1%","±2.9","43,669","±3,362","58.9%","±2.9","49,915","±4,011","21,716","±2,479","43.5%","±3.2","28,199","±2,635","56.5%","±3.2","13,504","±1,893","5,928","±1,026","43.9%","±6.1","7,576","±1,485","56.1%","±6.1","22,689","±3,062","9,631","±1,786","42.4%","±6.1","13,058","±2,359","57.6%","±6.1","86,399","±4,196","36,964","±2,629","42.8%","±2.2","49,435","±3,064","57.2%","±2.2","23,117","±2,733","8,586","±1,576","37.1%","±4.8","14,531","±1,964","62.9%","±4.8","18,169","±2,320","7,271","±1,226","40.0%","±5.4","10,898","±1,831","60.0%","±5.4","7,336","±1,400","3,038","±834","41.4%","±8.3","4,298","±1,008","58.6%","±8.3","48,829","±4,103","23,497","±2,680","48.1%","±3.7","25,332","±2,799","51.9%","±3.7","21,718","±3,017","9,470","±1,980","43.6%","±6.2","12,248","±2,061","56.4%","±6.2","13,060","±2,792","5,575","±1,483","42.7%","±8.1","7,485","±2,050","57.3%","±8.1","63,267,357","±216,159","29,841,855","±117,141","47.2%","±0.1","33,425,502","±119,923","52.8%","±0.1"
"        Management, business, and financial occupations:","10,609","±2,154","6,066","±1,678","57.2%","±10.4","4,543","±1,415","42.8%","±10.4","7,847","±1,688","4,233","±1,315","53.9%","±10.7","3,614","±1,086","46.1%","±10.7","11,073","±2,449","5,605","±1,616","50.6%","±8.9","5,468","±1,534","49.4%","±8.9","8,123","±1,614","4,037","±957","49.7%","±10.1","4,086","±1,313","50.3%","±10.1","28,106","±2,875","14,395","±1,830","51.2%","±4.5","13,711","±1,996","48.8%","±4.5","N","N","N","N","N","N","N","N","N","N","26,951","±3,069","13,254","±1,937","49.2%","±4.7","13,697","±2,048","50.8%","±4.7","16,932","±2,462","9,027","±1,619","53.3%","±7.6","7,905","±1,909","46.7%","±7.6","5,023","±1,006","3,018","±749","60.1%","±11.5","2,005","±768","39.9%","±11.5","10,496","±2,335","6,044","±1,469","57.6%","±10.7","4,452","±1,714","42.4%","±10.7","32,005","±2,750","15,666","±1,865","48.9%","±4.6","16,339","±2,175","51.1%","±4.6","7,067","±1,571","3,263","±960","46.2%","±10.8","3,804","±1,218","53.8%","±10.8","6,935","±1,701","3,347","±1,143","48.3%","±12.1","3,588","±1,249","51.7%","±12.1","2,507","±951","1,020","±559","40.7%","±17.9","1,487","±757","59.3%","±17.9","20,087","±2,794","11,995","±2,048","59.7%","±5.8","8,092","±1,597","40.3%","±5.8","7,280","±1,862","4,260","±1,243","58.5%","±14.1","3,020","±1,460","41.5%","±14.1","5,026","±1,371","2,491","±1,009","49.6%","±13.7","2,535","±915","50.4%","±13.7","25,587,202","±98,137","13,883,359","±57,929","54.3%","±0.1","11,703,843","±59,356","45.7%","±0.1"
"            Management occupations","8,271","±2,029","5,268","±1,599","63.7%","±10.4","3,003","±1,086","36.3%","±10.4","5,632","±1,303","3,348","±1,218","59.4%","±14.2","2,284","±857","40.6%","±14.2","8,737","±2,413","4,542","±1,434","52.0%","±9.9","4,195","±1,536","48.0%","±9.9","5,897","±1,471","3,188","±899","54.1%","±12.0","2,709","±1,101","45.9%","±12.0","18,209","±2,269","10,365","±1,661","56.9%","±6.3","7,844","±1,556","43.1%","±6.3","N","N","N","N","N","N","N","N","N","N","19,588","±2,683","10,581","±1,876","54.0%","±5.7","9,007","±1,630","46.0%","±5.7","10,504","±2,105","5,744","±1,075","54.7%","±10.9","4,760","±1,841","45.3%","±10.9","3,483","±835","2,504","±725","71.9%","±12.0","979","±479","28.1%","±12.0","6,419","±1,686","4,481","±1,349","69.8%","±12.4","1,938","±989","30.2%","±12.4","21,468","±2,253","10,333","±1,585","48.1%","±5.5","11,135","±1,683","51.9%","±5.5","4,922","±1,332","2,244","±801","45.6%","±14.3","2,678","±1,122","54.4%","±14.3","5,275","±1,696","2,494","±1,018","47.3%","±14.3","2,781","±1,257","52.7%","±14.3","2,376","±927","939","±526","39.5%","±18.2","1,437","±756","60.5%","±18.2","15,240","±2,553","9,664","±1,967","63.4%","±6.6","5,576","±1,329","36.6%","±6.6","4,636","±1,699","2,355","±1,059","50.8%","±18.4","2,281","±1,320","49.2%","±18.4","3,417","±1,216","1,925","±933","56.3%","±17.6","1,492","±782","43.7%","±17.6","17,049,444","±78,966","9,993,197","±48,456","58.6%","±0.1","7,056,247","±44,048","41.4%","±0.1"
"            Business and financial operations occupations","2,338","±1,046","798","±552","34.1%","±18.1","1,540","±797","65.9%","±18.1","2,215","±966","885","±635","40.0%","±25.0","1,330","±821","60.0%","±25.0","2,336","±1,056","1,063","±786","45.5%","±24.4","1,273","±747","54.5%","±24.4","2,226","±998","849","±489","38.1%","±19.6","1,377","±838","61.9%","±19.6","9,897","±1,795","4,030","±946","40.7%","±7.9","5,867","±1,456","59.3%","±7.9","N","N","N","N","N","N","N","N","N","N","7,363","±1,528","2,673","±903","36.3%","±9.0","4,690","±1,143","63.7%","±9.0","6,428","±1,533","3,283","±1,015","51.1%","±10.1","3,145","±996","48.9%","±10.1","1,540","±633","514","±275","33.4%","±17.6","1,026","±570","66.6%","±17.6","4,077","±1,503","1,563","±722","38.3%","±17.0","2,514","±1,332","61.7%","±17.0","10,537","±1,711","5,333","±1,336","50.6%","±8.1","5,204","±1,056","49.4%","±8.1","2,145","±685","1,019","±514","47.5%","±18.6","1,126","±541","52.5%","±18.6","1,660","±734","853","±595","51.4%","±27.6","807","±547","48.6%","±27.6","131","±165","81","±145","61.8%","±61.8","50","±88","38.2%","±61.8","4,847","±1,262","2,331","±827","48.1%","±12.5","2,516","±916","51.9%","±12.5","2,644","±1,126","1,905","±1,022","72.0%","±20.0","739","±576","28.0%","±20.0","1,609","±597","566","±393","35.2%","±19.0","1,043","±464","64.8%","±19.0","8,537,758","±58,478","3,890,162","±38,834","45.6%","±0.3","4,647,596","±40,221","54.4%","±0.3"
"        Computer, engineering, and science occupations:","3,201","±1,449","2,430","±1,189","75.9%","±14.5","771","±581","24.1%","±14.5","2,225","±1,060","2,098","±1,056","94.3%","±6.8","127","±147","5.7%","±6.8","4,183","±1,137","3,489","±1,020","83.4%","±9.6","694","±451","16.6%","±9.6","4,404","±1,397","3,554","±1,198","80.7%","±11.1","850","±568","19.3%","±11.1","14,007","±2,222","10,310","±2,183","73.6%","±7.7","3,697","±1,082","26.4%","±7.7","N","N","N","N","N","N","N","N","N","N","9,922","±2,199","6,964","±1,580","70.2%","±8.8","2,958","±1,200","29.8%","±8.8","6,342","±1,368","4,410","±989","69.5%","±10.7","1,932","±893","30.5%","±10.7","1,302","±592","829","±492","63.7%","±23.2","473","±340","36.3%","±23.2","3,113","±1,087","1,569","±698","50.4%","±17.9","1,544","±830","49.6%","±17.9","10,023","±1,257","6,497","±998","64.8%","±7.4","3,526","±929","35.2%","±7.4","2,045","±873","932","±604","45.6%","±23.1","1,113","±650","54.4%","±23.1","1,967","±869","1,069","±604","54.3%","±21.1","898","±608","45.7%","±21.1","922","±537","693","±482","75.2%","±24.0","229","±219","24.8%","±24.0","5,183","±1,209","3,976","±1,072","76.7%","±9.0","1,207","±517","23.3%","±9.0","3,285","±1,508","2,262","±1,240","68.9%","±19.6","1,023","±752","31.1%","±19.6","1,637","±775","1,637","±775","100.0%","±11.9","0","±224","0.0%","±11.9","10,181,740","±72,083","7,442,100","±56,458","73.1%","±0.2","2,739,640","±27,767","26.9%","±0.2"
"            Computer and mathematical occupations","393","±327","217","±296","55.2%","±44.5","176","±165","44.8%","±44.5","1,088","±630","961","±611","88.3%","±14.1","127","±147","11.7%","±14.1","2,251","±888","1,831","±803","81.3%","±12.6","420","±317","18.7%","±12.6","969","±628","585","±459","60.4%","±31.2","384","±404","39.6%","±31.2","5,520","±1,344","3,725","±1,238","67.5%","±13.5","1,795","±831","32.5%","±13.5","N","N","N","N","N","N","N","N","N","N","3,629","±1,438","2,122","±893","58.5%","±10.5","1,507","±724","41.5%","±10.5","2,865","±1,056","2,111","±735","73.7%","±14.2","754","±582","26.3%","±14.2","826","±520","457","±421","55.3%","±33.4","369","±324","44.7%","±33.4","623","±610","490","±550","78.7%","±40.3","133","±247","21.3%","±40.3","4,429","±870","2,982","±760","67.3%","±11.4","1,447","±594","32.7%","±11.4","1,428","±766","512","±436","35.9%","±26.2","916","±629","64.1%","±26.2","713","±427","190","±223","26.6%","±29.8","523","±405","73.4%","±29.8","266","±306","172","±272","64.7%","±53.5","94","±128","35.3%","±53.5","1,730","±741","1,163","±633","67.2%","±19.2","567","±380","32.8%","±19.2","1,109","±702","587","±521","52.9%","±33.7","522","±476","47.1%","±33.7","338","±401","338","±401","100.0%","±40.8","0","±224","0.0%","±40.8","5,231,914","±39,534","3,831,913","±29,645","73.2%","±0.3","1,400,001","±20,859","26.8%","±0.3"
"            Architecture and engineering occupations","2,339","±1,356","1,785","±1,174","76.3%","±19.8","554","±533","23.7%","±19.8","728","±700","728","±700","100.0%","±24.4","0","±224","0.0%","±24.4","1,414","±551","1,289","±537","91.2%","±13.9","125","±200","8.8%","±13.9","1,964","±951","1,894","±921","96.4%","±6.0","70","±123","3.6%","±6.0","5,300","±1,494","4,643","±1,478","87.6%","±7.5","657","±390","12.4%","±7.5","N","N","N","N","N","N","N","N","N","N","3,585","±861","3,268","±850","91.2%","±6.7","317","±245","8.8%","±6.7","2,061","±716","1,863","±688","90.4%","±11.0","198","±237","9.6%","±11.0","263","±238","263","±238","100.0%","±46.2","0","±224","0.0%","±46.2","1,068","±580","972","±559","91.0%","±14.3","96","±156","9.0%","±14.3","3,165","±615","2,378","±512","75.1%","±10.2","787","±380","24.9%","±10.2","506","±322","420","±264","83.0%","±24.2","86","±144","17.0%","±24.2","942","±661","634","±525","67.3%","±39.9","308","±437","32.7%","±39.9","345","±333","284","±312","82.3%","±34.9","61","±104","17.7%","±34.9","2,463","±844","2,369","±870","96.2%","±5.7","94","±132","3.8%","±5.7","1,341","±1,104","1,341","±1,104","100.0%","±14.3","0","±224","0.0%","±14.3","1,066","±593","1,066","±593","100.0%","±17.6","0","±224","0.0%","±17.6","3,283,825","±36,274","2,750,591","±33,007","83.8%","±0.3","533,234","±12,254","16.2%","±0.3"
"            Life, physical, and social science occupations","469","±384","428","±375","91.3%","±15.7","41","±65","8.7%","±15.7","409","±489","409","±489","100.0%","±37.0","0","±224","0.0%","±37.0","518","±329","369","±238","71.2%","±29.9","149","±198","28.8%","±29.9","1,471","±744","1,075","±608","73.1%","±22.0","396","±392","26.9%","±22.0","3,187","±1,399","1,942","±1,362","60.9%","±21.8","1,245","±576","39.1%","±21.8","N","N","N","N","N","N","N","N","N","N","2,708","±1,364","1,574","±942","58.1%","±26.8","1,134","±969","41.9%","±26.8","1,416","±747","436","±369","30.8%","±24.5","980","±685","69.2%","±24.5","213","±166","109","±137","51.2%","±40.6","104","±94","48.8%","±40.6","1,422","±839","107","±187","7.5%","±15.3","1,315","±862","92.5%","±15.3","2,429","±692","1,137","±364","46.8%","±13.5","1,292","±582","53.2%","±13.5","111","±137","0","±224","0.0%","±71.1","111","±137","100.0%","±71.1","312","±277","245","±262","78.5%","±40.8","67","±132","21.5%","±40.8","311","±317","237","±290","76.2%","±43.2","74","±135","23.8%","±43.2","990","±459","444","±303","44.8%","±22.0","546","±322","55.2%","±22.0","835","±650","334","±283","40.0%","±35.6","501","±576","60.0%","±35.6","233","±215","233","±215","100.0%","±49.1","0","±224","0.0%","±49.1","1,666,001","±26,133","859,596","±19,146","51.6%","±0.7","806,405","±15,348","48.4%","±0.7"
"        Education, legal, community service, arts, and media occupations:","7,301","±2,216","1,917","±1,325","26.3%","±14.5","5,384","±1,727","73.7%","±14.5","4,430","±1,327","1,662","±954","37.5%","±14.8","2,768","±850","62.5%","±14.8","10,297","±1,744","1,371","±520","13.3%","±4.8","8,926","±1,646","86.7%","±4.8","8,643","±1,755","2,619","±1,264","30.3%","±11.7","6,024","±1,350","69.7%","±11.7","26,770","±3,326","9,614","±2,123","35.9%","±5.5","17,156","±2,254","64.1%","±5.5","N","N","N","N","N","N","N","N","N","N","22,896","±2,602","6,698","±1,607","29.3%","±6.2","16,198","±2,295","70.7%","±6.2","15,076","±2,683","4,768","±1,536","31.6%","±7.6","10,308","±1,975","68.4%","±7.6","3,882","±1,083","1,041","±460","26.8%","±11.0","2,841","±979","73.2%","±11.0","5,781","±1,976","1,181","±863","20.4%","±12.6","4,600","±1,705","79.6%","±12.6","31,617","±2,935","11,434","±1,652","36.2%","±4.2","20,183","±2,361","63.8%","±4.2","6,881","±1,662","2,190","±797","31.8%","±9.8","4,691","±1,385","68.2%","±9.8","5,862","±1,537","2,079","±1,098","35.5%","±14.0","3,783","±1,106","64.5%","±14.0","2,555","±787","766","±498","30.0%","±15.7","1,789","±618","70.0%","±15.7","13,693","±2,482","4,448","±1,539","32.5%","±7.9","9,245","±1,689","67.5%","±7.9","6,766","±2,208","2,460","±1,187","36.4%","±12.9","4,306","±1,628","63.6%","±12.9","2,891","±1,245","675","±391","23.3%","±12.7","2,216","±1,106","76.7%","±12.7","17,741,328","±93,549","6,072,732","±45,723","34.2%","±0.2","11,668,596","±67,198","65.8%","±0.2"
"            Community and social service occupations","0","±224","0","±224","-","**","0","±224","-","**","633","±462","329","±300","52.0%","±23.8","304","±240","48.0%","±23.8","1,710","±845","238","±190","13.9%","±13.0","1,472","±841","86.1%","±13.0","1,325","±666","476","±389","35.9%","±21.9","849","±493","64.1%","±21.9","3,847","±1,373","1,327","±727","34.5%","±14.1","2,520","±1,041","65.5%","±14.1","N","N","N","N","N","N","N","N","N","N","2,808","±949","768","±470","27.4%","±12.7","2,040","±727","72.6%","±12.7","2,426","±1,324","773","±524","31.9%","±17.8","1,653","±1,064","68.1%","±17.8","590","±469","92","±99","15.6%","±24.1","498","±462","84.4%","±24.1","1,209","±808","207","±213","17.1%","±21.1","1,002","±786","82.9%","±21.1","4,560","±1,071","874","±358","19.2%","±7.8","3,686","±1,019","80.8%","±7.8","1,274","±613","542","±318","42.5%","±25.4","732","±552","57.5%","±25.4","1,359","±815","715","±607","52.6%","±30.6","644","±522","47.4%","±30.6","377","±267","113","±146","30.0%","±38.7","264","±270","70.0%","±38.7","2,296","±910","578","±328","25.2%","±15.5","1,718","±902","74.8%","±15.5","824","±610","534","±467","64.8%","±23.7","290","±259","35.2%","±23.7","401","±367","100","±131","24.9%","±26.8","301","±306","75.1%","±26.8","2,865,705","±30,703","957,889","±17,243","33.4%","±0.5","1,907,816","±25,661","66.6%","±0.5"
"            Legal occupations","810","±534","111","±187","13.7%","±20.0","699","±455","86.3%","±20.0","359","±299","154","±237","42.9%","±51.2","205","±208","57.1%","±51.2","1,154","±537","416","±294","36.0%","±18.3","738","±389","64.0%","±18.3","416","±352","265","±234","63.7%","±27.4","151","±181","36.3%","±27.4","4,192","±1,376","1,298","±530","31.0%","±11.0","2,894","±1,161","69.0%","±11.0","N","N","N","N","N","N","N","N","N","N","2,987","±755","1,207","±376","40.4%","±10.1","1,780","±594","59.6%","±10.1","1,217","±606","706","±528","58.0%","±26.4","511","±349","42.0%","±26.4","169","±184","57","±96","33.7%","±52.8","112","±161","66.3%","±52.8","601","±468","160","±182","26.6%","±27.4","441","±404","73.4%","±27.4","5,726","±847","3,776","±690","65.9%","±7.2","1,950","±512","34.1%","±7.2","390","±322","37","±63","9.5%","±16.5","353","±313","90.5%","±16.5","528","±302","161","±182","30.5%","±33.4","367","±302","69.5%","±33.4","211","±201","32","±54","15.2%","±28.9","179","±195","84.8%","±28.9","2,605","±1,690","1,550","±1,288","59.5%","±17.5","1,055","±600","40.5%","±17.5","653","±629","87","±133","13.3%","±21.0","566","±578","86.7%","±21.0","255","±280","127","±209","49.8%","±50.2","128","±177","50.2%","±50.2","1,804,178","±26,139","848,904","±14,737","47.1%","±0.5","955,274","±17,736","52.9%","±0.5"
"            Educational instruction, and library occupations","5,156","±2,036","1,575","±1,266","30.5%","±18.9","3,581","±1,455","69.5%","±18.9","2,895","±1,204","827","±855","28.6%","±22.2","2,068","±750","71.4%","±22.2","6,543","±1,559","645","±357","9.9%","±5.3","5,898","±1,497","90.1%","±5.3","5,421","±1,363","831","±464","15.3%","±8.2","4,590","±1,279","84.7%","±8.2","14,922","±2,591","5,100","±1,667","34.2%","±7.8","9,822","±1,741","65.8%","±7.8","N","N","N","N","N","N","N","N","N","N","13,711","±2,216","2,162","±846","15.8%","±5.9","11,549","±2,131","84.2%","±5.9","9,462","±2,049","2,239","±963","23.7%","±9.0","7,223","±1,807","76.3%","±9.0","2,659","±791","692","±416","26.0%","±13.2","1,967","±666","74.0%","±13.2","2,884","±1,225","126","±135","4.4%","±4.5","2,758","±1,192","95.6%","±4.5","16,080","±2,272","4,008","±1,282","24.9%","±6.6","12,072","±1,868","75.1%","±6.6","4,060","±1,207","840","±372","20.7%","±8.4","3,220","±1,095","79.3%","±8.4","3,551","±1,138","874","±628","24.6%","±15.2","2,677","±985","75.4%","±15.2","1,722","±673","376","±425","21.8%","±20.1","1,346","±519","78.2%","±20.1","6,011","±1,403","1,135","±584","18.9%","±8.7","4,876","±1,264","81.1%","±8.7","4,298","±1,791","1,187","±874","27.6%","±15.0","3,111","±1,320","72.4%","±15.0","1,766","±931","225","±213","12.7%","±12.4","1,541","±877","87.3%","±12.4","9,822,473","±64,716","2,609,122","±32,779","26.6%","±0.3","7,213,351","±49,329","73.4%","±0.3"
"            Arts, design, entertainment, sports, and media occupations","1,335","±730","231","±303","17.3%","±22.4","1,104","±691","82.7%","±22.4","543","±536","352","±481","64.8%","±43.6","191","±180","35.2%","±43.6","890","±468","72","±125","8.1%","±15.1","818","±484","91.9%","±15.1","1,481","±1,224","1,047","±1,188","70.7%","±34.2","434","±312","29.3%","±34.2","3,809","±1,157","1,889","±934","49.6%","±16.5","1,920","±737","50.4%","±16.5","N","N","N","N","N","N","N","N","N","N","3,390","±1,285","2,561","±1,216","75.5%","±13.4","829","±398","24.5%","±13.4","1,971","±796","1,050","±582","53.3%","±23.0","921","±616","46.7%","±23.0","464","±376","200","±201","43.1%","±36.3","264","±301","56.9%","±36.3","1,087","±988","688","±782","63.3%","±41.0","399","±555","36.7%","±41.0","5,251","±1,036","2,776","±761","52.9%","±8.6","2,475","±604","47.1%","±8.6","1,157","±720","771","±585","66.6%","±29.9","386","±415","33.4%","±29.9","424","±361","329","±319","77.6%","±28.0","95","±124","22.4%","±28.0","245","±308","245","±308","100.0%","±47.9","0","±224","0.0%","±47.9","2,781","±1,115","1,185","±774","42.6%","±19.7","1,596","±725","57.4%","±19.7","991","±773","652","±633","65.8%","±38.3","339","±468","34.2%","±38.3","469","±389","223","±230","47.5%","±41.5","246","±307","52.5%","±41.5","3,248,972","±35,077","1,656,817","±24,273","51.0%","±0.5","1,592,155","±24,183","49.0%","±0.5"
"        Healthcare practitioners and technical occupations:","4,104","±1,512","680","±479","16.6%","±11.6","3,424","±1,435","83.4%","±11.6","3,306","±1,175","1,345","±854","40.7%","±17.4","1,961","±738","59.3%","±17.4","7,913","±1,873","2,279","±971","28.8%","±9.7","5,634","±1,503","71.2%","±9.7","5,820","±1,559","1,201","±588","20.6%","±8.7","4,619","±1,353","79.4%","±8.7","15,269","±2,396","3,436","±1,130","22.5%","±6.6","11,833","±2,165","77.5%","±6.6","N","N","N","N","N","N","N","N","N","N","14,389","±2,279","3,573","±1,153","24.8%","±7.1","10,816","±2,013","75.2%","±7.1","11,565","±2,263","3,511","±1,392","30.4%","±10.2","8,054","±1,900","69.6%","±10.2","3,297","±1,021","1,040","±482","31.5%","±12.3","2,257","±849","68.5%","±12.3","3,299","±1,389","837","±723","25.4%","±17.6","2,462","±1,115","74.6%","±17.6","12,754","±1,922","3,367","±677","26.4%","±4.5","9,387","±1,645","73.6%","±4.5","7,124","±1,694","2,201","±880","30.9%","±9.8","4,923","±1,354","69.1%","±9.8","3,405","±1,266","776","±411","22.8%","±11.9","2,629","±1,152","77.2%","±11.9","1,352","±571","559","±417","41.3%","±23.6","793","±424","58.7%","±23.6","9,866","±2,149","3,078","±981","31.2%","±7.5","6,788","±1,689","68.8%","±7.5","4,387","±1,626","488","±598","11.1%","±13.4","3,899","±1,528","88.9%","±13.4","3,506","±1,490","772","±722","22.0%","±16.5","2,734","±1,221","78.0%","±16.5","9,757,087","±63,433","2,443,664","±27,795","25.0%","±0.2","7,313,423","±49,031","75.0%","±0.2"
"            Health diagnosing and treating practitioners and other technical occupations","2,735","±1,042","525","±400","19.2%","±13.2","2,210","±939","80.8%","±13.2","2,661","±1,122","1,345","±854","50.5%","±19.2","1,316","±634","49.5%","±19.2","4,686","±1,385","1,852","±876","39.5%","±14.2","2,834","±1,030","60.5%","±14.2","3,568","±1,075","857","±447","24.0%","±10.6","2,711","±917","76.0%","±10.6","9,564","±1,490","2,298","±785","24.0%","±7.7","7,266","±1,399","76.0%","±7.7","N","N","N","N","N","N","N","N","N","N","9,859","±1,712","2,626","±966","26.6%","±8.2","7,233","±1,419","73.4%","±8.2","7,140","±1,718","2,563","±1,132","35.9%","±12.3","4,577","±1,326","64.1%","±12.3","2,203","±934","831","±450","37.7%","±16.1","1,372","±727","62.3%","±16.1","2,379","±1,229","496","±649","20.8%","±21.4","1,883","±966","79.2%","±21.4","9,631","±1,391","2,911","±687","30.2%","±5.4","6,720","±1,068","69.8%","±5.4","4,673","±1,570","1,576","±757","33.7%","±10.9","3,097","±1,120","66.3%","±10.9","2,147","±924","692","±398","32.2%","±16.3","1,455","±771","67.8%","±16.3","480","±318","203","±196","42.3%","±41.5","277","±306","57.7%","±41.5","7,162","±1,954","2,397","±865","33.5%","±8.8","4,765","±1,491","66.5%","±8.8","2,871","±1,304","419","±591","14.6%","±19.2","2,452","±1,167","85.4%","±19.2","2,625","±1,075","476","±376","18.1%","±14.9","2,149","±1,058","81.9%","±14.9","6,648,380","±52,715","1,705,244","±20,935","25.6%","±0.2","4,943,136","±41,173","74.4%","±0.2"
"            Health technologists and technicians","1,369","±996","155","±263","11.3%","±20.9","1,214","±971","88.7%","±20.9","645","±379","0","±224","0.0%","±26.9","645","±379","100.0%","±26.9","3,227","±1,274","427","±461","13.2%","±12.2","2,800","±1,076","86.8%","±12.2","2,252","±945","344","±467","15.3%","±18.4","1,908","±789","84.7%","±18.4","5,705","±1,674","1,138","±884","19.9%","±13.4","4,567","±1,405","80.1%","±13.4","N","N","N","N","N","N","N","N","N","N","4,530","±1,304","947","±530","20.9%","±11.2","3,583","±1,215","79.1%","±11.2","4,425","±1,622","948","±766","21.4%","±15.4","3,477","±1,385","78.6%","±15.4","1,094","±602","209","±251","19.1%","±18.8","885","±493","80.9%","±18.8","920","±732","341","±319","37.1%","±28.4","579","±572","62.9%","±28.4","3,123","±1,095","456","±201","14.6%","±7.6","2,667","±1,076","85.4%","±7.6","2,451","±971","625","±634","25.5%","±20.8","1,826","±768","74.5%","±20.8","1,258","±693","84","±100","6.7%","±8.6","1,174","±690","93.3%","±8.6","872","±488","356","±366","40.8%","±30.8","516","±318","59.2%","±30.8","2,704","±942","681","±393","25.2%","±14.4","2,023","±878","74.8%","±14.4","1,516","±966","69","±118","4.6%","±8.6","1,447","±953","95.4%","±8.6","881","±871","296","±633","33.6%","±43.2","585","±461","66.4%","±43.2","3,108,707","±35,256","738,420","±17,398","23.8%","±0.5","2,370,287","±28,609","76.2%","±0.5"
"    Service occupations:","7,396","±1,860","2,509","±791","33.9%","±9.4","4,887","±1,587","66.1%","±9.4","12,183","±2,177","5,295","±1,623","43.5%","±9.5","6,888","±1,472","56.5%","±9.5","22,339","±2,842","10,387","±2,459","46.5%","±7.8","11,952","±1,964","53.5%","±7.8","16,057","±2,666","6,273","±1,764","39.1%","±7.4","9,784","±1,765","60.9%","±7.4","38,508","±3,793","14,086","±2,239","36.6%","±5.3","24,422","±3,454","63.4%","±5.3","N","N","N","N","N","N","N","N","N","N","47,456","±3,954","20,567","±2,797","43.3%","±4.4","26,889","±2,908","56.7%","±4.4","20,544","±2,365","7,609","±1,803","37.0%","±7.3","12,935","±2,014","63.0%","±7.3","8,567","±1,547","3,236","±940","37.8%","±8.6","5,331","±1,222","62.2%","±8.6","9,884","±1,926","4,771","±1,440","48.3%","±11.0","5,113","±1,440","51.7%","±11.0","40,289","±3,768","18,984","±2,854","47.1%","±4.6","21,305","±2,355","52.9%","±4.6","14,938","±2,936","4,947","±1,432","33.1%","±6.8","9,991","±2,150","66.9%","±6.8","15,159","±2,556","5,897","±1,489","38.9%","±7.9","9,262","±2,023","61.1%","±7.9","5,792","±1,393","2,170","±850","37.5%","±12.8","3,622","±1,201","62.5%","±12.8","20,892","±3,274","9,146","±2,098","43.8%","±5.9","11,746","±1,968","56.2%","±5.9","12,033","±2,657","5,551","±1,613","46.1%","±8.7","6,482","±1,760","53.9%","±8.7","11,257","±2,697","3,782","±1,563","33.6%","±9.9","7,475","±1,869","66.4%","±9.9","28,093,795","±121,507","12,056,105","±71,663","42.9%","±0.2","16,037,690","±85,499","57.1%","±0.2"
"        Healthcare support occupations","1,202","±689","132","±192","11.0%","±15.7","1,070","±654","89.0%","±15.7","2,241","±934","364","±339","16.2%","±15.5","1,877","±921","83.8%","±15.5","4,871","±1,585","470","±636","9.6%","±12.3","4,401","±1,491","90.4%","±12.3","2,106","±836","56","±91","2.7%","±4.4","2,050","±827","97.3%","±4.4","7,468","±1,985","261","±294","3.5%","±3.9","7,207","±1,960","96.5%","±3.9","N","N","N","N","N","N","N","N","N","N","6,295","±1,859","761","±779","12.1%","±11.1","5,534","±1,644","87.9%","±11.1","3,212","±1,204","0","±224","0.0%","±6.3","3,212","±1,204","100.0%","±6.3","2,265","±1,039","190","±203","8.4%","±8.8","2,075","±996","91.6%","±8.8","2,007","±1,056","840","±650","41.9%","±28.9","1,167","±871","58.1%","±28.9","6,830","±1,907","693","±517","10.1%","±6.7","6,137","±1,722","89.9%","±6.7","4,303","±1,798","614","±650","14.3%","±13.2","3,689","±1,519","85.7%","±13.2","4,223","±1,335","269","±337","6.4%","±7.5","3,954","±1,245","93.6%","±7.5","2,033","±837","379","±412","18.6%","±19.9","1,654","±835","81.4%","±19.9","3,271","±1,239","180","±305","5.5%","±9.5","3,091","±1,232","94.5%","±9.5","1,781","±914","512","±596","28.7%","±27.5","1,269","±668","71.3%","±27.5","848","±414","0","±224","0.0%","±21.5","848","±414","100.0%","±21.5","5,348,914","±47,116","772,508","±17,331","14.4%","±0.3","4,576,406","±41,253","85.6%","±0.3"
"        Protective service occupations:","2,541","±1,183","919","±486","36.2%","±21.4","1,622","±1,070","63.8%","±21.4","2,296","±1,135","1,791","±1,019","78.0%","±15.4","505","±367","22.0%","±15.4","2,714","±902","2,103","±747","77.5%","±12.7","611","±411","22.5%","±12.7","2,319","±1,009","1,130","±725","48.7%","±24.9","1,189","±801","51.3%","±24.9","3,867","±1,265","3,189","±1,187","82.5%","±10.0","678","±398","17.5%","±10.0","N","N","N","N","N","N","N","N","N","N","7,197","±1,601","5,929","±1,555","82.4%","±9.2","1,268","±681","17.6%","±9.2","2,339","±1,272","1,581","±983","67.6%","±26.8","758","±729","32.4%","±26.8","1,204","±588","920","±557","76.4%","±18.0","284","±214","23.6%","±18.0","959","±604","853","±583","88.9%","±13.4","106","±123","11.1%","±13.4","3,359","±979","2,398","±891","71.4%","±11.2","961","±386","28.6%","±11.2","1,417","±847","1,044","±606","73.7%","±23.1","373","±436","26.3%","±23.1","1,375","±631","1,266","±597","92.1%","±8.9","109","±131","7.9%","±8.9","527","±397","482","±382","91.5%","±15.9","45","±80","8.5%","±15.9","2,907","±1,095","2,096","±816","72.1%","±16.8","811","±633","27.9%","±16.8","435","±303","435","±303","100.0%","±35.7","0","±224","0.0%","±35.7","1,933","±1,291","1,313","±1,122","67.9%","±29.5","620","±599","32.1%","±29.5","3,447,960","±31,694","2,625,965","±27,195","76.2%","±0.4","821,995","±16,694","23.8%","±0.4"
"            Firefighting and prevention, and other protective service workers including supervisors","893","±795","129","±215","14.4%","±25.7","764","±773","85.6%","±25.7","1,112","±796","879","±714","79.0%","±22.1","233","±255","21.0%","±22.1","1,524","±681","1,100","±514","72.2%","±18.2","424","±359","27.8%","±18.2","1,220","±753","773","±676","63.4%","±29.9","447","±352","36.6%","±29.9","2,682","±969","2,123","±892","79.2%","±13.2","559","±376","20.8%","±13.2","N","N","N","N","N","N","N","N","N","N","3,717","±1,291","2,992","±1,162","80.5%","±14.0","725","±577","19.5%","±14.0","891","±761","825","±718","92.6%","±12.4","66","±118","7.4%","±12.4","761","±391","477","±349","62.7%","±26.5","284","±214","37.3%","±26.5","352","±283","246","±209","69.9%","±25.2","106","±123","30.1%","±25.2","2,440","±866","1,781","±797","73.0%","±13.6","659","±332","27.0%","±13.6","256","±234","256","±234","100.0%","±46.8","0","±224","0.0%","±46.8","294","±327","294","±327","100.0%","±43.7","0","±224","0.0%","±43.7","284","±255","284","±255","100.0%","±44.5","0","±224","0.0%","±44.5","999","±433","815","±415","81.6%","±23.3","184","±244","18.4%","±23.3","245","±221","245","±221","100.0%","±47.9","0","±224","0.0%","±47.9","710","±622","90","±142","12.7%","±23.1","620","±599","87.3%","±23.1","1,935,137","±26,072","1,420,143","±22,072","73.4%","±0.6","514,994","±12,757","26.6%","±0.6"
"            Law enforcement workers including supervisors","1,648","±1,045","790","±482","47.9%","±30.7","858","±875","52.1%","±30.7","1,184","±646","912","±591","77.0%","±20.0","272","±228","23.0%","±20.0","1,190","±636","1,003","±625","84.3%","±17.7","187","±195","15.7%","±17.7","1,099","±751","357","±250","32.5%","±28.9","742","±738","67.5%","±28.9","1,185","±747","1,066","±717","90.0%","±13.4","119","±153","10.0%","±13.4","N","N","N","N","N","N","N","N","N","N","3,480","±1,208","2,937","±1,158","84.4%","±11.3","543","±385","15.6%","±11.3","1,448","±996","756","±608","52.2%","±33.4","692","±734","47.8%","±33.4","443","±438","443","±438","100.0%","±35.3","0","±224","0.0%","±35.3","607","±545","607","±545","100.0%","±28.2","0","±224","0.0%","±28.2","919","±385","617","±356","67.1%","±23.1","302","±225","32.9%","±23.1","1,161","±790","788","±547","67.9%","±26.9","373","±436","32.1%","±26.9","1,081","±553","972","±517","89.9%","±11.2","109","±131","10.1%","±11.2","243","±290","198","±285","81.5%","±39.7","45","±80","18.5%","±39.7","1,908","±1,100","1,281","±744","67.1%","±19.8","627","±585","32.9%","±19.8","190","±187","190","±187","100.0%","±54.4","0","±224","0.0%","±54.4","1,223","±1,120","1,223","±1,120","100.0%","±15.6","0","±224","0.0%","±15.6","1,512,823","±20,308","1,205,822","±17,057","79.7%","±0.6","307,001","±10,504","20.3%","±0.6"
"        Food preparation and serving related occupations","1,889","±1,005","969","±503","51.3%","±18.5","920","±701","48.7%","±18.5","3,090","±1,128","1,454","±820","47.1%","±19.9","1,636","±822","52.9%","±19.9","4,853","±1,476","2,564","±1,258","52.8%","±19.4","2,289","±1,114","47.2%","±19.4","4,240","±1,396","2,359","±1,236","55.6%","±18.4","1,881","±873","44.4%","±18.4","13,888","±2,925","4,816","±1,636","34.7%","±10.5","9,072","±2,572","65.3%","±10.5","N","N","N","N","N","N","N","N","N","N","14,474","±2,793","5,712","±1,827","39.5%","±8.2","8,762","±1,783","60.5%","±8.2","6,782","±1,632","2,611","±1,079","38.5%","±12.3","4,171","±1,264","61.5%","±12.3","2,468","±802","921","±442","37.3%","±15.8","1,547","±684","62.7%","±15.8","3,786","±1,322","1,986","±941","52.5%","±22.6","1,800","±1,174","47.5%","±22.6","16,417","±2,305","9,110","±1,959","55.5%","±6.7","7,307","±1,183","44.5%","±6.7","4,311","±1,343","1,829","±837","42.4%","±13.4","2,482","±939","57.6%","±13.4","5,134","±1,816","2,344","±1,119","45.7%","±13.0","2,790","±1,099","54.3%","±13.0","1,380","±932","449","±405","32.5%","±35.1","931","±903","67.5%","±35.1","5,964","±1,554","3,322","±1,322","55.7%","±13.5","2,642","±898","44.3%","±13.5","4,865","±1,852","2,774","±1,328","57.0%","±14.2","2,091","±942","43.0%","±14.2","5,838","±2,010","1,800","±903","30.8%","±13.9","4,038","±1,702","69.2%","±13.9","9,029,677","±72,157","4,130,552","±42,296","45.7%","±0.3","4,899,125","±47,999","54.3%","±0.3"
"        Building and grounds cleaning and maintenance occupations","867","±678","410","±422","47.3%","±42.5","457","±557","52.7%","±42.5","2,136","±960","747","±532","35.0%","±21.9","1,389","±819","65.0%","±21.9","4,598","±1,590","2,919","±1,167","63.5%","±14.3","1,679","±900","36.5%","±14.3","4,654","±1,473","2,117","±1,023","45.5%","±15.8","2,537","±1,052","54.5%","±15.8","7,337","±1,661","3,495","±1,212","47.6%","±11.6","3,842","±1,188","52.4%","±11.6","N","N","N","N","N","N","N","N","N","N","11,204","±2,118","5,627","±1,841","50.2%","±11.0","5,577","±1,340","49.8%","±11.0","4,583","±1,385","2,344","±940","51.1%","±18.4","2,239","±1,204","48.9%","±18.4","1,569","±745","909","±472","57.9%","±24.5","660","±549","42.1%","±24.5","1,951","±845","1,014","±684","52.0%","±23.0","937","±525","48.0%","±23.0","6,811","±1,365","3,971","±1,190","58.3%","±10.4","2,840","±800","41.7%","±10.4","2,269","±825","1,101","±542","48.5%","±19.3","1,168","±652","51.5%","±19.3","3,002","±1,318","1,693","±827","56.4%","±23.5","1,309","±1,005","43.6%","±23.5","962","±451","679","±355","70.6%","±18.9","283","±227","29.4%","±18.9","4,516","±1,394","2,725","±1,045","60.3%","±16.1","1,791","±956","39.7%","±16.1","3,130","±1,479","1,548","±1,149","49.5%","±24.7","1,582","±945","50.5%","±24.7","1,995","±1,030","576","±484","28.9%","±24.8","1,419","±951","71.1%","±24.8","5,878,084","±52,679","3,438,608","±39,924","58.5%","±0.5","2,439,476","±34,931","41.5%","±0.5"
"        Personal care and service occupations","897","±560","79","±135","8.8%","±14.4","818","±523","91.2%","±14.4","2,420","±947","939","±684","38.8%","±20.1","1,481","±648","61.2%","±20.1","5,303","±1,574","2,331","±1,357","44.0%","±19.2","2,972","±1,122","56.0%","±19.2","2,738","±942","611","±379","22.3%","±11.5","2,127","±789","77.7%","±11.5","5,948","±1,582","2,325","±1,071","39.1%","±13.7","3,623","±1,176","60.9%","±13.7","N","N","N","N","N","N","N","N","N","N","8,286","±2,157","2,538","±973","30.6%","±9.8","5,748","±1,793","69.4%","±9.8","3,628","±1,235","1,073","±775","29.6%","±18.0","2,555","±1,041","70.4%","±18.0","1,061","±389","296","±235","27.9%","±18.4","765","±311","72.1%","±18.4","1,181","±790","78","±141","6.6%","±13.4","1,103","±808","93.4%","±13.4","6,872","±1,375","2,812","±1,038","40.9%","±12.0","4,060","±1,108","59.1%","±12.0","2,638","±1,179","359","±230","13.6%","±9.6","2,279","±1,151","86.4%","±9.6","1,425","±670","325","±276","22.8%","±17.4","1,100","±591","77.2%","±17.4","890","±500","181","±152","20.3%","±17.4","709","±472","79.7%","±17.4","4,234","±1,170","823","±580","19.4%","±12.6","3,411","±1,062","80.6%","±12.6","1,822","±1,084","282","±327","15.5%","±20.4","1,540","±1,042","84.5%","±20.4","643","±605","93","±182","14.5%","±18.2","550","±467","85.5%","±18.2","4,389,160","±39,784","1,088,472","±21,550","24.8%","±0.4","3,300,688","±33,305","75.2%","±0.4"
"    Sales and office occupations:","13,666","±3,031","3,741","±1,128","27.4%","±7.3","9,925","±2,632","72.6%","±7.3","13,598","±1,947","4,108","±1,409","30.2%","±8.2","9,490","±1,524","69.8%","±8.2","20,210","±2,663","6,611","±1,615","32.7%","±6.5","13,599","±2,172","67.3%","±6.5","17,296","±2,485","5,492","±1,635","31.8%","±6.8","11,804","±1,670","68.2%","±6.8","47,908","±4,752","16,323","±3,358","34.1%","±5.1","31,585","±3,241","65.9%","±5.1","N","N","N","N","N","N","N","N","N","N","46,193","±4,019","16,368","±2,465","35.4%","±4.2","29,825","±3,116","64.6%","±4.2","26,878","±2,969","12,201","±2,526","45.4%","±7.0","14,677","±2,196","54.6%","±7.0","8,012","±1,205","2,975","±861","37.1%","±9.5","5,037","±1,116","62.9%","±9.5","13,441","±2,550","3,938","±1,592","29.3%","±9.6","9,503","±1,981","70.7%","±9.6","34,976","±3,109","13,442","±2,654","38.4%","±5.8","21,534","±2,269","61.6%","±5.8","12,386","±2,019","3,950","±1,041","31.9%","±6.6","8,436","±1,597","68.1%","±6.6","10,396","±1,975","2,819","±1,060","27.1%","±7.8","7,577","±1,483","72.9%","±7.8","7,056","±1,506","2,289","±821","32.4%","±8.5","4,767","±1,107","67.6%","±8.5","26,900","±2,948","9,278","±1,774","34.5%","±5.3","17,622","±2,375","65.5%","±5.3","11,416","±2,063","2,770","±1,229","24.3%","±9.9","8,646","±1,932","75.7%","±9.9","10,084","±1,938","2,707","±1,011","26.8%","±9.8","7,377","±1,884","73.2%","±9.8","32,354,582","±110,360","11,951,048","±64,927","36.9%","±0.1","20,403,534","±82,217","63.1%","±0.1"
"        Sales and related occupations","5,336","±1,703","2,127","±764","39.9%","±12.2","3,209","±1,373","60.1%","±12.2","6,700","±1,794","2,783","±1,234","41.5%","±11.7","3,917","±1,124","58.5%","±11.7","11,401","±2,221","5,239","±1,473","46.0%","±9.0","6,162","±1,559","54.0%","±9.0","8,324","±1,852","4,063","±1,332","48.8%","±11.9","4,261","±1,358","51.2%","±11.9","25,757","±3,769","11,267","±2,645","43.7%","±6.8","14,490","±2,462","56.3%","±6.8","N","N","N","N","N","N","N","N","N","N","22,750","±3,064","11,388","±2,212","50.1%","±6.6","11,362","±2,073","49.9%","±6.6","15,302","±2,686","9,442","±2,499","61.7%","±10.2","5,860","±1,612","38.3%","±10.2","3,560","±993","1,664","±664","46.7%","±15.6","1,896","±824","53.3%","±15.6","6,071","±1,734","3,059","±1,338","50.4%","±15.3","3,012","±1,191","49.6%","±15.3","15,921","±2,281","7,669","±1,871","48.2%","±7.5","8,252","±1,375","51.8%","±7.5","5,877","±1,383","2,388","±702","40.6%","±9.7","3,489","±1,094","59.4%","±9.7","4,432","±1,669","1,666","±853","37.6%","±13.2","2,766","±1,159","62.4%","±13.2","3,621","±1,102","1,644","±597","45.4%","±15.1","1,977","±926","54.6%","±15.1","17,272","±2,476","6,702","±1,384","38.8%","±6.2","10,570","±1,908","61.2%","±6.2","5,362","±1,672","1,604","±973","29.9%","±15.1","3,758","±1,347","70.1%","±15.1","6,140","±1,492","2,289","±954","37.3%","±13.3","3,851","±1,276","62.7%","±13.3","15,514,456","±80,116","7,652,450","±54,915","49.3%","±0.2","7,862,006","±54,383","50.7%","±0.2"
"        Office and administrative support occupations","8,330","±2,057","1,614","±922","19.4%","±9.7","6,716","±1,811","80.6%","±9.7","6,898","±1,507","1,325","±753","19.2%","±9.9","5,573","±1,382","80.8%","±9.9","8,809","±1,755","1,372","±694","15.6%","±7.2","7,437","±1,597","84.4%","±7.2","8,972","±1,908","1,429","±806","15.9%","±7.7","7,543","±1,618","84.1%","±7.7","22,151","±2,999","5,056","±1,648","22.8%","±6.0","17,095","±2,332","77.2%","±6.0","N","N","N","N","N","N","N","N","N","N","23,443","±2,548","4,980","±1,103","21.2%","±4.1","18,463","±2,243","78.8%","±4.1","11,576","±2,132","2,759","±1,030","23.8%","±7.7","8,817","±1,848","76.2%","±7.7","4,452","±957","1,311","±594","29.4%","±11.3","3,141","±795","70.6%","±11.3","7,370","±1,930","879","±690","11.9%","±8.5","6,491","±1,714","88.1%","±8.5","19,055","±2,210","5,773","±1,577","30.3%","±6.9","13,282","±1,846","69.7%","±6.9","6,509","±1,527","1,562","±861","24.0%","±10.4","4,947","±1,152","76.0%","±10.4","5,964","±1,575","1,153","±711","19.3%","±9.8","4,811","±1,299","80.7%","±9.8","3,435","±1,312","645","±477","18.8%","±12.0","2,790","±1,148","81.2%","±12.0","9,628","±1,689","2,576","±1,014","26.8%","±9.6","7,052","±1,574","73.2%","±9.6","6,054","±1,536","1,166","±782","19.3%","±12.8","4,888","±1,521","80.7%","±12.8","3,944","±1,042","418","±274","10.6%","±7.3","3,526","±1,053","89.4%","±7.3","16,840,126","±82,853","4,298,598","±44,607","25.5%","±0.2","12,541,528","±65,457","74.5%","±0.2"
"    Natural resources, construction, and maintenance occupations:","6,189","±1,634","6,189","±1,634","100.0%","±3.3","0","±224","0.0%","±3.3","5,268","±1,377","5,103","±1,349","96.9%","±3.9","165","±204","3.1%","±3.9","8,015","±1,787","7,508","±1,763","93.7%","±5.3","507","±427","6.3%","±5.3","11,045","±2,350","10,945","±2,349","99.1%","±1.2","100","±128","0.9%","±1.2","19,327","±2,865","18,723","±2,887","96.9%","±3.1","604","±601","3.1%","±3.1","N","N","N","N","N","N","N","N","N","N","25,051","±3,257","23,915","±2,875","95.5%","±3.4","1,136","±917","4.5%","±3.4","9,226","±1,986","8,714","±1,799","94.5%","±5.9","512","±581","5.5%","±5.9","5,801","±1,208","5,801","±1,208","100.0%","±3.5","0","±224","0.0%","±3.5","9,292","±2,123","8,993","±2,143","96.8%","±4.2","299","±374","3.2%","±4.2","11,546","±1,889","10,434","±1,747","90.4%","±7.0","1,112","±853","9.6%","±7.0","5,397","±1,398","5,250","±1,383","97.3%","±3.5","147","±188","2.7%","±3.5","6,945","±1,487","6,870","±1,458","98.9%","±1.7","75","±125","1.1%","±1.7","4,532","±1,036","4,405","±1,029","97.2%","±3.2","127","±146","2.8%","±3.2","11,385","±2,194","10,641","±2,162","93.5%","±5.2","744","±602","6.5%","±5.2","4,884","±1,477","4,858","±1,475","99.5%","±0.9","26","±45","0.5%","±0.9","4,993","±1,452","4,993","±1,452","100.0%","±4.1","0","±224","0.0%","±4.1","14,041,340","±80,258","13,322,201","±74,148","94.9%","±0.1","719,139","±17,747","5.1%","±0.1"
"        Farming, fishing, and forestry occupations","112","±192","112","±192","100.0%","±70.8","0","±224","0.0%","±70.8","60","±104","60","±104","100.0%","±96.7","0","±224","0.0%","±96.7","125","±132","125","±132","100.0%","±67.0","0","±224","0.0%","±67.0","547","±511","547","±511","100.0%","±30.5","0","±224","0.0%","±30.5","1,052","±1,071","924","±1,066","87.8%","±24.3","128","±206","12.2%","±24.3","N","N","N","N","N","N","N","N","N","N","1,085","±671","1,015","±650","93.5%","±8.4","70","±88","6.5%","±8.4","0","±224","0","±224","-","**","0","±224","-","**","571","±477","571","±477","100.0%","±29.6","0","±224","0.0%","±29.6","281","±339","86","±95","30.6%","±52.0","195","±326","69.4%","±52.0","470","±365","414","±336","88.1%","±19.3","56","±97","11.9%","±19.3","200","±193","127","±146","63.5%","±50.3","73","±130","36.5%","±50.3","297","±251","297","±251","100.0%","±43.5","0","±224","0.0%","±43.5","278","±298","151","±257","54.3%","±54.3","127","±146","45.7%","±54.3","370","±483","32","±35","8.6%","±26.3","338","±482","91.4%","±26.3","137","±246","111","±240","81.0%","±81.0","26","±45","19.0%","±81.0","139","±210","139","±210","100.0%","±63.6","0","±224","0.0%","±63.6","997,360","±22,540","755,724","±17,858","75.8%","±0.8","241,636","±10,093","24.2%","±0.8"
"        Construction and extraction occupations","3,161","±1,318","3,161","±1,318","100.0%","±6.3","0","±224","0.0%","±6.3","3,470","±1,161","3,470","±1,161","100.0%","±5.8","0","±224","0.0%","±5.8","5,500","±1,719","4,993","±1,732","90.8%","±8.4","507","±427","9.2%","±8.4","7,101","±1,972","7,001","±1,983","98.6%","±1.9","100","±128","1.4%","±1.9","12,035","±2,156","11,687","±2,142","97.1%","±4.5","348","±536","2.9%","±4.5","N","N","N","N","N","N","N","N","N","N","17,313","±3,176","16,275","±2,815","94.0%","±4.8","1,038","±908","6.0%","±4.8","6,917","±1,724","6,405","±1,545","92.6%","±7.8","512","±581","7.4%","±7.8","2,845","±719","2,845","±719","100.0%","±7.0","0","±224","0.0%","±7.0","5,775","±1,946","5,775","±1,946","100.0%","±3.5","0","±224","0.0%","±3.5","7,229","±1,484","6,685","±1,402","92.5%","±9.3","544","±693","7.5%","±9.3","3,206","±1,075","3,132","±1,062","97.7%","±4.0","74","±126","2.3%","±4.0","3,916","±1,323","3,841","±1,296","98.1%","±3.1","75","±125","1.9%","±3.1","2,202","±832","2,202","±832","100.0%","±9.0","0","±224","0.0%","±9.0","7,470","±1,828","7,064","±1,775","94.6%","±5.1","406","±389","5.4%","±5.1","1,735","±837","1,735","±837","100.0%","±11.3","0","±224","0.0%","±11.3","2,603","±829","2,603","±829","100.0%","±7.7","0","±224","0.0%","±7.7","8,181,101","±69,175","7,903,132","±66,930","96.6%","±0.1","277,969","±12,527","3.4%","±0.1"
"        Installation, maintenance, and repair occupations","2,916","±1,191","2,916","±1,191","100.0%","±6.9","0","±224","0.0%","±6.9","1,738","±814","1,573","±807","90.5%","±12.5","165","±204","9.5%","±12.5","2,390","±1,009","2,390","±1,009","100.0%","±8.3","0","±224","0.0%","±8.3","3,397","±1,295","3,397","±1,295","100.0%","±5.9","0","±224","0.0%","±5.9","6,240","±1,946","6,112","±1,889","97.9%","±3.3","128","±212","2.1%","±3.3","N","N","N","N","N","N","N","N","N","N","6,653","±1,656","6,625","±1,643","99.6%","±0.7","28","±47","0.4%","±0.7","2,309","±703","2,309","±703","100.0%","±8.6","0","±224","0.0%","±8.6","2,385","±961","2,385","±961","100.0%","±8.3","0","±224","0.0%","±8.3","3,236","±1,164","3,132","±1,135","96.8%","±5.6","104","±182","3.2%","±5.6","3,847","±1,268","3,335","±1,083","86.7%","±11.8","512","±522","13.3%","±11.8","1,991","±793","1,991","±793","100.0%","±9.9","0","±224","0.0%","±9.9","2,732","±936","2,732","±936","100.0%","±7.3","0","±224","0.0%","±7.3","2,052","±824","2,052","±824","100.0%","±9.6","0","±224","0.0%","±9.6","3,545","±1,239","3,545","±1,239","100.0%","±5.7","0","±224","0.0%","±5.7","3,012","±1,466","3,012","±1,466","100.0%","±6.7","0","±224","0.0%","±6.7","2,251","±1,098","2,251","±1,098","100.0%","±8.8","0","±224","0.0%","±8.8","4,862,879","±37,870","4,663,345","±36,044","95.9%","±0.2","199,534","±9,833","4.1%","±0.2"
"    Production, transportation, and material moving occupations:","9,944","±1,935","9,564","±1,797","96.2%","±3.6","380","±380","3.8%","±3.6","5,690","±1,515","4,688","±1,247","82.4%","±8.9","1,002","±621","17.6%","±8.9","12,293","±2,118","10,298","±1,851","83.8%","±6.4","1,995","±886","16.2%","±6.4","12,282","±2,273","10,752","±2,283","87.5%","±6.4","1,530","±773","12.5%","±6.4","24,431","±3,561","19,065","±3,161","78.0%","±6.5","5,366","±1,780","22.0%","±6.5","N","N","N","N","N","N","N","N","N","N","22,780","±3,199","18,543","±2,997","81.4%","±5.5","4,237","±1,342","18.6%","±5.5","13,626","±3,523","10,781","±2,585","79.1%","±8.0","2,845","±1,513","20.9%","±8.0","5,928","±1,194","5,227","±1,116","88.2%","±7.3","701","±457","11.8%","±7.3","8,245","±2,061","6,423","±1,739","77.9%","±12.9","1,822","±1,219","22.1%","±12.9","15,217","±2,453","11,425","±2,051","75.1%","±7.6","3,792","±1,372","24.9%","±7.6","8,626","±1,752","7,244","±1,648","84.0%","±7.6","1,382","±697","16.0%","±7.6","5,632","±1,294","4,638","±1,229","82.4%","±9.5","994","±557","17.6%","±9.5","6,697","±1,736","5,138","±1,467","76.7%","±10.1","1,559","±803","23.3%","±10.1","8,683","±1,867","6,606","±1,465","76.1%","±9.1","2,077","±972","23.9%","±9.1","8,566","±2,177","6,203","±1,392","72.4%","±10.8","2,363","±1,332","27.6%","±10.8","9,654","±1,893","8,472","±1,725","87.8%","±6.4","1,182","±675","12.2%","±6.4","21,001,720","±75,670","15,889,851","±63,222","75.7%","±0.2","5,111,869","±45,419","24.3%","±0.2"
"        Production occupations","5,796","±1,736","5,712","±1,731","98.6%","±2.3","84","±133","1.4%","±2.3","2,799","±1,172","1,902","±926","68.0%","±16.8","897","±603","32.0%","±16.8","4,412","±1,450","3,703","±1,223","83.9%","±8.3","709","±451","16.1%","±8.3","5,151","±1,689","4,838","±1,705","93.9%","±5.7","313","±272","6.1%","±5.7","9,598","±2,304","7,906","±2,249","82.4%","±8.3","1,692","±801","17.6%","±8.3","N","N","N","N","N","N","N","N","N","N","7,801","±1,669","5,744","±1,608","73.6%","±12.6","2,057","±1,051","26.4%","±12.6","5,600","±1,797","4,843","±1,708","86.5%","±8.4","757","±466","13.5%","±8.4","2,784","±1,040","2,693","±1,025","96.7%","±5.5","91","±151","3.3%","±5.5","4,790","±1,772","3,469","±1,239","72.4%","±18.4","1,321","±1,122","27.6%","±18.4","4,073","±1,111","2,776","±804","68.2%","±10.7","1,297","±598","31.8%","±10.7","3,145","±1,193","2,298","±985","73.1%","±16.1","847","±613","26.9%","±16.1","2,104","±838","1,642","±760","78.0%","±18.8","462","±442","22.0%","±18.8","2,663","±1,020","1,985","±790","74.5%","±16.2","678","±543","25.5%","±16.2","2,743","±1,041","2,014","±698","73.4%","±19.5","729","±695","26.6%","±19.5","3,039","±1,496","1,867","±919","61.4%","±22.5","1,172","±1,014","38.6%","±22.5","3,716","±1,231","3,063","±1,052","82.4%","±11.9","653","±516","17.6%","±11.9","8,871,933","±54,084","6,259,878","±44,482","70.6%","±0.3","2,612,055","±29,335","29.4%","±0.3"
"        Transportation occupations","3,179","±1,588","2,883","±1,511","90.7%","±11.4","296","±361","9.3%","±11.4","1,919","±740","1,856","±740","96.7%","±4.5","63","±81","3.3%","±4.5","4,833","±1,120","4,044","±1,160","83.7%","±10.5","789","±498","16.3%","±10.5","5,256","±1,582","4,245","±1,351","80.8%","±10.2","1,011","±636","19.2%","±10.2","7,500","±2,071","5,431","±1,476","72.4%","±11.3","2,069","±1,144","27.6%","±11.3","N","N","N","N","N","N","N","N","N","N","9,213","±2,025","7,946","±1,981","86.2%","±6.7","1,267","±609","13.8%","±6.7","3,267","±1,026","2,651","±822","81.1%","±15.2","616","±600","18.9%","±15.2","1,757","±600","1,541","±533","87.7%","±13.0","216","±242","12.3%","±13.0","2,182","±1,151","1,833","±1,117","84.0%","±16.9","349","±339","16.0%","±16.9","7,391","±1,814","6,055","±1,578","81.9%","±9.9","1,336","±829","18.1%","±9.9","3,695","±1,295","3,441","±1,235","93.1%","±8.3","254","±320","6.9%","±8.3","1,655","±725","1,493","±715","90.2%","±11.4","162","±193","9.8%","±11.4","1,808","±794","1,378","±715","76.2%","±17.7","430","±343","23.8%","±17.7","3,566","±1,068","3,147","±1,027","88.3%","±8.5","419","±311","11.7%","±8.5","2,319","±1,013","1,852","±840","79.9%","±25.3","467","±664","20.1%","±25.3","3,944","±1,204","3,647","±1,155","92.5%","±8.7","297","±352","7.5%","±8.7","6,260,219","±47,639","5,317,943","±40,724","84.9%","±0.3","942,276","±21,129","15.1%","±0.3"
"        Material moving occupations","969","±648","969","±648","100.0%","±19.1","0","±224","0.0%","±19.1","972","±733","930","±732","95.7%","±8.3","42","±72","4.3%","±8.3","3,048","±1,129","2,551","±977","83.7%","±14.0","497","±475","16.3%","±14.0","1,875","±686","1,669","±677","89.0%","±11.6","206","±213","11.0%","±11.6","7,333","±2,179","5,728","±2,031","78.1%","±15.4","1,605","±1,195","21.9%","±15.4","N","N","N","N","N","N","N","N","N","N","5,766","±1,771","4,853","±1,638","84.2%","±8.6","913","±534","15.8%","±8.6","4,759","±2,227","3,287","±1,319","69.1%","±17.5","1,472","±1,297","30.9%","±17.5","1,387","±632","993","±557","71.6%","±22.3","394","±340","28.4%","±22.3","1,273","±751","1,121","±728","88.1%","±14.6","152","±192","11.9%","±14.6","3,753","±993","2,594","±937","69.1%","±14.5","1,159","±573","30.9%","±14.5","1,786","±746","1,505","±710","84.3%","±14.0","281","±246","15.7%","±14.0","1,873","±831","1,503","±743","80.2%","±15.5","370","±318","19.8%","±15.5","2,226","±991","1,775","±936","79.7%","±16.4","451","±388","20.3%","±16.4","2,374","±1,110","1,445","±945","60.9%","±25.7","929","±655","39.1%","±25.7","3,208","±1,341","2,484","±1,140","77.4%","±18.3","724","±660","22.6%","±18.3","1,994","±885","1,762","±807","88.4%","±13.6","232","±308","11.6%","±13.6","5,869,568","±48,601","4,312,030","±41,530","73.5%","±0.4","1,557,538","±25,046","26.5%","±0.4"