"Label","Ascension Parish, Louisiana!!Total!!Estimate","Ascension Parish, Louisiana!!Insured!!Estimate","Ascension Parish, Louisiana!!Percent Insured!!Estimate","Ascension Parish, Louisiana!!Uninsured!!Estimate","Ascension Parish, Louisiana!!Percent Uninsured!!Estimate","Bossier Parish, Louisiana!!Total!!Estimate","Bossier Parish, Louisiana!!Insured!!Estimate","Bossier Parish, Louisiana!!Percent Insured!!Estimate","Bossier Parish, Louisiana!!Uninsured!!Estimate","Bossier Parish, Louisiana!!Percent Uninsured!!Estimate","Caddo Parish, Louisiana!!Total!!Estimate","Caddo Parish, Louisiana!!Insured!!Estimate","Caddo Parish, Louisiana!!Percent Insured!!Estimate","Caddo Parish, Louisiana!!Uninsured!!Estimate","Caddo Parish, Louisiana!!Percent Uninsured!!Estimate","Calcasieu Parish, Louisiana!!Total!!Estimate","Calcasieu Parish, Louisiana!!Insured!!Estimate","Calcasieu Parish, Louisiana!!Percent Insured!!Estimate","Calcasieu Parish, Louisiana!!Uninsured!!Estimate","Calcasieu Parish, Louisiana!!Percent Uninsured!!Estimate","East Baton Rouge Parish, Louisiana!!Total!!Estimate","East Baton Rouge Parish, Louisiana!!Insured!!Estimate","East Baton Rouge Parish, Louisiana!!Percent Insured!!Estimate","East Baton Rouge Parish, Louisiana!!Uninsured!!Estimate","East Baton Rouge Parish, Louisiana!!Percent Uninsured!!Estimate","Iberia Parish, Louisiana!!Total!!Estimate","Iberia Parish, Louisiana!!Insured!!Estimate","Iberia Parish, Louisiana!!Percent Insured!!Estimate","Iberia Parish, Louisiana!!Uninsured!!Estimate","Iberia Parish, Louisiana!!Percent Uninsured!!Estimate","Jefferson Parish, Louisiana!!Total!!Estimate","Jefferson Parish, Louisiana!!Insured!!Estimate","Jefferson Parish, Louisiana!!Percent Insured!!Estimate","Jefferson Parish, Louisiana!!Uninsured!!Estimate","Jefferson Parish, Louisiana!!Percent Uninsured!!Estimate","Lafayette Parish, Louisiana!!Total!!Estimate","Lafayette Parish, Louisiana!!Insured!!Estimate","Lafayette Parish, Louisiana!!Percent Insured!!Estimate","Lafayette Parish, Louisiana!!Uninsured!!Estimate","Lafayette Parish, Louisiana!!Percent Uninsured!!Estimate","Lafourche Parish, Louisiana!!Total!!Estimate","Lafourche Parish, Louisiana!!Insured!!Estimate","Lafourche Parish, Louisiana!!Percent Insured!!Estimate","Lafourche Parish, Louisiana!!Uninsured!!Estimate","Lafourche Parish, Louisiana!!Percent Uninsured!!Estimate","Livingston Parish, Louisiana!!Total!!Estimate","Livingston Parish, Louisiana!!Insured!!Estimate","Livingston Parish, Louisiana!!Percent Insured!!Estimate","Livingston Parish, Louisiana!!Uninsured!!Estimate","Livingston Parish, Louisiana!!Percent Uninsured!!Estimate","Orleans Parish, Louisiana!!Total!!Estimate","Orleans Parish, Louisiana!!Insured!!Estimate","Orleans Parish, Louisiana!!Percent Insured!!Estimate","Orleans Parish, Louisiana!!Uninsured!!Estimate","Orleans Parish, Louisiana!!Percent Uninsured!!Estimate","Ouachita Parish, Louisiana!!Total!!Estimate","Ouachita Parish, Louisiana!!Insured!!Estimate","Ouachita Parish, Louisiana!!Percent Insured!!Estimate","Ouachita Parish, Louisiana!!Uninsured!!Estimate","Ouachita Parish, Louisiana!!Percent Uninsured!!Estimate","Rapides Parish, Louisiana!!Total!!Estimate","Rapides Parish, Louisiana!!Insured!!Estimate","Rapides Parish, Louisiana!!Percent Insured!!Estimate","Rapides Parish, Louisiana!!Uninsured!!Estimate","Rapides Parish, Louisiana!!Percent Uninsured!!Estimate","St. Landry Parish, Louisiana!!Total!!Estimate","St. Landry Parish, Louisiana!!Insured!!Estimate","St. Landry Parish, Louisiana!!Percent Insured!!Estimate","St. Landry Parish, Louisiana!!Uninsured!!Estimate","St. Landry Parish, Louisiana!!Percent Uninsured!!Estimate","St. Tammany Parish, Louisiana!!Total!!Estimate","St. Tammany Parish, Louisiana!!Insured!!Estimate","St. Tammany Parish, Louisiana!!Percent Insured!!Estimate","St. Tammany Parish, Louisiana!!Uninsured!!Estimate","St. Tammany Parish, Louisiana!!Percent Uninsured!!Estimate","Tangipahoa Parish, Louisiana!!Total!!Estimate","Tangipahoa Parish, Louisiana!!Insured!!Estimate","Tangipahoa Parish, Louisiana!!Percent Insured!!Estimate","Tangipahoa Parish, Louisiana!!Uninsured!!Estimate","Tangipahoa Parish, Louisiana!!Percent Uninsured!!Estimate","Terrebonne Parish, Louisiana!!Total!!Estimate","Terrebonne Parish, Louisiana!!Insured!!Estimate","Terrebonne Parish, Louisiana!!Percent Insured!!Estimate","Terrebonne Parish, Louisiana!!Uninsured!!Estimate","Terrebonne Parish, Louisiana!!Percent Uninsured!!Estimate","United States!!Total!!Estimate","United States!!Insured!!Estimate","United States!!Percent Insured!!Estimate","United States!!Uninsured!!Estimate","United States!!Percent Uninsured!!Estimate"
"Civilian noninstitutionalized population","125,700","117,823","93.7%","7,877","6.3%","120,369","106,178","88.2%","14,191","11.8%","234,809","214,131","91.2%","20,678","8.8%","201,255","185,063","92.0%","16,192","8.0%","437,363","391,731","89.6%","45,632","10.4%","69,044","61,326","88.8%","7,718","11.2%","429,014","381,784","89.0%","47,230","11.0%","242,029","225,430","93.1%","16,599","6.9%","96,620","88,015","91.1%","8,605","8.9%","139,918","127,731","91.3%","12,187","8.7%","386,840","353,623","91.4%","33,217","8.6%","147,735","134,569","91.1%","13,166","8.9%","126,665","114,098","90.1%","12,567","9.9%","80,764","74,201","91.9%","6,563","8.1%","257,277","236,874","92.1%","20,403","7.9%","133,399","121,406","91.0%","11,993","9.0%","109,080","99,896","91.6%","9,184","8.4%","323,120,678","293,482,006","90.8%","29,638,672","9.2%"
"    AGE","","","","","","","","","","","","","","","","","","","","","","","","","","","","","","","","","","","","","","","","","","","","","","","","","","","","","","","","","","","","","","","","","","","","","","","","","","","","","","","","","","","","","","","","","",""
"        Under 6 years","8,744","8,476","96.9%","268","3.1%","10,327","9,295","90.0%","1,032","10.0%","18,988","17,912","94.3%","1,076","5.7%","18,798","18,363","97.7%","435","2.3%","33,782","32,060","94.9%","1,722","5.1%","5,631","5,144","91.4%","487","8.6%","32,128","31,555","98.2%","573","1.8%","20,256","20,127","99.4%","129","0.6%","8,513","8,443","99.2%","70","0.8%","11,000","10,825","98.4%","175","1.6%","25,733","24,464","95.1%","1,269","4.9%","12,602","11,155","88.5%","1,447","11.5%","10,982","9,619","87.6%","1,363","12.4%","7,003","6,896","98.5%","107","1.5%","18,011","17,837","99.0%","174","1.0%","11,451","11,451","100.0%","0","0.0%","8,986","8,986","100.0%","0","0.0%","23,282,008","22,199,355","95.3%","1,082,653","4.7%"
"        6 to 18 years","26,251","24,235","92.3%","2,016","7.7%","23,331","19,540","83.8%","3,791","16.2%","39,485","38,290","97.0%","1,195","3.0%","35,965","34,281","95.3%","1,684","4.7%","75,485","68,597","90.9%","6,888","9.1%","13,083","12,498","95.5%","585","4.5%","66,522","62,470","93.9%","4,052","6.1%","39,954","38,829","97.2%","1,125","2.8%","15,286","13,985","91.5%","1,301","8.5%","27,219","26,567","97.6%","652","2.4%","55,820","53,802","96.4%","2,018","3.6%","27,344","26,314","96.2%","1,030","3.8%","23,326","22,846","97.9%","480","2.1%","15,408","14,882","96.6%","526","3.4%","47,620","45,915","96.4%","1,705","3.6%","24,380","23,237","95.3%","1,143","4.7%","19,567","19,093","97.6%","474","2.4%","54,068,424","50,775,975","93.9%","3,292,449","6.1%"
"        19 to 25 years","10,430","9,393","90.1%","1,037","9.9%","7,817","5,811","74.3%","2,006","25.7%","22,436","18,535","82.6%","3,901","17.4%","16,340","12,863","78.7%","3,477","21.3%","56,700","47,906","84.5%","8,794","15.5%","5,714","4,518","79.1%","1,196","20.9%","32,999","28,043","85.0%","4,956","15.0%","23,276","21,785","93.6%","1,491","6.4%","8,662","7,691","88.8%","971","11.2%","10,974","8,959","81.6%","2,015","18.4%","35,512","31,521","88.8%","3,991","11.2%","14,860","11,710","78.8%","3,150","21.2%","10,354","8,860","85.6%","1,494","14.4%","6,013","5,126","85.2%","887","14.8%","18,994","16,724","88.0%","2,270","12.0%","14,127","12,986","91.9%","1,141","8.1%","8,383","7,331","87.5%","1,052","12.5%","29,667,712","25,238,072","85.1%","4,429,640","14.9%"
"        26 to 34 years","16,602","14,628","88.1%","1,974","11.9%","14,527","12,126","83.5%","2,401","16.5%","26,299","21,752","82.7%","4,547","17.3%","25,771","21,997","85.4%","3,774","14.6%","56,707","48,878","86.2%","7,829","13.8%","7,654","5,649","73.8%","2,005","26.2%","56,380","41,821","74.2%","14,559","25.8%","35,245","30,802","87.4%","4,443","12.6%","12,636","10,413","82.4%","2,223","17.6%","19,242","13,470","70.0%","5,772","30.0%","59,317","49,769","83.9%","9,548","16.1%","17,293","14,936","86.4%","2,357","13.6%","13,963","10,452","74.9%","3,511","25.1%","9,534","8,885","93.2%","649","6.8%","24,288","19,527","80.4%","4,761","19.6%","14,551","11,134","76.5%","3,417","23.5%","15,370","12,321","80.2%","3,049","19.8%","39,837,331","33,424,276","83.9%","6,413,055","16.1%"
"        35 to 44 years","18,115","17,879","98.7%","236","1.3%","16,664","13,514","81.1%","3,150","18.9%","28,362","24,177","85.2%","4,185","14.8%","25,670","22,123","86.2%","3,547","13.8%","54,079","45,671","84.5%","8,408","15.5%","8,279","7,019","84.8%","1,260","15.2%","53,723","44,089","82.1%","9,634","17.9%","32,817","28,153","85.8%","4,664","14.2%","11,508","10,064","87.5%","1,444","12.5%","19,188","17,120","89.2%","2,068","10.8%","55,310","47,741","86.3%","7,569","13.7%","17,470","15,560","89.1%","1,910","10.9%","15,951","13,417","84.1%","2,534","15.9%","9,396","7,580","80.7%","1,816","19.3%","33,763","29,113","86.2%","4,650","13.8%","17,264","14,411","83.5%","2,853","16.5%","13,542","11,471","84.7%","2,071","15.3%","41,051,376","35,276,912","85.9%","5,774,464","14.1%"
"        45 to 54 years","14,560","13,990","96.1%","570","3.9%","14,972","13,966","93.3%","1,006","6.7%","26,881","24,118","89.7%","2,763","10.3%","23,467","21,769","92.8%","1,698","7.2%","46,014","39,578","86.0%","6,436","14.0%","8,124","7,373","90.8%","751","9.2%","51,812","44,154","85.2%","7,658","14.8%","28,765","25,330","88.1%","3,435","11.9%","11,390","10,009","87.9%","1,381","12.1%","17,040","16,208","95.1%","832","4.9%","44,963","39,611","88.1%","5,352","11.9%","17,187","16,330","95.0%","857","5.0%","15,338","14,100","91.9%","1,238","8.1%","8,952","7,757","86.7%","1,195","13.3%","33,208","28,951","87.2%","4,257","12.8%","15,438","13,073","84.7%","2,365","15.3%","12,811","11,218","87.6%","1,593","12.4%","40,357,454","35,699,527","88.5%","4,657,927","11.5%"
"        55 to 64 years","14,863","13,716","92.3%","1,147","7.7%","14,984","14,179","94.6%","805","5.4%","31,063","28,608","92.1%","2,455","7.9%","24,554","23,052","93.9%","1,502","6.1%","51,963","46,743","90.0%","5,220","10.0%","9,779","8,956","91.6%","823","8.4%","59,760","54,197","90.7%","5,563","9.3%","29,311","28,139","96.0%","1,172","4.0%","12,926","11,767","91.0%","1,159","9.0%","16,500","15,827","95.9%","673","4.1%","50,982","48,024","94.2%","2,958","5.8%","17,863","15,691","87.8%","2,172","12.2%","16,013","14,330","89.5%","1,683","10.5%","11,185","9,802","87.6%","1,383","12.4%","36,624","34,299","93.7%","2,325","6.3%","16,714","15,668","93.7%","1,046","6.3%","14,120","13,175","93.3%","945","6.7%","42,073,956","38,497,142","91.5%","3,576,814","8.5%"
"        65 to 74 years","10,710","10,081","94.1%","629","5.9%","11,236","11,236","100.0%","0","0.0%","24,447","23,891","97.7%","556","2.3%","18,411","18,390","99.9%","21","0.1%","38,179","37,999","99.5%","180","0.5%","6,198","5,852","94.4%","346","5.6%","45,493","45,302","99.6%","191","0.4%","20,004","19,864","99.3%","140","0.7%","9,222","9,185","99.6%","37","0.4%","11,612","11,612","100.0%","0","0.0%","37,529","37,084","98.8%","445","1.2%","13,585","13,471","99.2%","114","0.8%","12,720","12,456","97.9%","264","2.1%","7,858","7,858","100.0%","0","0.0%","27,529","27,268","99.1%","261","0.9%","12,221","12,193","99.8%","28","0.2%","9,043","9,043","100.0%","0","0.0%","31,216,223","30,913,049","99.0%","303,174","1.0%"
"        75 years and older","5,425","5,425","100.0%","0","0.0%","6,511","6,511","100.0%","0","0.0%","16,848","16,848","100.0%","0","0.0%","12,279","12,225","99.6%","54","0.4%","24,454","24,299","99.4%","155","0.6%","4,582","4,317","94.2%","265","5.8%","30,197","30,153","99.9%","44","0.1%","12,401","12,401","100.0%","0","0.0%","6,477","6,458","99.7%","19","0.3%","7,143","7,143","100.0%","0","0.0%","21,674","21,607","99.7%","67","0.3%","9,531","9,402","98.6%","129","1.4%","8,018","8,018","100.0%","0","0.0%","5,415","5,415","100.0%","0","0.0%","17,240","17,240","100.0%","0","0.0%","7,253","7,253","100.0%","0","0.0%","7,258","7,258","100.0%","0","0.0%","21,566,194","21,457,698","99.5%","108,496","0.5%"
"        Under 19 years","34,995","32,711","93.5%","2,284","6.5%","33,658","28,835","85.7%","4,823","14.3%","58,473","56,202","96.1%","2,271","3.9%","54,763","52,644","96.1%","2,119","3.9%","109,267","100,657","92.1%","8,610","7.9%","18,714","17,642","94.3%","1,072","5.7%","98,650","94,025","95.3%","4,625","4.7%","60,210","58,956","97.9%","1,254","2.1%","23,799","22,428","94.2%","1,371","5.8%","38,219","37,392","97.8%","827","2.2%","81,553","78,266","96.0%","3,287","4.0%","39,946","37,469","93.8%","2,477","6.2%","34,308","32,465","94.6%","1,843","5.4%","22,411","21,778","97.2%","633","2.8%","65,631","63,752","97.1%","1,879","2.9%","35,831","34,688","96.8%","1,143","3.2%","28,553","28,079","98.3%","474","1.7%","77,350,432","72,975,330","94.3%","4,375,102","5.7%"
"        19 to 64 years","74,570","69,606","93.3%","4,964","6.7%","68,964","59,596","86.4%","9,368","13.6%","135,041","117,190","86.8%","17,851","13.2%","115,802","101,804","87.9%","13,998","12.1%","265,463","228,776","86.2%","36,687","13.8%","39,550","33,515","84.7%","6,035","15.3%","254,674","212,304","83.4%","42,370","16.6%","149,414","134,209","89.8%","15,205","10.2%","57,122","49,944","87.4%","7,178","12.6%","82,944","71,584","86.3%","11,360","13.7%","246,084","216,666","88.0%","29,418","12.0%","84,673","74,227","87.7%","10,446","12.3%","71,619","61,159","85.4%","10,460","14.6%","45,080","39,150","86.8%","5,930","13.2%","146,877","128,614","87.6%","18,263","12.4%","78,094","67,272","86.1%","10,822","13.9%","64,226","55,516","86.4%","8,710","13.6%","192,987,829","168,135,929","87.1%","24,851,900","12.9%"
"        65 years and older","16,135","15,506","96.1%","629","3.9%","17,747","17,747","100.0%","0","0.0%","41,295","40,739","98.7%","556","1.3%","30,690","30,615","99.8%","75","0.2%","62,633","62,298","99.5%","335","0.5%","10,780","10,169","94.3%","611","5.7%","75,690","75,455","99.7%","235","0.3%","32,405","32,265","99.6%","140","0.4%","15,699","15,643","99.6%","56","0.4%","18,755","18,755","100.0%","0","0.0%","59,203","58,691","99.1%","512","0.9%","23,116","22,873","98.9%","243","1.1%","20,738","20,474","98.7%","264","1.3%","13,273","13,273","100.0%","0","0.0%","44,769","44,508","99.4%","261","0.6%","19,474","19,446","99.9%","28","0.1%","16,301","16,301","100.0%","0","0.0%","52,782,417","52,370,747","99.2%","411,670","0.8%"
"    SEX","","","","","","","","","","","","","","","","","","","","","","","","","","","","","","","","","","","","","","","","","","","","","","","","","","","","","","","","","","","","","","","","","","","","","","","","","","","","","","","","","","","","","","","","","",""
"        Male","61,803","58,392","94.5%","3,411","5.5%","58,353","49,887","85.5%","8,466","14.5%","110,149","98,741","89.6%","11,408","10.4%","96,457","87,274","90.5%","9,183","9.5%","209,338","181,299","86.6%","28,039","13.4%","33,351","29,106","87.3%","4,245","12.7%","205,708","176,343","85.7%","29,365","14.3%","115,944","107,202","92.5%","8,742","7.5%","47,094","42,383","90.0%","4,711","10.0%","68,060","60,548","89.0%","7,512","11.0%","182,572","161,052","88.2%","21,520","11.8%","68,366","61,179","89.5%","7,187","10.5%","61,043","53,216","87.2%","7,827","12.8%","39,371","35,541","90.3%","3,830","9.7%","123,598","110,592","89.5%","13,006","10.5%","64,579","55,521","86.0%","9,058","14.0%","52,439","48,522","92.5%","3,917","7.5%","157,833,027","141,745,190","89.8%","16,087,837","10.2%"
"        Female","63,897","59,431","93.0%","4,466","7.0%","62,016","56,291","90.8%","5,725","9.2%","124,660","115,390","92.6%","9,270","7.4%","104,798","97,789","93.3%","7,009","6.7%","228,025","210,432","92.3%","17,593","7.7%","35,693","32,220","90.3%","3,473","9.7%","223,306","205,441","92.0%","17,865","8.0%","126,085","118,228","93.8%","7,857","6.2%","49,526","45,632","92.1%","3,894","7.9%","71,858","67,183","93.5%","4,675","6.5%","204,268","192,571","94.3%","11,697","5.7%","79,369","73,390","92.5%","5,979","7.5%","65,622","60,882","92.8%","4,740","7.2%","41,393","38,660","93.4%","2,733","6.6%","133,679","126,282","94.5%","7,397","5.5%","68,820","65,885","95.7%","2,935","4.3%","56,641","51,374","90.7%","5,267","9.3%","165,287,651","151,736,816","91.8%","13,550,835","8.2%"
"    RACE AND HISPANIC OR LATINO ORIGIN","","","","","","","","","","","","","","","","","","","","","","","","","","","","","","","","","","","","","","","","","","","","","","","","","","","","","","","","","","","","","","","","","","","","","","","","","","","","","","","","","","","","","","","","","",""
"        White alone","88,120","83,996","95.3%","4,124","4.7%","85,759","76,228","88.9%","9,531","11.1%","107,671","96,264","89.4%","11,407","10.6%","140,736","129,835","92.3%","10,901","7.7%","201,137","190,046","94.5%","11,091","5.5%","41,196","37,517","91.1%","3,679","8.9%","270,483","241,894","89.4%","28,589","10.6%","167,346","157,173","93.9%","10,173","6.1%","77,733","71,821","92.4%","5,912","7.6%","125,159","116,275","92.9%","8,884","7.1%","131,304","121,875","92.8%","9,429","7.2%","85,499","78,800","92.2%","6,699","7.8%","80,340","74,734","93.0%","5,606","7.0%","45,518","42,360","93.1%","3,158","6.9%","212,076","196,229","92.5%","15,847","7.5%","88,537","80,679","91.1%","7,858","8.9%","76,759","71,003","92.5%","5,756","7.5%","233,212,096","213,846,646","91.7%","19,365,450","8.3%"
"        Black or African American alone","30,532","29,339","96.1%","1,193","3.9%","28,028","24,495","87.4%","3,533","12.6%","117,759","110,179","93.6%","7,580","6.4%","49,958","46,253","92.6%","3,705","7.4%","205,817","182,360","88.6%","23,457","11.4%","22,511","20,709","92.0%","1,802","8.0%","115,867","105,228","90.8%","10,639","9.2%","64,397","59,855","92.9%","4,542","7.1%","13,685","11,930","87.2%","1,755","12.8%","9,042","7,219","79.8%","1,823","20.2%","227,698","207,151","91.0%","20,547","9.0%","54,784","49,960","91.2%","4,824","8.8%","39,936","34,911","87.4%","5,025","12.6%","33,963","30,721","90.5%","3,242","9.5%","33,121","31,059","93.8%","2,062","6.2%","40,353","37,059","91.8%","3,294","8.2%","20,894","19,121","91.5%","1,773","8.5%","40,702,085","36,578,046","89.9%","4,124,039","10.1%"
"        American Indian and Alaska Native alone","N","N","N","N","N","N","N","N","N","N","N","N","N","N","N","N","N","N","N","N","N","N","N","N","N","N","N","N","N","N","2,290","1,949","85.1%","341","14.9%","N","N","N","N","N","1,857","1,666","89.7%","191","10.3%","N","N","N","N","N","N","N","N","N","N","N","N","N","N","N","N","N","N","N","N","N","N","N","N","N","N","N","N","N","N","N","N","N","N","N","N","N","N","N","N","2,777,677","2,247,099","80.9%","530,578","19.1%"
"        Asian alone","N","N","N","N","N","N","N","N","N","N","2,944","2,109","71.6%","835","28.4%","N","N","N","N","N","14,095","9,038","64.1%","5,057","35.9%","N","N","N","N","N","19,545","16,679","85.3%","2,866","14.7%","4,521","3,907","86.4%","614","13.6%","N","N","N","N","N","N","N","N","N","N","10,933","10,187","93.2%","746","6.8%","N","N","N","N","N","N","N","N","N","N","N","N","N","N","N","3,616","3,104","85.8%","512","14.2%","N","N","N","N","N","N","N","N","N","N","18,534,191","17,315,729","93.4%","1,218,462","6.6%"
"        Native Hawaiian and Other Pacific Islander alone","N","N","N","N","N","N","N","N","N","N","N","N","N","N","N","N","N","N","N","N","N","N","N","N","N","N","N","N","N","N","N","N","N","N","N","N","N","N","N","N","N","N","N","N","N","N","N","N","N","N","N","N","N","N","N","N","N","N","N","N","N","N","N","N","N","N","N","N","N","N","N","N","N","N","N","N","N","N","N","N","N","N","N","N","N","612,857","537,523","87.7%","75,334","12.3%"
"        Some other race alone","N","N","N","N","N","N","N","N","N","N","N","N","N","N","N","N","N","N","N","N","8,887","3,445","38.8%","5,442","61.2%","N","N","N","N","N","11,414","7,679","67.3%","3,735","32.7%","N","N","N","N","N","N","N","N","N","N","N","N","N","N","N","7,521","6,120","81.4%","1,401","18.6%","4,063","2,526","62.2%","1,537","37.8%","N","N","N","N","N","N","N","N","N","N","N","N","N","N","N","N","N","N","N","N","N","N","N","N","N","16,143,634","12,711,066","78.7%","3,432,568","21.3%"
"        Two or more races","N","N","N","N","N","N","N","N","N","N","4,359","4,100","94.1%","259","5.9%","N","N","N","N","N","6,763","6,178","91.3%","585","8.7%","N","N","N","N","N","9,369","8,309","88.7%","1,060","11.3%","N","N","N","N","N","N","N","N","N","N","N","N","N","N","N","8,020","7,127","88.9%","893","11.1%","N","N","N","N","N","3,555","2,340","65.8%","1,215","34.2%","N","N","N","N","N","4,389","3,962","90.3%","427","9.7%","N","N","N","N","N","N","N","N","N","N","11,138,138","10,245,897","92.0%","892,241","8.0%"
"        Hispanic or Latino (of any race)","7,515","4,028","53.6%","3,487","46.4%","8,504","5,960","70.1%","2,544","29.9%","6,887","5,661","82.2%","1,226","17.8%","8,170","6,280","76.9%","1,890","23.1%","19,263","12,677","65.8%","6,586","34.2%","N","N","N","N","N","64,248","45,548","70.9%","18,700","29.1%","11,165","7,205","64.5%","3,960","35.5%","4,268","3,095","72.5%","1,173","27.5%","5,719","3,949","69.1%","1,770","30.9%","21,453","17,311","80.7%","4,142","19.3%","3,102","1,932","62.3%","1,170","37.7%","4,114","3,080","74.9%","1,034","25.1%","N","N","N","N","N","15,012","10,652","71.0%","4,360","29.0%","5,942","4,466","75.2%","1,476","24.8%","N","N","N","N","N","59,686,770","48,551,702","81.3%","11,135,068","18.7%"
"        White alone, not Hispanic or Latino","84,804","81,607","96.2%","3,197","3.8%","78,923","71,752","90.9%","7,171","9.1%","103,105","92,350","89.6%","10,755","10.4%","134,509","124,952","92.9%","9,557","7.1%","192,002","181,734","94.7%","10,268","5.3%","40,552","36,873","90.9%","3,679","9.1%","222,275","207,827","93.5%","14,448","6.5%","158,169","150,960","95.4%","7,209","4.6%","74,310","69,417","93.4%","4,893","6.6%","121,558","113,194","93.1%","8,364","6.9%","118,485","111,859","94.4%","6,626","5.6%","84,691","78,019","92.1%","6,672","7.9%","77,463","72,113","93.1%","5,350","6.9%","44,137","41,015","92.9%","3,122","7.1%","201,137","188,016","93.5%","13,121","6.5%","83,858","77,476","92.4%","6,382","7.6%","72,664","66,990","92.2%","5,674","7.8%","194,023,129","181,892,205","93.7%","12,130,924","6.3%"
"    LIVING ARRANGEMENTS","","","","","","","","","","","","","","","","","","","","","","","","","","","","","","","","","","","","","","","","","","","","","","","","","","","","","","","","","","","","","","","","","","","","","","","","","","","","","","","","","","","","","","","","","",""
"        In family households","111,507","105,016","94.2%","6,491","5.8%","102,503","90,786","88.6%","11,717","11.4%","190,265","176,060","92.5%","14,205","7.5%","170,854","159,006","93.1%","11,848","6.9%","341,310","306,469","89.8%","34,841","10.2%","62,980","55,920","88.8%","7,060","11.2%","351,230","314,913","89.7%","36,317","10.3%","193,145","182,674","94.6%","10,471","5.4%","80,010","73,439","91.8%","6,571","8.2%","120,998","111,265","92.0%","9,733","8.0%","271,553","250,665","92.3%","20,888","7.7%","117,946","107,923","91.5%","10,023","8.5%","105,527","94,518","89.6%","11,009","10.4%","70,278","64,287","91.5%","5,991","8.5%","219,517","205,857","93.8%","13,660","6.2%","111,734","102,668","91.9%","9,066","8.1%","95,140","86,966","91.4%","8,174","8.6%","263,940,213","240,098,070","91.0%","23,842,143","9.0%"
"            In married couple families","86,978","83,730","96.3%","3,248","3.7%","67,052","58,665","87.5%","8,387","12.5%","109,618","100,413","91.6%","9,205","8.4%","112,256","105,880","94.3%","6,376","5.7%","203,090","183,610","90.4%","19,480","9.6%","39,168","34,113","87.1%","5,055","12.9%","221,366","200,539","90.6%","20,827","9.4%","132,920","126,043","94.8%","6,877","5.2%","57,123","52,990","92.8%","4,133","7.2%","81,316","75,962","93.4%","5,354","6.6%","134,278","124,952","93.1%","9,326","6.9%","70,330","64,601","91.9%","5,729","8.1%","61,566","57,992","94.2%","3,574","5.8%","38,509","36,716","95.3%","1,793","4.7%","162,326","153,906","94.8%","8,420","5.2%","72,978","67,938","93.1%","5,040","6.9%","55,550","52,356","94.3%","3,194","5.7%","190,121,888","176,180,183","92.7%","13,941,705","7.3%"
"            In other families","24,529","21,286","86.8%","3,243","13.2%","35,451","32,121","90.6%","3,330","9.4%","80,647","75,647","93.8%","5,000","6.2%","58,598","53,126","90.7%","5,472","9.3%","138,220","122,859","88.9%","15,361","11.1%","23,812","21,807","91.6%","2,005","8.4%","129,864","114,374","88.1%","15,490","11.9%","60,225","56,631","94.0%","3,594","6.0%","22,887","20,449","89.3%","2,438","10.7%","39,682","35,303","89.0%","4,379","11.0%","137,275","125,713","91.6%","11,562","8.4%","47,616","43,322","91.0%","4,294","9.0%","43,961","36,526","83.1%","7,435","16.9%","31,769","27,571","86.8%","4,198","13.2%","57,191","51,951","90.8%","5,240","9.2%","38,756","34,730","89.6%","4,026","10.4%","39,590","34,610","87.4%","4,980","12.6%","73,818,325","63,917,887","86.6%","9,900,438","13.4%"
"                Male reference person, no spouse present","3,495","2,874","82.2%","621","17.8%","9,469","8,575","90.6%","894","9.4%","12,910","10,691","82.8%","2,219","17.2%","10,745","9,201","85.6%","1,544","14.4%","28,467","24,247","85.2%","4,220","14.8%","8,052","7,114","88.4%","938","11.6%","31,980","26,418","82.6%","5,562","17.4%","16,247","14,727","90.6%","1,520","9.4%","5,050","4,774","94.5%","276","5.5%","14,804","11,910","80.5%","2,894","19.5%","27,866","24,919","89.4%","2,947","10.6%","11,713","10,637","90.8%","1,076","9.2%","9,652","7,776","80.6%","1,876","19.4%","9,647","8,498","88.1%","1,149","11.9%","12,742","12,093","94.9%","649","5.1%","6,643","4,945","74.4%","1,698","25.6%","7,878","6,460","82.0%","1,418","18.0%","21,227,309","17,829,442","84.0%","3,397,867","16.0%"
"                Female reference person, no spouse present","21,034","18,412","87.5%","2,622","12.5%","25,982","23,546","90.6%","2,436","9.4%","67,737","64,956","95.9%","2,781","4.1%","47,853","43,925","91.8%","3,928","8.2%","109,753","98,612","89.8%","11,141","10.2%","15,760","14,693","93.2%","1,067","6.8%","97,884","87,956","89.9%","9,928","10.1%","43,978","41,904","95.3%","2,074","4.7%","17,837","15,675","87.9%","2,162","12.1%","24,878","23,393","94.0%","1,485","6.0%","109,409","100,794","92.1%","8,615","7.9%","35,903","32,685","91.0%","3,218","9.0%","34,309","28,750","83.8%","5,559","16.2%","22,122","19,073","86.2%","3,049","13.8%","44,449","39,858","89.7%","4,591","10.3%","32,113","29,785","92.8%","2,328","7.2%","31,712","28,150","88.8%","3,562","11.2%","52,591,016","46,088,445","87.6%","6,502,571","12.4%"
"        In non-family households and other living arrangements","14,193","12,807","90.2%","1,386","9.8%","17,866","15,392","86.2%","2,474","13.8%","44,544","38,071","85.5%","6,473","14.5%","30,401","26,057","85.7%","4,344","14.3%","96,053","85,262","88.8%","10,791","11.2%","6,064","5,406","89.1%","658","10.9%","77,784","66,871","86.0%","10,913","14.0%","48,884","42,756","87.5%","6,128","12.5%","16,610","14,576","87.8%","2,034","12.2%","18,920","16,466","87.0%","2,454","13.0%","115,287","102,958","89.3%","12,329","10.7%","29,789","26,646","89.4%","3,143","10.6%","21,138","19,580","92.6%","1,558","7.4%","10,486","9,914","94.5%","572","5.5%","37,760","31,017","82.1%","6,743","17.9%","21,665","18,738","86.5%","2,927","13.5%","13,940","12,930","92.8%","1,010","7.2%","59,180,465","53,383,936","90.2%","5,796,529","9.8%"
"    NATIVITY AND U.S. CITIZENSHIP STATUS","","","","","","","","","","","","","","","","","","","","","","","","","","","","","","","","","","","","","","","","","","","","","","","","","","","","","","","","","","","","","","","","","","","","","","","","","","","","","","","","","","","","","","","","","",""
"        Native born","122,750","116,336","94.8%","6,414","5.2%","115,309","104,213","90.4%","11,096","9.6%","230,433","211,528","91.8%","18,905","8.2%","196,062","181,986","92.8%","14,076","7.2%","411,357","375,128","91.2%","36,229","8.8%","66,460","60,441","90.9%","6,019","9.1%","373,487","344,728","92.3%","28,759","7.7%","232,271","219,855","94.7%","12,416","5.3%","94,235","87,051","92.4%","7,184","7.6%","136,972","126,463","92.3%","10,509","7.7%","363,981","334,869","92.0%","29,112","8.0%","144,240","132,148","91.6%","12,092","8.4%","122,638","111,132","90.6%","11,506","9.4%","79,962","73,500","91.9%","6,462","8.1%","247,016","231,076","93.5%","15,940","6.5%","130,402","119,918","92.0%","10,484","8.0%","105,783","97,999","92.6%","7,784","7.4%","278,548,300","257,788,435","92.5%","20,759,865","7.5%"
"        Foreign born","2,950","1,487","50.4%","1,463","49.6%","5,060","1,965","38.8%","3,095","61.2%","4,376","2,603","59.5%","1,773","40.5%","5,193","3,077","59.3%","2,116","40.7%","26,006","16,603","63.8%","9,403","36.2%","2,584","885","34.2%","1,699","65.8%","55,527","37,056","66.7%","18,471","33.3%","9,758","5,575","57.1%","4,183","42.9%","2,385","964","40.4%","1,421","59.6%","2,946","1,268","43.0%","1,678","57.0%","22,859","18,754","82.0%","4,105","18.0%","3,495","2,421","69.3%","1,074","30.7%","4,027","2,966","73.7%","1,061","26.3%","802","701","87.4%","101","12.6%","10,261","5,798","56.5%","4,463","43.5%","2,997","1,488","49.6%","1,509","50.4%","3,297","1,897","57.5%","1,400","42.5%","44,572,378","35,693,571","80.1%","8,878,807","19.9%"
"            Naturalized","910","910","100.0%","0","0.0%","1,573","1,022","65.0%","551","35.0%","2,283","1,972","86.4%","311","13.6%","2,002","1,672","83.5%","330","16.5%","8,361","7,357","88.0%","1,004","12.0%","872","307","35.2%","565","64.8%","24,259","20,311","83.7%","3,948","16.3%","3,132","2,732","87.2%","400","12.8%","677","244","36.0%","433","64.0%","1,242","1,242","100.0%","0","0.0%","10,949","10,224","93.4%","725","6.6%","1,863","1,467","78.7%","396","21.3%","1,827","1,827","100.0%","0","0.0%","423","423","100.0%","0","0.0%","4,923","4,046","82.2%","877","17.8%","1,191","979","82.2%","212","17.8%","734","436","59.4%","298","40.6%","23,002,416","21,041,210","91.5%","1,961,206","8.5%"
"            Not a citizen","2,040","577","28.3%","1,463","71.7%","3,487","943","27.0%","2,544","73.0%","2,093","631","30.1%","1,462","69.9%","3,191","1,405","44.0%","1,786","56.0%","17,645","9,246","52.4%","8,399","47.6%","1,712","578","33.8%","1,134","66.2%","31,268","16,745","53.6%","14,523","46.4%","6,626","2,843","42.9%","3,783","57.1%","1,708","720","42.2%","988","57.8%","1,704","26","1.5%","1,678","98.5%","11,910","8,530","71.6%","3,380","28.4%","1,632","954","58.5%","678","41.5%","2,200","1,139","51.8%","1,061","48.2%","379","278","73.4%","101","26.6%","5,338","1,752","32.8%","3,586","67.2%","1,806","509","28.2%","1,297","71.8%","2,563","1,461","57.0%","1,102","43.0%","21,569,962","14,652,361","67.9%","6,917,601","32.1%"
"    DISABILITY STATUS","","","","","","","","","","","","","","","","","","","","","","","","","","","","","","","","","","","","","","","","","","","","","","","","","","","","","","","","","","","","","","","","","","","","","","","","","","","","","","","","","","","","","","","","","",""
"        With a disability","15,726","15,364","97.7%","362","2.3%","13,492","13,018","96.5%","474","3.5%","40,733","38,812","95.3%","1,921","4.7%","26,818","25,555","95.3%","1,263","4.7%","68,909","64,844","94.1%","4,065","5.9%","10,492","9,136","87.1%","1,356","12.9%","65,404","61,119","93.4%","4,285","6.6%","27,939","26,605","95.2%","1,334","4.8%","19,125","18,460","96.5%","665","3.5%","20,038","18,989","94.8%","1,049","5.2%","53,377","50,681","94.9%","2,696","5.1%","19,633","18,633","94.9%","1,000","5.1%","20,116","19,333","96.1%","783","3.9%","8,303","7,964","95.9%","339","4.1%","48,775","46,870","96.1%","1,905","3.9%","26,602","24,086","90.5%","2,516","9.5%","15,954","14,823","92.9%","1,131","7.1%","41,089,958","38,758,402","94.3%","2,331,556","5.7%"
"        No disability","109,974","102,459","93.2%","7,515","6.8%","106,877","93,160","87.2%","13,717","12.8%","194,076","175,319","90.3%","18,757","9.7%","174,437","159,508","91.4%","14,929","8.6%","368,454","326,887","88.7%","41,567","11.3%","58,552","52,190","89.1%","6,362","10.9%","363,610","320,665","88.2%","42,945","11.8%","214,090","198,825","92.9%","15,265","7.1%","77,495","69,555","89.8%","7,940","10.2%","119,880","108,742","90.7%","11,138","9.3%","333,463","302,942","90.8%","30,521","9.2%","128,102","115,936","90.5%","12,166","9.5%","106,549","94,765","88.9%","11,784","11.1%","72,461","66,237","91.4%","6,224","8.6%","208,502","190,004","91.1%","18,498","8.9%","106,797","97,320","91.1%","9,477","8.9%","93,126","85,073","91.4%","8,053","8.6%","282,030,720","254,723,604","90.3%","27,307,116","9.7%"
"    EDUCATIONAL ATTAINMENT","","","","","","","","","","","","","","","","","","","","","","","","","","","","","","","","","","","","","","","","","","","","","","","","","","","","","","","","","","","","","","","","","","","","","","","","","","","","","","","","","","","","","","","","","",""
"        Civilian noninstitutionalized population 26 years and over","80,275","75,719","94.3%","4,556","5.7%","78,894","71,532","90.7%","7,362","9.3%","153,900","139,394","90.6%","14,506","9.4%","130,152","119,556","91.9%","10,596","8.1%","271,396","243,168","89.6%","28,228","10.4%","44,616","39,166","87.8%","5,450","12.2%","297,365","259,716","87.3%","37,649","12.7%","158,543","144,689","91.3%","13,854","8.7%","64,159","57,896","90.2%","6,263","9.8%","90,725","81,380","89.7%","9,345","10.3%","269,775","243,836","90.4%","25,939","9.6%","92,929","85,390","91.9%","7,539","8.1%","82,003","72,773","88.7%","9,230","11.3%","52,340","47,297","90.4%","5,043","9.6%","172,652","156,398","90.6%","16,254","9.4%","83,441","73,732","88.4%","9,709","11.6%","72,144","64,486","89.4%","7,658","10.6%","216,102,534","195,268,604","90.4%","20,833,930","9.6%"
"            Less than high school graduate","5,354","4,626","86.4%","728","13.6%","7,213","5,719","79.3%","1,494","20.7%","19,558","17,448","89.2%","2,110","10.8%","17,316","15,556","89.8%","1,760","10.2%","24,108","20,055","83.2%","4,053","16.8%","6,913","5,894","85.3%","1,019","14.7%","36,519","28,785","78.8%","7,734","21.2%","15,449","11,523","74.6%","3,926","25.4%","13,531","11,956","88.4%","1,575","11.6%","15,847","12,551","79.2%","3,296","20.8%","34,060","28,365","83.3%","5,695","16.7%","11,786","10,876","92.3%","910","7.7%","11,393","9,806","86.1%","1,587","13.9%","12,033","10,559","87.8%","1,474","12.2%","14,578","11,422","78.4%","3,156","21.6%","13,091","10,294","78.6%","2,797","21.4%","13,256","11,339","85.5%","1,917","14.5%","24,366,390","18,999,096","78.0%","5,367,294","22.0%"
"            High school graduate (includes equivalency)","27,668","25,093","90.7%","2,575","9.3%","26,551","22,539","84.9%","4,012","15.1%","52,660","45,564","86.5%","7,096","13.5%","45,905","42,167","91.9%","3,738","8.1%","76,980","65,166","84.7%","11,814","15.3%","21,453","18,216","84.9%","3,237","15.1%","90,110","73,949","82.1%","16,161","17.9%","46,266","40,892","88.4%","5,374","11.6%","25,902","23,160","89.4%","2,742","10.6%","32,494","28,658","88.2%","3,836","11.8%","62,340","54,246","87.0%","8,094","13.0%","29,757","26,220","88.1%","3,537","11.9%","29,560","25,466","86.2%","4,094","13.8%","22,253","19,826","89.1%","2,427","10.9%","46,662","40,992","87.8%","5,670","12.2%","29,938","26,279","87.8%","3,659","12.2%","28,407","26,179","92.2%","2,228","7.8%","57,696,941","50,447,775","87.4%","7,249,166","12.6%"
"            Some college or associate's degree","26,480","25,439","96.1%","1,041","3.9%","27,164","25,371","93.4%","1,793","6.6%","44,743","40,837","91.3%","3,906","8.7%","36,702","33,208","90.5%","3,494","9.5%","74,951","67,017","89.4%","7,934","10.6%","9,136","8,547","93.6%","589","6.4%","87,672","76,790","87.6%","10,882","12.4%","41,521","39,209","94.4%","2,312","5.6%","14,164","12,532","88.5%","1,632","11.5%","22,914","22,272","97.2%","642","2.8%","67,461","60,382","89.5%","7,079","10.5%","25,675","23,436","91.3%","2,239","8.7%","24,541","21,632","88.1%","2,909","11.9%","12,033","10,916","90.7%","1,117","9.3%","48,771","44,816","91.9%","3,955","8.1%","19,250","16,796","87.3%","2,454","12.7%","19,091","17,018","89.1%","2,073","10.9%","61,702,996","56,353,545","91.3%","5,349,451","8.7%"
"            Bachelor's degree or higher","20,773","20,561","99.0%","212","1.0%","17,966","17,903","99.6%","63","0.4%","36,939","35,545","96.2%","1,394","3.8%","30,229","28,625","94.7%","1,604","5.3%","95,357","90,930","95.4%","4,427","4.6%","7,114","6,509","91.5%","605","8.5%","83,064","80,192","96.5%","2,872","3.5%","55,307","53,065","95.9%","2,242","4.1%","10,562","10,248","97.0%","314","3.0%","19,470","17,899","91.9%","1,571","8.1%","105,914","100,843","95.2%","5,071","4.8%","25,711","24,858","96.7%","853","3.3%","16,509","15,869","96.1%","640","3.9%","6,021","5,996","99.6%","25","0.4%","62,641","59,168","94.5%","3,473","5.5%","21,162","20,363","96.2%","799","3.8%","11,390","9,950","87.4%","1,440","12.6%","72,336,207","69,468,188","96.0%","2,868,019","4.0%"
"    EMPLOYMENT STATUS","","","","","","","","","","","","","","","","","","","","","","","","","","","","","","","","","","","","","","","","","","","","","","","","","","","","","","","","","","","","","","","","","","","","","","","","","","","","","","","","","","","","","","","","","",""
"        Civilian noninstitutionalized population 19 to 64 years","74,570","69,606","93.3%","4,964","6.7%","68,964","59,596","86.4%","9,368","13.6%","135,041","117,190","86.8%","17,851","13.2%","115,802","101,804","87.9%","13,998","12.1%","265,463","228,776","86.2%","36,687","13.8%","39,550","33,515","84.7%","6,035","15.3%","254,674","212,304","83.4%","42,370","16.6%","149,414","134,209","89.8%","15,205","10.2%","57,122","49,944","87.4%","7,178","12.6%","82,944","71,584","86.3%","11,360","13.7%","246,084","216,666","88.0%","29,418","12.0%","84,673","74,227","87.7%","10,446","12.3%","71,619","61,159","85.4%","10,460","14.6%","45,080","39,150","86.8%","5,930","13.2%","146,877","128,614","87.6%","18,263","12.4%","78,094","67,272","86.1%","10,822","13.9%","64,226","55,516","86.4%","8,710","13.6%","192,987,829","168,135,929","87.1%","24,851,900","12.9%"
"            In labor force","59,440","55,910","94.1%","3,530","5.9%","51,637","44,312","85.8%","7,325","14.2%","93,922","81,480","86.8%","12,442","13.2%","79,821","71,039","89.0%","8,782","11.0%","208,019","178,612","85.9%","29,407","14.1%","26,796","23,689","88.4%","3,107","11.6%","202,484","167,806","82.9%","34,678","17.1%","116,934","105,931","90.6%","11,003","9.4%","41,435","35,810","86.4%","5,625","13.6%","61,723","52,519","85.1%","9,204","14.9%","187,003","163,003","87.2%","24,000","12.8%","60,740","52,612","86.6%","8,128","13.4%","52,826","44,728","84.7%","8,098","15.3%","30,310","26,040","85.9%","4,270","14.1%","109,435","94,367","86.2%","15,068","13.8%","55,629","46,991","84.5%","8,638","15.5%","48,199","41,726","86.6%","6,473","13.4%","151,909,747","133,276,510","87.7%","18,633,237","12.3%"
"                Employed","58,011","55,390","95.5%","2,621","4.5%","50,315","43,608","86.7%","6,707","13.3%","88,677","77,014","86.8%","11,663","13.2%","75,581","67,633","89.5%","7,948","10.5%","195,437","170,197","87.1%","25,240","12.9%","26,131","23,366","89.4%","2,765","10.6%","193,767","161,429","83.3%","32,338","16.7%","110,573","100,997","91.3%","9,576","8.7%","38,889","33,886","87.1%","5,003","12.9%","59,125","51,561","87.2%","7,564","12.8%","171,986","152,166","88.5%","19,820","11.5%","58,860","51,322","87.2%","7,538","12.8%","50,963","43,291","84.9%","7,672","15.1%","28,510","24,515","86.0%","3,995","14.0%","104,865","92,069","87.8%","12,796","12.2%","52,187","44,529","85.3%","7,658","14.7%","45,461","39,908","87.8%","5,553","12.2%","145,378,445","128,593,858","88.5%","16,784,587","11.5%"
"                Unemployed","1,429","520","36.4%","909","63.6%","1,322","704","53.3%","618","46.7%","5,245","4,466","85.1%","779","14.9%","4,240","3,406","80.3%","834","19.7%","12,582","8,415","66.9%","4,167","33.1%","665","323","48.6%","342","51.4%","8,717","6,377","73.2%","2,340","26.8%","6,361","4,934","77.6%","1,427","22.4%","2,546","1,924","75.6%","622","24.4%","2,598","958","36.9%","1,640","63.1%","15,017","10,837","72.2%","4,180","27.8%","1,880","1,290","68.6%","590","31.4%","1,863","1,437","77.1%","426","22.9%","1,800","1,525","84.7%","275","15.3%","4,570","2,298","50.3%","2,272","49.7%","3,442","2,462","71.5%","980","28.5%","2,738","1,818","66.4%","920","33.6%","6,531,302","4,682,652","71.7%","1,848,650","28.3%"
"            Not in labor force","15,130","13,696","90.5%","1,434","9.5%","17,327","15,284","88.2%","2,043","11.8%","41,119","35,710","86.8%","5,409","13.2%","35,981","30,765","85.5%","5,216","14.5%","57,444","50,164","87.3%","7,280","12.7%","12,754","9,826","77.0%","2,928","23.0%","52,190","44,498","85.3%","7,692","14.7%","32,480","28,278","87.1%","4,202","12.9%","15,687","14,134","90.1%","1,553","9.9%","21,221","19,065","89.8%","2,156","10.2%","59,081","53,663","90.8%","5,418","9.2%","23,933","21,615","90.3%","2,318","9.7%","18,793","16,431","87.4%","2,362","12.6%","14,770","13,110","88.8%","1,660","11.2%","37,442","34,247","91.5%","3,195","8.5%","22,465","20,281","90.3%","2,184","9.7%","16,027","13,790","86.0%","2,237","14.0%","41,078,082","34,859,419","84.9%","6,218,663","15.1%"
"    WORK EXPERIENCE","","","","","","","","","","","","","","","","","","","","","","","","","","","","","","","","","","","","","","","","","","","","","","","","","","","","","","","","","","","","","","","","","","","","","","","","","","","","","","","","","","","","","","","","","",""
"        Civilian noninstitutionalized population 19 to 64 years","74,570","69,606","93.3%","4,964","6.7%","68,964","59,596","86.4%","9,368","13.6%","135,041","117,190","86.8%","17,851","13.2%","115,802","101,804","87.9%","13,998","12.1%","265,463","228,776","86.2%","36,687","13.8%","39,550","33,515","84.7%","6,035","15.3%","254,674","212,304","83.4%","42,370","16.6%","149,414","134,209","89.8%","15,205","10.2%","57,122","49,944","87.4%","7,178","12.6%","82,944","71,584","86.3%","11,360","13.7%","246,084","216,666","88.0%","29,418","12.0%","84,673","74,227","87.7%","10,446","12.3%","71,619","61,159","85.4%","10,460","14.6%","45,080","39,150","86.8%","5,930","13.2%","146,877","128,614","87.6%","18,263","12.4%","78,094","67,272","86.1%","10,822","13.9%","64,226","55,516","86.4%","8,710","13.6%","192,987,829","168,135,929","87.1%","24,851,900","12.9%"
"            Worked full-time, year round in the past 12 months","49,072","47,146","96.1%","1,926","3.9%","40,766","36,109","88.6%","4,657","11.4%","67,592","59,119","87.5%","8,473","12.5%","56,096","50,564","90.1%","5,532","9.9%","141,372","124,196","87.9%","17,176","12.1%","22,919","20,718","90.4%","2,201","9.6%","151,891","128,022","84.3%","23,869","15.7%","84,082","78,109","92.9%","5,973","7.1%","28,137","24,963","88.7%","3,174","11.3%","46,522","40,782","87.7%","5,740","12.3%","123,745","110,486","89.3%","13,259","10.7%","45,431","39,530","87.0%","5,901","13.0%","40,042","33,659","84.1%","6,383","15.9%","21,212","19,015","89.6%","2,197","10.4%","78,855","69,984","88.8%","8,871","11.2%","36,126","31,712","87.8%","4,414","12.2%","33,378","29,670","88.9%","3,708","11.1%","109,214,198","98,095,694","89.8%","11,118,504","10.2%"
"            Worked less than full-time, year round in the past 12 months","10,488","9,465","90.2%","1,023","9.8%","12,159","9,758","80.3%","2,401","19.7%","27,778","24,089","86.7%","3,689","13.3%","27,579","22,877","83.0%","4,702","17.0%","71,284","58,134","81.6%","13,150","18.4%","4,357","3,188","73.2%","1,169","26.8%","52,917","42,081","79.5%","10,836","20.5%","33,387","28,447","85.2%","4,940","14.8%","13,997","11,671","83.4%","2,326","16.6%","17,796","13,970","78.5%","3,826","21.5%","65,789","56,094","85.3%","9,695","14.7%","16,032","14,159","88.3%","1,873","11.7%","13,705","12,009","87.6%","1,696","12.4%","9,710","7,531","77.6%","2,179","22.4%","31,869","26,336","82.6%","5,533","17.4%","19,892","15,917","80.0%","3,975","20.0%","15,278","12,154","79.6%","3,124","20.4%","46,115,530","38,369,726","83.2%","7,745,804","16.8%"
"            Did not work","15,010","12,995","86.6%","2,015","13.4%","16,039","13,729","85.6%","2,310","14.4%","39,671","33,982","85.7%","5,689","14.3%","32,127","28,363","88.3%","3,764","11.7%","52,807","46,446","88.0%","6,361","12.0%","12,274","9,609","78.3%","2,665","21.7%","49,866","42,201","84.6%","7,665","15.4%","31,945","27,653","86.6%","4,292","13.4%","14,988","13,310","88.8%","1,678","11.2%","18,626","16,832","90.4%","1,794","9.6%","56,550","50,086","88.6%","6,464","11.4%","23,210","20,538","88.5%","2,672","11.5%","17,872","15,491","86.7%","2,381","13.3%","14,158","12,604","89.0%","1,554","11.0%","36,153","32,294","89.3%","3,859","10.7%","22,076","19,643","89.0%","2,433","11.0%","15,570","13,692","87.9%","1,878","12.1%","37,658,101","31,670,509","84.1%","5,987,592","15.9%"
"    HOUSEHOLD INCOME (IN 2019 INFLATION-ADJUSTED DOLLARS)","","","","","","","","","","","","","","","","","","","","","","","","","","","","","","","","","","","","","","","","","","","","","","","","","","","","","","","","","","","","","","","","","","","","","","","","","","","","","","","","","","","","","","","","","",""
"        Total household population","125,608","117,731","93.7%","7,877","6.3%","120,140","105,960","88.2%","14,180","11.8%","233,609","213,068","91.2%","20,541","8.8%","199,928","183,879","92.0%","16,049","8.0%","430,255","384,724","89.4%","45,531","10.6%","68,973","61,255","88.8%","7,718","11.2%","428,503","381,322","89.0%","47,181","11.0%","238,944","222,823","93.3%","16,121","6.7%","95,422","87,012","91.2%","8,410","8.8%","139,829","127,685","91.3%","12,144","8.7%","378,314","345,512","91.3%","32,802","8.7%","145,347","132,436","91.1%","12,911","8.9%","124,969","112,590","90.1%","12,379","9.9%","80,503","73,940","91.8%","6,563","8.2%","256,926","236,532","92.1%","20,394","7.9%","130,781","119,041","91.0%","11,740","9.0%","108,861","99,759","91.6%","9,102","8.4%","319,261,418","289,929,027","90.8%","29,332,391","9.2%"
"            Under $25,000","11,135","10,333","92.8%","802","7.2%","22,197","20,581","92.7%","1,616","7.3%","64,419","59,341","92.1%","5,078","7.9%","42,986","38,303","89.1%","4,683","10.9%","81,130","71,891","88.6%","9,239","11.4%","16,957","13,129","77.4%","3,828","22.6%","71,601","59,424","83.0%","12,177","17.0%","41,304","34,225","82.9%","7,079","17.1%","17,531","16,116","91.9%","1,415","8.1%","21,106","19,695","93.3%","1,411","6.7%","96,070","85,839","89.4%","10,231","10.6%","37,395","34,440","92.1%","2,955","7.9%","23,623","20,710","87.7%","2,913","12.3%","21,026","19,234","91.5%","1,792","8.5%","31,531","27,280","86.5%","4,251","13.5%","30,783","27,112","88.1%","3,671","11.9%","22,622","19,986","88.3%","2,636","11.7%","40,323,295","34,899,277","86.5%","5,424,018","13.5%"
"            $25,000 to $49,999","18,911","14,616","77.3%","4,295","22.7%","30,459","23,095","75.8%","7,364","24.2%","47,704","42,604","89.3%","5,100","10.7%","40,457","36,258","89.6%","4,199","10.4%","78,069","69,321","88.8%","8,748","11.2%","11,858","10,716","90.4%","1,142","9.6%","87,468","75,117","85.9%","12,351","14.1%","42,523","41,016","96.5%","1,507","3.5%","22,641","20,008","88.4%","2,633","11.6%","22,532","19,465","86.4%","3,067","13.6%","70,849","63,458","89.6%","7,391","10.4%","35,420","31,181","88.0%","4,239","12.0%","28,684","25,454","88.7%","3,230","11.3%","20,962","18,104","86.4%","2,858","13.6%","41,682","36,974","88.7%","4,708","11.3%","25,369","21,912","86.4%","3,457","13.6%","22,551","20,200","89.6%","2,351","10.4%","56,551,992","48,692,982","86.1%","7,859,010","13.9%"
"            $50,000 to $74,999","15,295","14,276","93.3%","1,019","6.7%","19,019","16,343","85.9%","2,676","14.1%","35,352","31,994","90.5%","3,358","9.5%","30,262","25,787","85.2%","4,475","14.8%","76,020","65,857","86.6%","10,163","13.4%","14,076","13,200","93.8%","876","6.2%","82,195","72,718","88.5%","9,477","11.5%","37,098","33,329","89.8%","3,769","10.2%","15,861","14,381","90.7%","1,480","9.3%","25,721","21,655","84.2%","4,066","15.8%","55,006","50,024","90.9%","4,982","9.1%","21,554","19,163","88.9%","2,391","11.1%","30,340","27,084","89.3%","3,256","10.7%","11,558","11,038","95.5%","520","4.5%","44,507","39,187","88.0%","5,320","12.0%","16,310","15,059","92.3%","1,251","7.7%","15,539","13,880","89.3%","1,659","10.7%","54,772,904","48,508,928","88.6%","6,263,976","11.4%"
"            $75,000 to $99,999","21,681","21,454","99.0%","227","1.0%","16,949","15,950","94.1%","999","5.9%","25,293","24,391","96.4%","902","3.6%","23,448","22,859","97.5%","589","2.5%","55,814","47,869","85.8%","7,945","14.2%","7,017","6,113","87.1%","904","12.9%","55,247","48,856","88.4%","6,391","11.6%","34,411","32,998","95.9%","1,413","4.1%","17,508","16,251","92.8%","1,257","7.2%","18,873","16,927","89.7%","1,946","10.3%","35,726","31,758","88.9%","3,968","11.1%","18,091","17,663","97.6%","428","2.4%","14,446","12,663","87.7%","1,783","12.3%","12,647","12,111","95.8%","536","4.2%","42,951","40,986","95.4%","1,965","4.6%","23,763","21,900","92.2%","1,863","7.8%","12,226","11,611","95.0%","615","5.0%","44,885,818","41,020,936","91.4%","3,864,882","8.6%"
"            $100,000 and over","58,586","57,052","97.4%","1,534","2.6%","31,516","29,991","95.2%","1,525","4.8%","60,841","54,738","90.0%","6,103","10.0%","62,775","60,672","96.6%","2,103","3.4%","139,222","129,786","93.2%","9,436","6.8%","19,065","18,097","94.9%","968","5.1%","131,992","125,207","94.9%","6,785","5.1%","83,608","81,255","97.2%","2,353","2.8%","21,881","20,256","92.6%","1,625","7.4%","51,597","49,943","96.8%","1,654","3.2%","120,663","114,433","94.8%","6,230","5.2%","32,887","29,989","91.2%","2,898","8.8%","27,876","26,679","95.7%","1,197","4.3%","14,310","13,453","94.0%","857","6.0%","96,255","92,105","95.7%","4,150","4.3%","34,556","33,058","95.7%","1,498","4.3%","35,923","34,082","94.9%","1,841","5.1%","122,727,409","116,806,904","95.2%","5,920,505","4.8%"
"    RATIO OF INCOME TO POVERTY LEVEL IN THE PAST 12 MONTHS","","","","","","","","","","","","","","","","","","","","","","","","","","","","","","","","","","","","","","","","","","","","","","","","","","","","","","","","","","","","","","","","","","","","","","","","","","","","","","","","","","","","","","","","","",""
"        Civilian noninstitutionalized population for whom poverty status is determined","125,353","117,476","93.7%","7,877","6.3%","119,026","105,675","88.8%","13,351","11.2%","233,912","213,525","91.3%","20,387","8.7%","200,138","184,031","92.0%","16,107","8.0%","430,841","385,534","89.5%","45,307","10.5%","69,016","61,298","88.8%","7,718","11.2%","427,842","381,180","89.1%","46,662","10.9%","238,659","222,641","93.3%","16,018","6.7%","94,464","86,000","91.0%","8,464","9.0%","139,441","127,254","91.3%","12,187","8.7%","378,957","346,579","91.5%","32,378","8.5%","145,869","132,850","91.1%","13,019","8.9%","125,909","113,442","90.1%","12,467","9.9%","79,846","73,283","91.8%","6,563","8.2%","256,427","236,024","92.0%","20,403","8.0%","130,809","118,835","90.8%","11,974","9.2%","108,255","99,071","91.5%","9,184","8.5%","319,224,591","289,833,878","90.8%","29,390,713","9.2%"
"            Below 138 percent of the poverty threshold","16,093","13,152","81.7%","2,941","18.3%","31,654","25,725","81.3%","5,929","18.7%","78,985","71,074","90.0%","7,911","10.0%","57,027","50,647","88.8%","6,380","11.2%","106,236","93,981","88.5%","12,255","11.5%","19,879","16,345","82.2%","3,534","17.8%","87,104","71,972","82.6%","15,132","17.4%","56,908","49,068","86.2%","7,840","13.8%","26,279","23,847","90.7%","2,432","9.3%","25,897","22,828","88.1%","3,069","11.9%","116,453","104,371","89.6%","12,082","10.4%","49,393","44,755","90.6%","4,638","9.4%","29,987","26,536","88.5%","3,451","11.5%","27,580","24,506","88.9%","3,074","11.1%","46,840","40,083","85.6%","6,757","14.4%","40,639","35,400","87.1%","5,239","12.9%","28,382","25,599","90.2%","2,783","9.8%","58,863,556","49,529,372","84.1%","9,334,184","15.9%"
"            138 to 399 percent of the poverty threshold","45,243","42,094","93.0%","3,149","7.0%","49,476","43,786","88.5%","5,690","11.5%","84,465","76,637","90.7%","7,828","9.3%","72,753","64,301","88.4%","8,452","11.6%","165,213","139,914","84.7%","25,299","15.3%","28,140","24,573","87.3%","3,567","12.7%","188,494","164,752","87.4%","23,742","12.6%","90,151","83,591","92.7%","6,560","7.3%","41,413","36,889","89.1%","4,524","10.9%","55,979","48,947","87.4%","7,032","12.6%","130,514","117,272","89.9%","13,242","10.1%","55,457","48,248","87.0%","7,209","13.0%","60,552","53,049","87.6%","7,503","12.4%","35,904","33,272","92.7%","2,632","7.3%","100,903","92,210","91.4%","8,693","8.6%","50,669","45,347","89.5%","5,322","10.5%","44,072","39,478","89.6%","4,594","10.4%","128,036,509","113,085,314","88.3%","14,951,195","11.7%"
"            At or above 400 percent of the poverty threshold","64,017","62,230","97.2%","1,787","2.8%","37,896","36,164","95.4%","1,732","4.6%","70,462","65,814","93.4%","4,648","6.6%","70,358","69,083","98.2%","1,275","1.8%","159,392","151,639","95.1%","7,753","4.9%","20,997","20,380","97.1%","617","2.9%","152,244","144,456","94.9%","7,788","5.1%","91,600","89,982","98.2%","1,618","1.8%","26,772","25,264","94.4%","1,508","5.6%","57,565","55,479","96.4%","2,086","3.6%","131,990","124,936","94.7%","7,054","5.3%","41,019","39,847","97.1%","1,172","2.9%","35,370","33,857","95.7%","1,513","4.3%","16,362","15,505","94.8%","857","5.2%","108,684","103,731","95.4%","4,953","4.6%","39,501","38,088","96.4%","1,413","3.6%","35,801","33,994","95.0%","1,807","5.0%","132,324,526","127,219,192","96.1%","5,105,334","3.9%"
"            Below 100 percent of the poverty threshold","10,439","7,726","74.0%","2,713","26.0%","22,762","17,787","78.1%","4,975","21.9%","57,858","52,295","90.4%","5,563","9.6%","41,935","37,732","90.0%","4,203","10.0%","75,511","67,388","89.2%","8,123","10.8%","15,072","12,398","82.3%","2,674","17.7%","59,713","49,427","82.8%","10,286","17.2%","42,102","35,851","85.2%","6,251","14.8%","17,849","16,163","90.6%","1,686","9.4%","18,224","15,460","84.8%","2,764","15.2%","88,044","79,913","90.8%","8,131","9.2%","36,738","33,037","89.9%","3,701","10.1%","22,678","19,558","86.2%","3,120","13.8%","17,622","16,130","91.5%","1,492","8.5%","31,583","27,032","85.6%","4,551","14.4%","30,095","25,808","85.8%","4,287","14.2%","21,632","19,298","89.2%","2,334","10.8%","39,464,064","33,166,119","84.0%","6,297,945","16.0%"