"Label","Alachua County, Florida!!Total!!Estimate","Alachua County, Florida!!Total!!Margin of Error","Alachua County, Florida!!Public Coverage!!Estimate","Alachua County, Florida!!Public Coverage!!Margin of Error","Alachua County, Florida!!Percent Public Coverage!!Estimate","Alachua County, Florida!!Percent Public Coverage!!Margin of Error","Bay County, Florida!!Total!!Estimate","Bay County, Florida!!Total!!Margin of Error","Bay County, Florida!!Public Coverage!!Estimate","Bay County, Florida!!Public Coverage!!Margin of Error","Bay County, Florida!!Percent Public Coverage!!Estimate","Bay County, Florida!!Percent Public Coverage!!Margin of Error","Brevard County, Florida!!Total!!Estimate","Brevard County, Florida!!Total!!Margin of Error","Brevard County, Florida!!Public Coverage!!Estimate","Brevard County, Florida!!Public Coverage!!Margin of Error","Brevard County, Florida!!Percent Public Coverage!!Estimate","Brevard County, Florida!!Percent Public Coverage!!Margin of Error","Broward County, Florida!!Total!!Estimate","Broward County, Florida!!Total!!Margin of Error","Broward County, Florida!!Public Coverage!!Estimate","Broward County, Florida!!Public Coverage!!Margin of Error","Broward County, Florida!!Percent Public Coverage!!Estimate","Broward County, Florida!!Percent Public Coverage!!Margin of Error","Charlotte County, Florida!!Total!!Estimate","Charlotte County, Florida!!Total!!Margin of Error","Charlotte County, Florida!!Public Coverage!!Estimate","Charlotte County, Florida!!Public Coverage!!Margin of Error","Charlotte County, Florida!!Percent Public Coverage!!Estimate","Charlotte County, Florida!!Percent Public Coverage!!Margin of Error","Citrus County, Florida!!Total!!Estimate","Citrus County, Florida!!Total!!Margin of Error","Citrus County, Florida!!Public Coverage!!Estimate","Citrus County, Florida!!Public Coverage!!Margin of Error","Citrus County, Florida!!Percent Public Coverage!!Estimate","Citrus County, Florida!!Percent Public Coverage!!Margin of Error","Clay County, Florida!!Total!!Estimate","Clay County, Florida!!Total!!Margin of Error","Clay County, Florida!!Public Coverage!!Estimate","Clay County, Florida!!Public Coverage!!Margin of Error","Clay County, Florida!!Percent Public Coverage!!Estimate","Clay County, Florida!!Percent Public Coverage!!Margin of Error","Collier County, Florida!!Total!!Estimate","Collier County, Florida!!Total!!Margin of Error","Collier County, Florida!!Public Coverage!!Estimate","Collier County, Florida!!Public Coverage!!Margin of Error","Collier County, Florida!!Percent Public Coverage!!Estimate","Collier County, Florida!!Percent Public Coverage!!Margin of Error","Columbia County, Florida!!Total!!Estimate","Columbia County, Florida!!Total!!Margin of Error","Columbia County, Florida!!Public Coverage!!Estimate","Columbia County, Florida!!Public Coverage!!Margin of Error","Columbia County, Florida!!Percent Public Coverage!!Estimate","Columbia County, Florida!!Percent Public Coverage!!Margin of Error","Duval County, Florida!!Total!!Estimate","Duval County, Florida!!Total!!Margin of Error","Duval County, Florida!!Public Coverage!!Estimate","Duval County, Florida!!Public Coverage!!Margin of Error","Duval County, Florida!!Percent Public Coverage!!Estimate","Duval County, Florida!!Percent Public Coverage!!Margin of Error","Escambia County, Florida!!Total!!Estimate","Escambia County, Florida!!Total!!Margin of Error","Escambia County, Florida!!Public Coverage!!Estimate","Escambia County, Florida!!Public Coverage!!Margin of Error","Escambia County, Florida!!Percent Public Coverage!!Estimate","Escambia County, Florida!!Percent Public Coverage!!Margin of Error","Flagler County, Florida!!Total!!Estimate","Flagler County, Florida!!Total!!Margin of Error","Flagler County, Florida!!Public Coverage!!Estimate","Flagler County, Florida!!Public Coverage!!Margin of Error","Flagler County, Florida!!Percent Public Coverage!!Estimate","Flagler County, Florida!!Percent Public Coverage!!Margin of Error","Hernando County, Florida!!Total!!Estimate","Hernando County, Florida!!Total!!Margin of Error","Hernando County, Florida!!Public Coverage!!Estimate","Hernando County, Florida!!Public Coverage!!Margin of Error","Hernando County, Florida!!Percent Public Coverage!!Estimate","Hernando County, Florida!!Percent Public Coverage!!Margin of Error","Highlands County, Florida!!Total!!Estimate","Highlands County, Florida!!Total!!Margin of Error","Highlands County, Florida!!Public Coverage!!Estimate","Highlands County, Florida!!Public Coverage!!Margin of Error","Highlands County, Florida!!Percent Public Coverage!!Estimate","Highlands County, Florida!!Percent Public Coverage!!Margin of Error","Hillsborough County, Florida!!Total!!Estimate","Hillsborough County, Florida!!Total!!Margin of Error","Hillsborough County, Florida!!Public Coverage!!Estimate","Hillsborough County, Florida!!Public Coverage!!Margin of Error","Hillsborough County, Florida!!Percent Public Coverage!!Estimate","Hillsborough County, Florida!!Percent Public Coverage!!Margin of Error","Indian River County, Florida!!Total!!Estimate","Indian River County, Florida!!Total!!Margin of Error","Indian River County, Florida!!Public Coverage!!Estimate","Indian River County, Florida!!Public Coverage!!Margin of Error","Indian River County, Florida!!Percent Public Coverage!!Estimate","Indian River County, Florida!!Percent Public Coverage!!Margin of Error","Lake County, Florida!!Total!!Estimate","Lake County, Florida!!Total!!Margin of Error","Lake County, Florida!!Public Coverage!!Estimate","Lake County, Florida!!Public Coverage!!Margin of Error","Lake County, Florida!!Percent Public Coverage!!Estimate","Lake County, Florida!!Percent Public Coverage!!Margin of Error","Lee County, Florida!!Total!!Estimate","Lee County, Florida!!Total!!Margin of Error","Lee County, Florida!!Public Coverage!!Estimate","Lee County, Florida!!Public Coverage!!Margin of Error","Lee County, Florida!!Percent Public Coverage!!Estimate","Lee County, Florida!!Percent Public Coverage!!Margin of Error","Leon County, Florida!!Total!!Estimate","Leon County, Florida!!Total!!Margin of Error","Leon County, Florida!!Public Coverage!!Estimate","Leon County, Florida!!Public Coverage!!Margin of Error","Leon County, Florida!!Percent Public Coverage!!Estimate","Leon County, Florida!!Percent Public Coverage!!Margin of Error","Manatee County, Florida!!Total!!Estimate","Manatee County, Florida!!Total!!Margin of Error","Manatee County, Florida!!Public Coverage!!Estimate","Manatee County, Florida!!Public Coverage!!Margin of Error","Manatee County, Florida!!Percent Public Coverage!!Estimate","Manatee County, Florida!!Percent Public Coverage!!Margin of Error","Marion County, Florida!!Total!!Estimate","Marion County, Florida!!Total!!Margin of Error","Marion County, Florida!!Public Coverage!!Estimate","Marion County, Florida!!Public Coverage!!Margin of Error","Marion County, Florida!!Percent Public Coverage!!Estimate","Marion County, Florida!!Percent Public Coverage!!Margin of Error","Martin County, Florida!!Total!!Estimate","Martin County, Florida!!Total!!Margin of Error","Martin County, Florida!!Public Coverage!!Estimate","Martin County, Florida!!Public Coverage!!Margin of Error","Martin County, Florida!!Percent Public Coverage!!Estimate","Martin County, Florida!!Percent Public Coverage!!Margin of Error","Miami-Dade County, Florida!!Total!!Estimate","Miami-Dade County, Florida!!Total!!Margin of Error","Miami-Dade County, Florida!!Public Coverage!!Estimate","Miami-Dade County, Florida!!Public Coverage!!Margin of Error","Miami-Dade County, Florida!!Percent Public Coverage!!Estimate","Miami-Dade County, Florida!!Percent Public Coverage!!Margin of Error","Monroe County, Florida!!Total!!Estimate","Monroe County, Florida!!Total!!Margin of Error","Monroe County, Florida!!Public Coverage!!Estimate","Monroe County, Florida!!Public Coverage!!Margin of Error","Monroe County, Florida!!Percent Public Coverage!!Estimate","Monroe County, Florida!!Percent Public Coverage!!Margin of Error","Nassau County, Florida!!Total!!Estimate","Nassau County, Florida!!Total!!Margin of Error","Nassau County, Florida!!Public Coverage!!Estimate","Nassau County, Florida!!Public Coverage!!Margin of Error","Nassau County, Florida!!Percent Public Coverage!!Estimate","Nassau County, Florida!!Percent Public Coverage!!Margin of Error","Okaloosa County, Florida!!Total!!Estimate","Okaloosa County, Florida!!Total!!Margin of Error","Okaloosa County, Florida!!Public Coverage!!Estimate","Okaloosa County, Florida!!Public Coverage!!Margin of Error","Okaloosa County, Florida!!Percent Public Coverage!!Estimate","Okaloosa County, Florida!!Percent Public Coverage!!Margin of Error","Orange County, Florida!!Total!!Estimate","Orange County, Florida!!Total!!Margin of Error","Orange County, Florida!!Public Coverage!!Estimate","Orange County, Florida!!Public Coverage!!Margin of Error","Orange County, Florida!!Percent Public Coverage!!Estimate","Orange County, Florida!!Percent Public Coverage!!Margin of Error","Osceola County, Florida!!Total!!Estimate","Osceola County, Florida!!Total!!Margin of Error","Osceola County, Florida!!Public Coverage!!Estimate","Osceola County, Florida!!Public Coverage!!Margin of Error","Osceola County, Florida!!Percent Public Coverage!!Estimate","Osceola County, Florida!!Percent Public Coverage!!Margin of Error","Palm Beach County, Florida!!Total!!Estimate","Palm Beach County, Florida!!Total!!Margin of Error","Palm Beach County, Florida!!Public Coverage!!Estimate","Palm Beach County, Florida!!Public Coverage!!Margin of Error","Palm Beach County, Florida!!Percent Public Coverage!!Estimate","Palm Beach County, Florida!!Percent Public Coverage!!Margin of Error","Pasco County, Florida!!Total!!Estimate","Pasco County, Florida!!Total!!Margin of Error","Pasco County, Florida!!Public Coverage!!Estimate","Pasco County, Florida!!Public Coverage!!Margin of Error","Pasco County, Florida!!Percent Public Coverage!!Estimate","Pasco County, Florida!!Percent Public Coverage!!Margin of Error","Pinellas County, Florida!!Total!!Estimate","Pinellas County, Florida!!Total!!Margin of Error","Pinellas County, Florida!!Public Coverage!!Estimate","Pinellas County, Florida!!Public Coverage!!Margin of Error","Pinellas County, Florida!!Percent Public Coverage!!Estimate","Pinellas County, Florida!!Percent Public Coverage!!Margin of Error","Polk County, Florida!!Total!!Estimate","Polk County, Florida!!Total!!Margin of Error","Polk County, Florida!!Public Coverage!!Estimate","Polk County, Florida!!Public Coverage!!Margin of Error","Polk County, Florida!!Percent Public Coverage!!Estimate","Polk County, Florida!!Percent Public Coverage!!Margin of Error","Putnam County, Florida!!Total!!Estimate","Putnam County, Florida!!Total!!Margin of Error","Putnam County, Florida!!Public Coverage!!Estimate","Putnam County, Florida!!Public Coverage!!Margin of Error","Putnam County, Florida!!Percent Public Coverage!!Estimate","Putnam County, Florida!!Percent Public Coverage!!Margin of Error","St. Johns County, Florida!!Total!!Estimate","St. Johns County, Florida!!Total!!Margin of Error","St. Johns County, Florida!!Public Coverage!!Estimate","St. Johns County, Florida!!Public Coverage!!Margin of Error","St. Johns County, Florida!!Percent Public Coverage!!Estimate","St. Johns County, Florida!!Percent Public Coverage!!Margin of Error","St. Lucie County, Florida!!Total!!Estimate","St. Lucie County, Florida!!Total!!Margin of Error","St. Lucie County, Florida!!Public Coverage!!Estimate","St. Lucie County, Florida!!Public Coverage!!Margin of Error","St. Lucie County, Florida!!Percent Public Coverage!!Estimate","St. Lucie County, Florida!!Percent Public Coverage!!Margin of Error","Santa Rosa County, Florida!!Total!!Estimate","Santa Rosa County, Florida!!Total!!Margin of Error","Santa Rosa County, Florida!!Public Coverage!!Estimate","Santa Rosa County, Florida!!Public Coverage!!Margin of Error","Santa Rosa County, Florida!!Percent Public Coverage!!Estimate","Santa Rosa County, Florida!!Percent Public Coverage!!Margin of Error","Sarasota County, Florida!!Total!!Estimate","Sarasota County, Florida!!Total!!Margin of Error","Sarasota County, Florida!!Public Coverage!!Estimate","Sarasota County, Florida!!Public Coverage!!Margin of Error","Sarasota County, Florida!!Percent Public Coverage!!Estimate","Sarasota County, Florida!!Percent Public Coverage!!Margin of Error","Seminole County, Florida!!Total!!Estimate","Seminole County, Florida!!Total!!Margin of Error","Seminole County, Florida!!Public Coverage!!Estimate","Seminole County, Florida!!Public Coverage!!Margin of Error","Seminole County, Florida!!Percent Public Coverage!!Estimate","Seminole County, Florida!!Percent Public Coverage!!Margin of Error","Sumter County, Florida!!Total!!Estimate","Sumter County, Florida!!Total!!Margin of Error","Sumter County, Florida!!Public Coverage!!Estimate","Sumter County, Florida!!Public Coverage!!Margin of Error","Sumter County, Florida!!Percent Public Coverage!!Estimate","Sumter County, Florida!!Percent Public Coverage!!Margin of Error","Volusia County, Florida!!Total!!Estimate","Volusia County, Florida!!Total!!Margin of Error","Volusia County, Florida!!Public Coverage!!Estimate","Volusia County, Florida!!Public Coverage!!Margin of Error","Volusia County, Florida!!Percent Public Coverage!!Estimate","Volusia County, Florida!!Percent Public Coverage!!Margin of Error","Walton County, Florida!!Total!!Estimate","Walton County, Florida!!Total!!Margin of Error","Walton County, Florida!!Public Coverage!!Estimate","Walton County, Florida!!Public Coverage!!Margin of Error","Walton County, Florida!!Percent Public Coverage!!Estimate","Walton County, Florida!!Percent Public Coverage!!Margin of Error","United States!!Total!!Estimate","United States!!Total!!Margin of Error","United States!!Public Coverage!!Estimate","United States!!Public Coverage!!Margin of Error","United States!!Percent Public Coverage!!Estimate","United States!!Percent Public Coverage!!Margin of Error"
"Civilian noninstitutionalized population","266,549","±856","72,573","±5,044","27.2%","±1.9","170,632","±862","61,091","±4,290","35.8%","±2.5","596,398","±1,096","239,246","±8,842","40.1%","±1.5","1,941,114","±1,573","588,286","±14,133","30.3%","±0.7","186,002","±698","103,290","±3,953","55.5%","±2.2","147,448","±782","83,454","±4,182","56.6%","±2.8","216,402","±1,181","66,142","±4,329","30.6%","±2.0","383,332","±1,410","164,036","±5,364","42.8%","±1.4","66,783","±1,053","26,986","±2,591","40.4%","±3.8","933,533","±3,413","302,164","±12,229","32.4%","±1.3","301,231","±2,952","121,339","±5,446","40.3%","±1.8","114,318","±634","49,677","±2,746","43.5%","±2.4","192,009","±1,755","97,835","±4,755","51.0%","±2.4","104,995","±1,048","57,048","±3,151","54.3%","±3.0","1,459,415","±1,698","466,112","±15,019","31.9%","±1.0","158,335","±510","75,034","±4,898","47.4%","±3.1","363,745","±975","161,073","±6,568","44.3%","±1.8","765,673","±2,367","339,165","±9,043","44.3%","±1.2","289,917","±1,465","80,780","±4,472","27.9%","±1.6","400,114","±850","167,996","±6,568","42.0%","±1.7","356,778","±1,804","172,391","±7,718","48.3%","±2.2","158,049","±871","63,953","±3,119","40.5%","±1.9","2,696,151","±2,420","894,641","±16,645","33.2%","±0.6","71,680","±1,483","23,300","±2,012","32.5%","±2.8","87,175","±832","33,805","±2,576","38.8%","±3.0","197,374","±1,683","66,422","±4,394","33.7%","±2.2","1,382,152","±1,628","395,186","±12,460","28.6%","±0.9","374,298","±454","129,817","±9,193","34.7%","±2.4","1,483,317","±2,384","551,883","±9,819","37.2%","±0.7","548,036","±1,056","222,738","±7,959","40.6%","±1.5","962,616","±1,428","366,824","±9,825","38.1%","±1.0","716,526","±1,615","295,006","±9,302","41.2%","±1.3","73,528","±555","39,777","±3,026","54.1%","±4.1","263,093","±510","73,666","±3,947","28.0%","±1.5","325,322","±2,698","134,752","±6,573","41.4%","±2.0","173,974","±1,745","57,360","±4,213","33.0%","±2.4","429,861","±1,110","204,220","±6,444","47.5%","±1.5","468,681","±1,196","134,477","±6,324","28.7%","±1.3","122,245","±1,977","89,030","±2,568","72.8%","±1.9","547,881","±973","224,163","±6,352","40.9%","±1.2","72,349","±534","29,459","±3,395","40.7%","±4.7","323,120,678","±17,674","114,314,962","±222,364","35.4%","±0.1"
"COVERAGE ALONE OR IN COMBINATION","","","","","","","","","","","","","","","","","","","","","","","","","","","","","","","","","","","","","","","","","","","","","","","","","","","","","","","","","","","","","","","","","","","","","","","","","","","","","","","","","","","","","","","","","","","","","","","","","","","","","","","","","","","","","","","","","","","","","","","","","","","","","","","","","","","","","","","","","","","","","","","","","","","","","","","","","","","","","","","","","","","","","","","","","","","","","","","","","","","","","","","","","","","","","","","","","","","","","","","","","","","","","","","","","","","","","","","","","","","","","","","","","","","","","","","","","","","","","","","","","","","","","","","","","","","",""
"    Medicare coverage alone or in combination","(X)","(X)","42,927","±1,899","16.1%","±0.7","(X)","(X)","36,343","±1,845","21.3%","±1.1","(X)","(X)","159,061","±3,938","26.7%","±0.7","(X)","(X)","339,911","±5,787","17.5%","±0.3","(X)","(X)","82,776","±2,048","44.5%","±1.1","(X)","(X)","63,991","±2,361","43.4%","±1.6","(X)","(X)","38,460","±1,968","17.8%","±0.9","(X)","(X)","126,608","±1,898","33.0%","±0.5","(X)","(X)","15,243","±1,051","22.8%","±1.6","(X)","(X)","151,290","±4,811","16.2%","±0.5","(X)","(X)","63,759","±2,377","21.2%","±0.8","(X)","(X)","39,989","±1,765","35.0%","±1.5","(X)","(X)","61,039","±2,210","31.8%","±1.1","(X)","(X)","38,830","±1,286","37.0%","±1.3","(X)","(X)","232,785","±4,839","16.0%","±0.3","(X)","(X)","55,807","±1,314","35.2%","±0.8","(X)","(X)","105,688","±3,148","29.1%","±0.9","(X)","(X)","238,295","±3,219","31.1%","±0.4","(X)","(X)","42,794","±1,810","14.8%","±0.6","(X)","(X)","115,502","±2,890","28.9%","±0.7","(X)","(X)","116,844","±3,226","32.7%","±0.9","(X)","(X)","50,981","±1,899","32.3%","±1.2","(X)","(X)","468,439","±7,086","17.4%","±0.3","(X)","(X)","17,306","±882","24.1%","±1.3","(X)","(X)","22,544","±1,006","25.9%","±1.2","(X)","(X)","37,648","±1,818","19.1%","±0.9","(X)","(X)","183,202","±4,352","13.3%","±0.3","(X)","(X)","58,668","±2,995","15.7%","±0.8","(X)","(X)","372,660","±4,161","25.1%","±0.3","(X)","(X)","139,470","±2,759","25.4%","±0.5","(X)","(X)","258,185","±5,105","26.8%","±0.5","(X)","(X)","169,798","±3,048","23.7%","±0.4","(X)","(X)","19,723","±960","26.8%","±1.3","(X)","(X)","56,530","±1,895","21.5%","±0.7","(X)","(X)","91,474","±2,661","28.1%","±0.8","(X)","(X)","35,152","±1,971","20.2%","±1.1","(X)","(X)","165,368","±2,798","38.5%","±0.6","(X)","(X)","80,007","±1,913","17.1%","±0.4","(X)","(X)","81,423","±1,893","66.6%","±1.5","(X)","(X)","148,106","±2,465","27.0%","±0.4","(X)","(X)","17,055","±1,388","23.6%","±1.9","(X)","(X)","58,327,219","±59,455","18.1%","±0.1"
"        Under 19","55,835","±1,443","555","±570","1.0%","±1.0","37,087","±808","0","±234","0.0%","±0.6","116,417","±1,573","762","±743","0.7%","±0.6","432,671","±2,328","3,753","±2,544","0.9%","±0.6","23,424","±806","0","±234","0.0%","±1.0","22,860","±841","135","±229","0.6%","±1.0","53,347","±919","64","±118","0.1%","±0.2","69,271","±1,352","152","±184","0.2%","±0.3","16,755","±774","0","±234","0.0%","±1.3","227,392","±1,690","1,365","±834","0.6%","±0.4","69,336","±1,307","367","±213","0.5%","±0.3","20,480","±942","1,384","±633","6.8%","±3.1","37,801","±759","212","±187","0.6%","±0.5","19,008","±620","96","±133","0.5%","±0.7","344,610","±1,538","728","±499","0.2%","±0.1","27,063","±942","141","±168","0.5%","±0.6","73,968","±1,375","1,827","±2,076","2.5%","±2.8","141,622","±1,707","1,404","±994","1.0%","±0.7","63,040","±1,386","851","±538","1.3%","±0.9","77,307","±1,249","155","±203","0.2%","±0.3","71,533","±1,577","1,462","±1,621","2.0%","±2.2","28,183","±614","0","±234","0.0%","±0.8","581,053","±2,317","5,891","±1,520","1.0%","±0.3","11,156","±686","0","±234","0.0%","±2.0","18,604","±635","0","±234","0.0%","±1.2","49,157","±852","94","±178","0.2%","±0.4","325,765","±2,325","830","±598","0.3%","±0.2","94,442","±1,095","890","±994","0.9%","±1.1","301,563","±1,937","2,494","±989","0.8%","±0.3","117,051","±1,142","452","±444","0.4%","±0.4","162,544","±1,569","1,135","±1,082","0.7%","±0.7","169,341","±1,685","644","±475","0.4%","±0.3","16,243","±464","0","±234","0.0%","±1.4","60,002","±1,120","109","±130","0.2%","±0.2","65,708","±1,201","805","±696","1.2%","±1.1","41,524","±551","104","±141","0.3%","±0.3","63,705","±1,019","367","±425","0.6%","±0.7","104,478","±1,504","77","±131","0.1%","±0.1","9,826","±1,410","0","±234","0.0%","±2.3","103,838","±1,162","221","±267","0.2%","±0.3","15,631","±451","0","±234","0.0%","±1.4","77,350,432","±52,527","475,670","±17,504","0.6%","±0.1"
"        19 to 64 years","172,511","±1,794","5,623","±1,516","3.3%","±0.9","101,994","±1,125","5,322","±1,753","5.2%","±1.7","335,791","±1,773","18,561","±3,460","5.5%","±1.0","1,177,365","±2,553","34,120","±3,532","2.9%","±0.3","85,730","±1,418","7,546","±1,809","8.8%","±2.1","70,099","±1,289","10,392","±2,154","14.8%","±3.0","127,982","±1,645","4,149","±1,679","3.2%","±1.3","188,116","±1,712","4,723","±1,462","2.5%","±0.8","37,184","±1,247","2,434","±967","6.5%","±2.6","571,004","±3,462","23,198","±3,534","4.1%","±0.6","179,086","±2,913","12,135","±2,092","6.8%","±1.2","58,196","±1,361","3,898","±1,155","6.7%","±2.0","101,248","±1,831","9,108","±1,992","9.0%","±1.9","49,144","±1,199","3,307","±957","6.7%","±2.0","903,185","±2,108","31,394","±3,825","3.5%","±0.4","77,080","±1,251","2,613","±897","3.4%","±1.2","191,806","±1,821","7,503","±1,912","3.9%","±1.0","401,018","±2,763","19,928","±2,938","5.0%","±0.7","187,034","±2,133","4,409","±1,253","2.4%","±0.7","210,110","±1,372","8,511","±1,927","4.1%","±0.9","179,988","±2,312","12,422","±2,084","6.9%","±1.2","79,179","±1,838","1,434","±689","1.8%","±0.9","1,670,914","±3,062","48,926","±5,422","2.9%","±0.3","43,022","±1,419","1,030","±574","2.4%","±1.3","48,080","±1,281","2,391","±874","5.0%","±1.8","114,231","±1,883","4,178","±1,494","3.7%","±1.3","888,667","±2,508","26,091","±3,612","2.9%","±0.4","229,771","±1,201","10,651","±2,442","4.6%","±1.1","822,282","±2,778","26,109","±2,981","3.2%","±0.4","307,547","±1,530","18,763","±2,599","6.1%","±0.8","558,121","±1,985","25,444","±3,496","4.6%","±0.6","400,361","±2,146","26,078","±2,873","6.5%","±0.7","40,016","±781","2,924","±975","7.3%","±2.4","148,189","±1,575","4,245","±1,203","2.9%","±0.8","179,200","±2,958","12,301","±2,399","6.9%","±1.3","101,693","±2,065","5,308","±1,747","5.2%","±1.7","207,270","±1,453","10,455","±2,363","5.0%","±1.1","290,592","±1,837","9,093","±1,684","3.1%","±0.6","34,390","±2,032","3,582","±1,463","10.4%","±4.2","309,917","±1,330","16,748","±2,070","5.4%","±0.7","42,092","±786","2,449","±1,347","5.8%","±3.2","192,987,829","±49,706","7,295,947","±48,655","3.8%","±0.1"
"        65 years and over","38,203","±829","36,749","±1,004","96.2%","±1.5","31,551","±814","31,021","±880","98.3%","±1.0","144,190","±744","139,738","±1,755","96.9%","±1.1","331,078","±709","302,038","±3,316","91.2%","±1.0","76,848","±854","75,230","±1,232","97.9%","±1.2","54,489","±1,012","53,464","±1,107","98.1%","±1.2","35,073","±970","34,247","±1,025","97.6%","±1.6","125,945","±431","121,733","±1,190","96.7%","±1.0","12,844","±575","12,809","±578","99.7%","±0.4","135,137","±792","126,727","±2,157","93.8%","±1.5","52,809","±851","51,257","±1,070","97.1%","±1.4","35,642","±908","34,707","±1,044","97.4%","±1.6","52,960","±777","51,719","±1,166","97.7%","±1.5","36,843","±564","35,427","±721","96.2%","±1.8","211,620","±869","200,663","±2,235","94.8%","±1.0","54,192","±935","53,053","±1,033","97.9%","±1.0","97,971","±834","96,358","±1,140","98.4%","±0.8","223,033","±649","216,963","±1,458","97.3%","±0.6","39,843","±694","37,534","±1,321","94.2%","±2.9","112,697","±614","106,836","±2,150","94.8%","±2.0","105,257","±805","102,960","±1,291","97.8%","±1.0","50,687","±1,722","49,547","±1,797","97.8%","±1.0","444,184","±1,152","413,622","±3,996","93.1%","±0.9","17,502","±392","16,276","±611","93.0%","±3.4","20,491","±795","20,153","±843","98.4%","±1.3","33,986","±866","33,376","±926","98.2%","±1.0","167,720","±749","156,281","±2,791","93.2%","±1.6","50,085","±332","47,127","±1,561","94.1%","±3.1","359,472","±991","344,057","±2,328","95.7%","±0.6","123,438","±475","120,255","±992","97.4%","±0.7","241,951","±880","231,606","±2,849","95.7%","±1.1","146,824","±656","143,076","±1,212","97.4%","±0.7","17,269","±553","16,799","±691","97.3%","±2.0","54,902","±1,068","52,176","±1,570","95.0%","±2.0","80,414","±720","78,368","±1,144","97.5%","±1.1","30,757","±1,021","29,740","±1,108","96.7%","±2.0","158,886","±827","154,546","±1,609","97.3%","±0.9","73,611","±443","70,837","±977","96.2%","±1.2","78,029","±1,186","77,841","±1,225","99.8%","±0.3","134,126","±732","131,137","±1,143","97.8%","±0.8","14,626","±596","14,606","±590","99.9%","±0.3","52,782,417","±26,301","50,555,602","±40,581","95.8%","±0.1"
"    Medicaid/means-tested public coverage alone or in combination","(X)","(X)","33,728","±5,052","12.7%","±1.9","(X)","(X)","26,501","±4,163","15.5%","±2.4","(X)","(X)","94,723","±9,044","15.9%","±1.5","(X)","(X)","306,037","±13,961","15.8%","±0.7","(X)","(X)","27,967","±3,808","15.0%","±2.1","(X)","(X)","28,133","±4,477","19.1%","±3.0","(X)","(X)","25,474","±4,271","11.8%","±2.0","(X)","(X)","49,326","±5,707","12.9%","±1.5","(X)","(X)","14,879","±2,468","22.3%","±3.6","(X)","(X)","166,812","±11,064","17.9%","±1.2","(X)","(X)","64,099","±5,715","21.3%","±1.9","(X)","(X)","15,756","±2,730","13.8%","±2.4","(X)","(X)","44,092","±4,721","23.0%","±2.4","(X)","(X)","23,532","±3,061","22.4%","±2.9","(X)","(X)","265,632","±14,650","18.2%","±1.0","(X)","(X)","24,454","±5,101","15.4%","±3.2","(X)","(X)","62,495","±6,525","17.2%","±1.8","(X)","(X)","121,257","±9,031","15.8%","±1.2","(X)","(X)","41,258","±4,317","14.2%","±1.5","(X)","(X)","61,865","±5,532","15.5%","±1.4","(X)","(X)","65,601","±6,866","18.4%","±1.9","(X)","(X)","18,144","±2,881","11.5%","±1.8","(X)","(X)","612,601","±18,143","22.7%","±0.7","(X)","(X)","7,142","±1,845","10.0%","±2.6","(X)","(X)","14,210","±2,670","16.3%","±3.1","(X)","(X)","29,615","±4,313","15.0%","±2.2","(X)","(X)","241,845","±13,241","17.5%","±1.0","(X)","(X)","80,299","±8,325","21.5%","±2.2","(X)","(X)","218,155","±9,804","14.7%","±0.7","(X)","(X)","100,240","±7,610","18.3%","±1.4","(X)","(X)","133,266","±8,950","13.8%","±0.9","(X)","(X)","153,492","±10,066","21.4%","±1.4","(X)","(X)","23,111","±3,064","31.4%","±4.2","(X)","(X)","21,108","±3,623","8.0%","±1.4","(X)","(X)","57,987","±6,809","17.8%","±2.1","(X)","(X)","22,659","±4,128","13.0%","±2.4","(X)","(X)","53,688","±6,216","12.5%","±1.4","(X)","(X)","58,401","±6,328","12.5%","±1.3","(X)","(X)","12,926","±3,185","10.6%","±2.6","(X)","(X)","91,502","±6,896","16.7%","±1.3","(X)","(X)","14,144","±3,144","19.5%","±4.4","(X)","(X)","64,077,172","±247,116","19.8%","±0.1"
"        Under 19","55,835","±1,443","13,273","±3,304","23.8%","±5.9","37,087","±808","13,512","±2,514","36.4%","±6.6","116,417","±1,573","41,446","±4,925","35.6%","±4.2","432,671","±2,328","167,213","±10,927","38.6%","±2.5","23,424","±806","10,412","±1,734","44.5%","±7.3","22,860","±841","10,291","±2,998","45.0%","±13.1","53,347","±919","13,785","±2,740","25.8%","±5.2","69,271","±1,352","23,816","±3,714","34.4%","±5.3","16,755","±774","6,003","±1,549","35.8%","±8.7","227,392","±1,690","88,658","±8,102","39.0%","±3.6","69,336","±1,307","31,719","±3,304","45.7%","±4.7","20,480","±942","6,052","±1,376","29.6%","±6.9","37,801","±759","20,597","±2,174","54.5%","±5.9","19,008","±620","9,990","±1,937","52.6%","±10.2","344,610","±1,538","137,091","±9,775","39.8%","±2.9","27,063","±942","10,495","±2,906","38.8%","±10.9","73,968","±1,375","30,749","±3,970","41.6%","±5.3","141,622","±1,707","59,482","±5,413","42.0%","±3.8","63,040","±1,386","20,785","±2,586","33.0%","±3.9","77,307","±1,249","32,445","±4,038","42.0%","±5.1","71,533","±1,577","32,417","±4,829","45.3%","±6.7","28,183","±614","7,167","±1,680","25.4%","±6.0","581,053","±2,317","286,356","±11,498","49.3%","±2.0","11,156","±686","3,061","±1,110","27.4%","±9.9","18,604","±635","6,261","±1,677","33.7%","±9.0","49,157","±852","15,352","±2,732","31.2%","±5.4","325,765","±2,325","131,404","±8,528","40.3%","±2.6","94,442","±1,095","43,555","±5,577","46.1%","±6.0","301,563","±1,937","115,708","±6,991","38.4%","±2.3","117,051","±1,142","48,383","±5,222","41.3%","±4.4","162,544","±1,569","55,154","±4,795","33.9%","±3.0","169,341","±1,685","78,027","±6,480","46.1%","±3.7","16,243","±464","11,680","±1,583","71.9%","±9.5","60,002","±1,120","6,928","±2,048","11.5%","±3.4","65,708","±1,201","25,929","±4,832","39.5%","±7.3","41,524","±551","9,688","±2,253","23.3%","±5.4","63,705","±1,019","24,065","±4,116","37.8%","±6.5","104,478","±1,504","28,877","±3,732","27.6%","±3.6","9,826","±1,410","3,632","±1,352","37.0%","±13.6","103,838","±1,162","40,947","±4,257","39.4%","±4.1","15,631","±451","7,000","±2,034","44.8%","±13.1","77,350,432","±52,527","29,101,514","±162,736","37.6%","±0.2"
"        19 to 64 years","172,511","±1,794","14,680","±2,705","8.5%","±1.6","101,994","±1,125","10,454","±2,271","10.2%","±2.2","335,791","±1,773","35,761","±5,084","10.6%","±1.5","1,177,365","±2,553","89,355","±6,305","7.6%","±0.5","85,730","±1,418","11,584","±2,272","13.5%","±2.6","70,099","±1,289","11,616","±2,421","16.6%","±3.4","127,982","±1,645","9,005","±2,328","7.0%","±1.8","188,116","±1,712","13,615","±3,290","7.2%","±1.8","37,184","±1,247","6,124","±1,457","16.5%","±3.9","571,004","±3,462","57,485","±5,179","10.1%","±0.9","179,086","±2,913","25,768","±3,151","14.4%","±1.8","58,196","±1,361","4,388","±1,371","7.5%","±2.3","101,248","±1,831","17,612","±3,133","17.4%","±3.0","49,144","±1,199","9,145","±1,661","18.6%","±3.3","903,185","±2,108","92,009","±7,915","10.2%","±0.9","77,080","±1,251","8,899","±2,520","11.5%","±3.3","191,806","±1,821","23,132","±3,724","12.1%","±1.9","401,018","±2,763","40,999","±4,947","10.2%","±1.2","187,034","±2,133","16,297","±2,452","8.7%","±1.3","210,110","±1,372","19,325","±3,064","9.2%","±1.5","179,988","±2,312","23,206","±3,340","12.9%","±1.9","79,179","±1,838","5,355","±1,587","6.8%","±2.0","1,670,914","±3,062","159,348","±9,609","9.5%","±0.6","43,022","±1,419","2,644","±991","6.1%","±2.3","48,080","±1,281","4,736","±1,396","9.9%","±2.8","114,231","±1,883","10,838","±2,377","9.5%","±2.1","888,667","±2,508","82,070","±6,973","9.2%","±0.8","229,771","±1,201","27,051","±4,119","11.8%","±1.8","822,282","±2,778","65,842","±5,231","8.0%","±0.6","307,547","±1,530","37,435","±3,932","12.2%","±1.3","558,121","±1,985","50,152","±5,282","9.0%","±0.9","400,361","±2,146","52,148","±4,902","13.0%","±1.2","40,016","±781","8,584","±1,901","21.5%","±4.8","148,189","±1,575","9,781","±2,320","6.6%","±1.6","179,200","±2,958","21,597","±3,389","12.1%","±1.9","101,693","±2,065","10,312","±2,540","10.1%","±2.5","207,270","±1,453","16,991","±3,126","8.2%","±1.5","290,592","±1,837","23,496","±3,319","8.1%","±1.1","34,390","±2,032","4,706","±1,416","13.7%","±4.0","309,917","±1,330","35,942","±3,824","11.6%","±1.2","42,092","±786","5,671","±1,398","13.5%","±3.3","192,987,829","±49,706","27,752,633","±101,714","14.4%","±0.1"
"        65 years and over","38,203","±829","5,775","±1,404","15.1%","±3.6","31,551","±814","2,535","±810","8.0%","±2.6","144,190","±744","17,516","±2,664","12.1%","±1.8","331,078","±709","49,469","±4,409","14.9%","±1.3","76,848","±854","5,971","±1,490","7.8%","±1.9","54,489","±1,012","6,226","±1,468","11.4%","±2.7","35,073","±970","2,684","±896","7.7%","±2.6","125,945","±431","11,895","±2,413","9.4%","±1.9","12,844","±575","2,752","±799","21.4%","±5.9","135,137","±792","20,669","±2,569","15.3%","±1.9","52,809","±851","6,612","±1,432","12.5%","±2.7","35,642","±908","5,316","±1,455","14.9%","±4.2","52,960","±777","5,883","±1,064","11.1%","±2.0","36,843","±564","4,397","±1,193","11.9%","±3.3","211,620","±869","36,532","±3,819","17.3%","±1.8","54,192","±935","5,060","±1,430","9.3%","±2.6","97,971","±834","8,614","±1,848","8.8%","±1.9","223,033","±649","20,776","±3,046","9.3%","±1.4","39,843","±694","4,176","±1,137","10.5%","±2.8","112,697","±614","10,095","±1,810","9.0%","±1.6","105,257","±805","9,978","±1,715","9.5%","±1.6","50,687","±1,722","5,622","±1,987","11.1%","±3.8","444,184","±1,152","166,897","±6,941","37.6%","±1.6","17,502","±392","1,437","±488","8.2%","±2.8","20,491","±795","3,213","±1,104","15.7%","±5.1","33,986","±866","3,425","±1,027","10.1%","±3.0","167,720","±749","28,371","±3,496","16.9%","±2.1","50,085","±332","9,693","±2,208","19.4%","±4.4","359,472","±991","36,605","±2,698","10.2%","±0.8","123,438","±475","14,422","±1,947","11.7%","±1.6","241,951","±880","27,960","±2,863","11.6%","±1.2","146,824","±656","23,317","±3,396","15.9%","±2.3","17,269","±553","2,847","±860","16.5%","±5.0","54,902","±1,068","4,399","±1,455","8.0%","±2.6","80,414","±720","10,461","±2,018","13.0%","±2.5","30,757","±1,021","2,659","±815","8.6%","±2.7","158,886","±827","12,632","±1,999","8.0%","±1.3","73,611","±443","6,028","±1,414","8.2%","±1.9","78,029","±1,186","4,588","±2,176","5.9%","±2.8","134,126","±732","14,613","±2,072","10.9%","±1.5","14,626","±596","1,473","±837","10.1%","±5.8","52,782,417","±26,301","7,223,025","±47,156","13.7%","±0.1"
"    VA health care coverage alone or in combination","(X)","(X)","9,357","±1,768","3.5%","±0.7","(X)","(X)","8,134","±1,489","4.8%","±0.9","(X)","(X)","32,406","±2,531","5.4%","±0.4","(X)","(X)","23,754","±2,965","1.2%","±0.2","(X)","(X)","8,497","±1,424","4.6%","±0.8","(X)","(X)","9,930","±1,560","6.7%","±1.1","(X)","(X)","11,021","±2,313","5.1%","±1.1","(X)","(X)","7,242","±1,544","1.9%","±0.4","(X)","(X)","4,161","±864","6.2%","±1.3","(X)","(X)","28,127","±2,309","3.0%","±0.2","(X)","(X)","14,340","±1,631","4.8%","±0.6","(X)","(X)","5,147","±1,286","4.5%","±1.1","(X)","(X)","10,638","±1,561","5.5%","±0.8","(X)","(X)","5,315","±1,165","5.1%","±1.1","(X)","(X)","42,543","±4,448","2.9%","±0.3","(X)","(X)","6,791","±1,252","4.3%","±0.8","(X)","(X)","16,885","±2,568","4.6%","±0.7","(X)","(X)","26,511","±3,135","3.5%","±0.4","(X)","(X)","5,936","±1,267","2.0%","±0.4","(X)","(X)","10,804","±2,146","2.7%","±0.5","(X)","(X)","19,496","±2,975","5.5%","±0.8","(X)","(X)","5,421","±1,156","3.4%","±0.7","(X)","(X)","20,009","±2,686","0.7%","±0.1","(X)","(X)","2,483","±687","3.5%","±1.0","(X)","(X)","2,865","±1,047","3.3%","±1.2","(X)","(X)","10,727","±1,872","5.4%","±0.9","(X)","(X)","23,373","±3,118","1.7%","±0.2","(X)","(X)","10,332","±3,072","2.8%","±0.8","(X)","(X)","32,127","±2,418","2.2%","±0.2","(X)","(X)","20,907","±1,781","3.8%","±0.3","(X)","(X)","38,805","±3,623","4.0%","±0.4","(X)","(X)","22,387","±2,656","3.1%","±0.4","(X)","(X)","2,756","±917","3.7%","±1.2","(X)","(X)","7,146","±1,259","2.7%","±0.5","(X)","(X)","11,242","±2,089","3.5%","±0.6","(X)","(X)","8,441","±1,312","4.9%","±0.8","(X)","(X)","17,584","±2,423","4.1%","±0.6","(X)","(X)","13,609","±2,751","2.9%","±0.6","(X)","(X)","9,910","±1,937","8.1%","±1.6","(X)","(X)","19,834","±2,190","3.6%","±0.4","(X)","(X)","2,719","±1,116","3.8%","±1.5","(X)","(X)","7,246,603","±56,543","2.2%","±0.1"
"        Under 19","55,835","±1,443","0","±234","0.0%","±0.4","37,087","±808","0","±234","0.0%","±0.6","116,417","±1,573","0","±234","0.0%","±0.2","432,671","±2,328","67","±117","0.0%","±0.1","23,424","±806","0","±234","0.0%","±1.0","22,860","±841","465","±688","2.0%","±3.0","53,347","±919","172","±230","0.3%","±0.4","69,271","±1,352","0","±234","0.0%","±0.3","16,755","±774","0","±234","0.0%","±1.3","227,392","±1,690","85","±144","0.0%","±0.1","69,336","±1,307","745","±624","1.1%","±0.9","20,480","±942","0","±234","0.0%","±1.1","37,801","±759","284","±303","0.8%","±0.8","19,008","±620","0","±234","0.0%","±1.2","344,610","±1,538","3,966","±2,814","1.2%","±0.8","27,063","±942","0","±234","0.0%","±0.8","73,968","±1,375","0","±234","0.0%","±0.3","141,622","±1,707","0","±234","0.0%","±0.2","63,040","±1,386","55","±94","0.1%","±0.1","77,307","±1,249","0","±234","0.0%","±0.3","71,533","±1,577","0","±234","0.0%","±0.3","28,183","±614","0","±234","0.0%","±0.8","581,053","±2,317","789","±569","0.1%","±0.1","11,156","±686","0","±234","0.0%","±2.0","18,604","±635","0","±234","0.0%","±1.2","49,157","±852","59","±102","0.1%","±0.2","325,765","±2,325","71","±83","0.0%","±0.1","94,442","±1,095","233","±445","0.2%","±0.5","301,563","±1,937","206","±239","0.1%","±0.1","117,051","±1,142","114","±185","0.1%","±0.2","162,544","±1,569","733","±919","0.5%","±0.6","169,341","±1,685","500","±804","0.3%","±0.5","16,243","±464","0","±234","0.0%","±1.4","60,002","±1,120","45","±77","0.1%","±0.1","65,708","±1,201","0","±234","0.0%","±0.3","41,524","±551","164","±197","0.4%","±0.5","63,705","±1,019","0","±234","0.0%","±0.4","104,478","±1,504","435","±477","0.4%","±0.5","9,826","±1,410","186","±315","1.9%","±3.2","103,838","±1,162","166","±221","0.2%","±0.2","15,631","±451","0","±234","0.0%","±1.4","77,350,432","±52,527","127,505","±8,949","0.2%","±0.1"
"        19 to 64 years","172,511","±1,794","5,491","±1,541","3.2%","±0.9","101,994","±1,125","3,487","±937","3.4%","±0.9","335,791","±1,773","14,256","±2,277","4.2%","±0.7","1,177,365","±2,553","11,457","±2,072","1.0%","±0.2","85,730","±1,418","1,225","±510","1.4%","±0.6","70,099","±1,289","2,032","±704","2.9%","±1.0","127,982","±1,645","7,241","±1,947","5.7%","±1.5","188,116","±1,712","1,897","±803","1.0%","±0.4","37,184","±1,247","1,700","±681","4.6%","±1.8","571,004","±3,462","17,945","±1,912","3.1%","±0.3","179,086","±2,913","6,940","±1,318","3.9%","±0.7","58,196","±1,361","1,705","±906","2.9%","±1.6","101,248","±1,831","4,128","±1,063","4.1%","±1.0","49,144","±1,199","1,174","±517","2.4%","±1.1","903,185","±2,108","20,202","±2,558","2.2%","±0.3","77,080","±1,251","1,638","±846","2.1%","±1.1","191,806","±1,821","6,687","±1,751","3.5%","±0.9","401,018","±2,763","7,794","±1,853","1.9%","±0.5","187,034","±2,133","3,652","±1,218","2.0%","±0.7","210,110","±1,372","3,986","±1,661","1.9%","±0.8","179,988","±2,312","6,829","±1,921","3.8%","±1.1","79,179","±1,838","973","±744","1.2%","±0.9","1,670,914","±3,062","11,445","±2,384","0.7%","±0.1","43,022","±1,419","578","±274","1.3%","±0.6","48,080","±1,281","1,216","±777","2.5%","±1.6","114,231","±1,883","5,812","±1,354","5.1%","±1.2","888,667","±2,508","12,448","±2,342","1.4%","±0.3","229,771","±1,201","6,716","±2,704","2.9%","±1.2","822,282","±2,778","9,950","±2,084","1.2%","±0.3","307,547","±1,530","7,468","±1,540","2.4%","±0.5","558,121","±1,985","14,538","±2,290","2.6%","±0.4","400,361","±2,146","7,844","±1,453","2.0%","±0.4","40,016","±781","1,224","±634","3.1%","±1.6","148,189","±1,575","2,880","±881","1.9%","±0.6","179,200","±2,958","3,630","±1,384","2.0%","±0.8","101,693","±2,065","5,329","±1,196","5.2%","±1.2","207,270","±1,453","4,710","±1,306","2.3%","±0.6","290,592","±1,837","6,645","±1,954","2.3%","±0.7","34,390","±2,032","1,782","±890","5.2%","±2.6","309,917","±1,330","7,700","±1,572","2.5%","±0.5","42,092","±786","1,315","±980","3.1%","±2.3","192,987,829","±49,706","3,239,267","±39,806","1.7%","±0.1"
"        65 years and over","38,203","±829","3,866","±881","10.1%","±2.3","31,551","±814","4,647","±1,127","14.7%","±3.4","144,190","±744","18,150","±1,780","12.6%","±1.2","331,078","±709","12,230","±2,020","3.7%","±0.6","76,848","±854","7,272","±1,368","9.5%","±1.8","54,489","±1,012","7,433","±1,174","13.6%","±2.2","35,073","±970","3,608","±943","10.3%","±2.8","125,945","±431","5,345","±1,219","4.2%","±1.0","12,844","±575","2,461","±501","19.2%","±4.0","135,137","±792","10,097","±1,368","7.5%","±1.0","52,809","±851","6,655","±1,178","12.6%","±2.2","35,642","±908","3,442","±943","9.7%","±2.5","52,960","±777","6,226","±1,270","11.8%","±2.4","36,843","±564","4,141","±1,020","11.2%","±2.8","211,620","±869","18,375","±2,029","8.7%","±1.0","54,192","±935","5,153","±965","9.5%","±1.8","97,971","±834","10,198","±1,804","10.4%","±1.8","223,033","±649","18,717","±2,402","8.4%","±1.1","39,843","±694","2,229","±615","5.6%","±1.5","112,697","±614","6,818","±1,133","6.0%","±1.0","105,257","±805","12,667","±2,031","12.0%","±1.9","50,687","±1,722","4,448","±1,095","8.8%","±2.2","444,184","±1,152","7,775","±1,349","1.8%","±0.3","17,502","±392","1,905","±622","10.9%","±3.6","20,491","±795","1,649","±579","8.0%","±2.8","33,986","±866","4,856","±1,061","14.3%","±3.0","167,720","±749","10,854","±1,795","6.5%","±1.1","50,085","±332","3,383","±998","6.8%","±2.0","359,472","±991","21,971","±1,730","6.1%","±0.5","123,438","±475","13,325","±1,239","10.8%","±1.0","241,951","±880","23,534","±2,410","9.7%","±1.0","146,824","±656","14,043","±1,644","9.6%","±1.1","17,269","±553","1,532","±484","8.9%","±2.8","54,902","±1,068","4,221","±978","7.7%","±1.8","80,414","±720","7,612","±1,788","9.5%","±2.2","30,757","±1,021","2,948","±733","9.6%","±2.4","158,886","±827","12,874","±1,842","8.1%","±1.2","73,611","±443","6,529","±1,411","8.9%","±1.9","78,029","±1,186","7,942","±1,612","10.2%","±2.1","134,126","±732","11,968","±1,454","8.9%","±1.1","14,626","±596","1,404","±625","9.6%","±4.3","52,782,417","±26,301","3,879,831","±34,202","7.4%","±0.1"
"PUBLIC HEALTH INSURANCE ALONE OR IN COMBINATION","","","","","","","","","","","","","","","","","","","","","","","","","","","","","","","","","","","","","","","","","","","","","","","","","","","","","","","","","","","","","","","","","","","","","","","","","","","","","","","","","","","","","","","","","","","","","","","","","","","","","","","","","","","","","","","","","","","","","","","","","","","","","","","","","","","","","","","","","","","","","","","","","","","","","","","","","","","","","","","","","","","","","","","","","","","","","","","","","","","","","","","","","","","","","","","","","","","","","","","","","","","","","","","","","","","","","","","","","","","","","","","","","","","","","","","","","","","","","","","","","","","","","","","","","","","",""
"    Below 138 percent of the poverty threshold","66,292","±6,869","23,116","±4,525","34.9%","±4.6","25,976","±5,041","15,111","±3,628","58.2%","±6.7","88,094","±9,588","53,168","±7,326","60.4%","±4.2","360,324","±18,672","183,155","±11,811","50.8%","±2.3","34,023","±5,138","19,675","±3,773","57.8%","±7.8","31,963","±4,781","21,416","±3,742","67.0%","±7.8","29,389","±5,946","12,146","±3,394","41.3%","±8.5","52,963","±8,896","29,900","±5,033","56.5%","±5.3","15,178","±2,654","7,907","±2,012","52.1%","±10.6","192,795","±14,578","106,833","±11,208","55.4%","±4.2","66,887","±7,603","42,349","±5,349","63.3%","±4.2","18,654","±3,783","8,511","±1,952","45.6%","±7.7","40,208","±4,344","26,399","±3,661","65.7%","±6.0","24,238","±4,561","15,097","±2,788","62.3%","±9.5","293,626","±16,582","165,047","±11,054","56.2%","±2.3","29,673","±6,280","16,715","±4,885","56.3%","±9.3","64,999","±10,206","43,157","±8,213","66.4%","±5.6","131,831","±10,593","76,603","±7,123","58.1%","±3.6","75,670","±6,627","31,900","±4,129","42.2%","±3.9","72,068","±9,528","42,503","±5,775","59.0%","±5.6","80,919","±9,155","55,761","±7,747","68.9%","±4.7","23,810","±4,355","13,932","±2,656","58.5%","±8.9","660,505","±27,081","369,772","±17,463","56.0%","±2.0","9,885","±2,321","4,691","±1,307","47.5%","±10.9","11,503","±2,580","7,060","±1,738","61.4%","±8.1","38,180","±5,110","19,679","±3,882","51.5%","±6.7","275,936","±19,915","141,821","±12,506","51.4%","±2.6","77,966","±11,015","44,679","±7,181","57.3%","±5.3","258,364","±14,008","136,901","±10,262","53.0%","±2.4","93,060","±7,684","63,407","±6,578","68.1%","±3.7","165,746","±11,368","90,330","±7,759","54.5%","±2.9","158,322","±13,344","97,144","±8,953","61.4%","±4.2","25,164","±3,977","18,077","±3,745","71.8%","±7.0","23,028","±4,606","11,548","±2,848","50.1%","±7.2","55,203","±8,386","31,631","±5,743","57.3%","±7.4","29,798","±4,961","13,896","±3,028","46.6%","±7.7","51,432","±6,094","30,274","±4,404","58.9%","±4.7","67,517","±7,850","34,412","±6,035","51.0%","±5.7","16,550","±4,224","11,467","±3,582","69.3%","±8.9","111,755","±9,399","64,571","±6,522","57.8%","±3.8","14,310","±3,560","10,124","±3,412","70.7%","±10.0","58,863,556","±320,047","37,755,246","±214,053","64.1%","±0.1"
"    At or above 138 percent of the poverty threshold","189,364","±6,624","49,179","±4,208","26.0%","±2.2","144,447","±5,175","45,771","±3,656","31.7%","±2.4","504,978","±9,353","184,331","±7,263","36.5%","±1.4","1,574,852","±18,718","402,209","±10,866","25.5%","±0.6","151,079","±5,251","82,808","±3,449","54.8%","±2.0","114,867","±4,806","61,714","±4,031","53.7%","±3.0","185,867","±6,012","53,651","±3,955","28.9%","±2.0","328,862","±8,839","133,474","±5,163","40.6%","±1.6","51,078","±2,827","18,842","±2,367","36.9%","±4.1","731,108","±14,551","193,454","±8,801","26.5%","±1.2","226,819","±8,045","78,179","±4,725","34.5%","±1.7","95,495","±3,834","41,003","±3,101","42.9%","±2.8","150,264","±4,361","70,628","±4,423","47.0%","±2.7","80,619","±4,609","41,907","±3,275","52.0%","±3.7","1,154,550","±16,760","299,795","±11,008","26.0%","±1.0","128,523","±6,348","58,180","±2,984","45.3%","±2.4","296,913","±10,178","117,097","±6,755","39.4%","±1.9","629,557","±10,472","261,570","±7,758","41.5%","±1.2","203,560","±6,810","47,991","±3,616","23.6%","±1.6","326,643","±9,666","125,055","±6,045","38.3%","±1.8","274,054","±9,369","115,701","±6,198","42.2%","±2.4","133,710","±4,511","49,882","±2,162","37.3%","±1.9","2,020,577","±26,465","520,176","±13,625","25.7%","±0.6","61,789","±2,760","18,609","±2,292","30.1%","±3.4","75,239","±2,650","26,489","±2,339","35.2%","±3.0","157,210","±5,023","45,665","±3,067","29.0%","±2.0","1,082,653","±20,224","248,643","±12,802","23.0%","±1.0","295,194","±11,043","84,677","±9,572","28.7%","±2.9","1,214,986","±14,154","412,942","±9,786","34.0%","±0.7","451,923","±7,893","157,320","±7,539","34.8%","±1.5","790,588","±11,634","274,256","±9,384","34.7%","±1.1","551,457","±13,160","195,124","±9,451","35.4%","±1.5","47,672","±4,159","21,482","±2,660","45.1%","±4.2","237,991","±4,773","61,601","±3,315","25.9%","±1.4","269,501","±8,693","102,650","±6,906","38.1%","±2.4","142,905","±5,384","43,097","±3,504","30.2%","±2.2","375,968","±6,357","172,845","±6,557","46.0%","±1.5","399,742","±7,782","99,049","±4,879","24.8%","±1.2","105,413","±4,599","77,367","±4,320","73.4%","±2.5","429,857","±9,570","158,487","±6,526","36.9%","±1.3","57,837","±3,711","19,133","±1,836","33.1%","±3.3","260,361,035","±323,117","75,602,901","±165,164","29.0%","±0.1"
"    Worked full-time, year-round (19-64 years)","77,116","±3,802","4,429","±1,679","5.7%","±2.1","53,087","±3,661","3,820","±1,081","7.2%","±2.0","172,844","±6,700","13,342","±2,311","7.7%","±1.3","700,139","±10,399","30,297","±3,709","4.3%","±0.5","37,134","±3,342","1,911","±800","5.1%","±2.2","28,729","±3,104","2,087","±1,066","7.3%","±3.6","74,257","±4,540","6,356","±2,160","8.6%","±2.7","102,598","±6,381","2,989","±1,171","2.9%","±1.1","18,072","±2,058","1,809","±969","10.0%","±5.1","336,088","±8,514","24,499","±2,955","7.3%","±0.9","89,867","±4,208","7,488","±1,487","8.3%","±1.6","31,917","±2,169","1,732","±865","5.4%","±2.6","49,469","±3,209","4,441","±1,100","9.0%","±2.2","24,061","±2,613","1,624","±667","6.7%","±2.8","534,414","±9,340","31,805","±3,802","6.0%","±0.7","41,486","±3,779","1,938","±895","4.7%","±2.1","105,599","±5,009","7,089","±1,674","6.7%","±1.6","208,830","±7,585","13,456","±2,852","6.4%","±1.4","97,834","±4,171","3,658","±1,241","3.7%","±1.2","110,224","±5,225","5,794","±2,330","5.3%","±2.1","94,193","±5,612","5,136","±1,295","5.5%","±1.4","44,706","±3,176","2,280","±987","5.1%","±2.2","1,023,033","±13,824","45,033","±4,418","4.4%","±0.4","26,710","±1,809","1,238","±556","4.6%","±2.1","25,908","±2,088","1,426","±880","5.5%","±3.3","61,669","±3,535","5,056","±1,163","8.2%","±1.9","525,369","±10,949","27,484","±3,817","5.2%","±0.7","127,915","±6,728","10,779","±2,576","8.4%","±2.0","470,552","±9,283","22,940","±3,293","4.9%","±0.7","168,953","±5,427","10,243","±2,128","6.1%","±1.3","307,498","±8,628","16,714","±3,041","5.4%","±1.0","222,360","±7,301","15,199","±2,407","6.8%","±1.1","20,968","±1,805","2,534","±1,135","12.1%","±5.3","80,918","±3,863","3,371","±1,024","4.2%","±1.3","104,040","±4,897","6,765","±1,697","6.5%","±1.6","52,476","±4,037","4,604","±1,424","8.8%","±2.7","109,902","±4,881","3,720","±1,368","3.4%","±1.2","167,443","±4,677","8,326","±2,008","5.0%","±1.2","11,092","±2,083","992","±714","8.9%","±6.3","162,716","±5,098","10,150","±2,052","6.2%","±1.3","20,779","±2,042","1,743","±1,181","8.4%","±5.6","109,214,198","±121,195","8,067,480","±59,599","7.4%","±0.1"
"    Under 6","15,948","±999","4,735","±1,578","29.7%","±10.0","10,600","±764","4,852","±1,283","45.8%","±11.4","32,279","±1,496","13,090","±2,688","40.6%","±7.6","133,005","±3,027","63,900","±5,162","48.0%","±3.6","6,898","±1,013","3,921","±1,139","56.8%","±15.0","6,645","±862","4,027","±1,518","60.6%","±19.8","13,892","±947","4,268","±1,437","30.7%","±10.2","20,260","±1,855","10,085","±2,800","49.8%","±11.4","4,321","±687","1,837","±682","42.5%","±15.2","75,581","±2,282","31,477","±4,723","41.6%","±5.8","22,515","±1,124","10,368","±1,751","46.0%","±7.1","5,354","±1,206","2,730","±761","51.0%","±10.5","10,146","±783","6,727","±1,124","66.3%","±8.8","5,227","±746","3,707","±1,029","70.9%","±13.9","107,447","±2,924","47,945","±4,635","44.6%","±3.8","6,950","±930","3,659","±1,151","52.6%","±17.3","21,117","±1,957","11,401","±2,283","54.0%","±8.6","41,479","±1,469","22,114","±2,383","53.3%","±5.7","17,541","±874","6,252","±1,519","35.6%","±8.2","21,467","±1,333","10,104","±1,909","47.1%","±8.3","21,251","±1,584","11,953","±2,501","56.2%","±10.2","6,933","±596","2,279","±878","32.9%","±11.8","186,243","±3,028","105,137","±5,740","56.5%","±3.1","3,560","±364","965","±494","27.1%","±14.3","5,453","±706","2,014","±971","36.9%","±16.8","16,319","±907","5,894","±1,338","36.1%","±8.2","99,952","±2,474","46,688","±4,173","46.7%","±3.9","26,359","±1,829","14,320","±2,563","54.3%","±9.5","89,568","±2,430","44,778","±3,939","50.0%","±4.3","33,232","±1,156","14,964","±2,099","45.0%","±6.1","48,630","±1,400","17,848","±2,346","36.7%","±4.8","50,226","±1,616","26,550","±3,175","52.9%","±5.8","4,363","±753","3,026","±717","69.4%","±14.2","16,226","±1,640","1,932","±1,162","11.9%","±6.7","19,403","±1,237","9,119","±2,217","47.0%","±10.8","12,312","±1,358","3,472","±1,185","28.2%","±8.3","16,632","±1,324","6,387","±2,127","38.4%","±11.3","30,516","±1,516","9,129","±2,054","29.9%","±6.7","2,742","±642","1,417","±847","51.7%","±25.9","30,990","±1,439","14,291","±1,672","46.1%","±5.3","5,011","±864","3,152","±1,096","62.9%","±16.8","23,282,008","±42,108","9,826,492","±73,182","42.2%","±0.3"
"    6 to 18 years","39,887","±1,647","8,811","±2,441","22.1%","±5.9","26,487","±1,119","8,660","±2,003","32.7%","±7.2","84,138","±2,085","29,118","±3,892","34.6%","±4.5","299,666","±3,847","104,413","±7,802","34.8%","±2.6","16,526","±1,226","6,491","±1,354","39.3%","±7.6","16,215","±1,152","6,864","±2,246","42.3%","±13.7","39,455","±1,266","9,689","±2,352","24.6%","±5.9","49,011","±2,476","13,731","±2,888","28.0%","±5.5","12,434","±1,032","4,166","±1,299","33.5%","±9.4","151,811","±2,859","58,104","±6,311","38.3%","±4.1","46,821","±1,640","22,247","±2,745","47.5%","±5.6","15,126","±1,409","4,533","±1,522","30.0%","±9.5","27,655","±1,199","14,157","±1,821","51.2%","±6.4","13,781","±848","6,349","±1,674","46.1%","±12.3","237,163","±3,478","92,024","±7,718","38.8%","±3.3","20,113","±1,422","6,909","±2,525","34.4%","±12.5","52,851","±2,564","19,450","±3,326","36.8%","±5.9","100,143","±2,326","38,368","±4,875","38.3%","±4.9","45,499","±1,589","14,779","±2,240","32.5%","±4.5","55,840","±1,857","22,496","±3,692","40.3%","±6.3","50,282","±2,303","21,507","±4,340","42.8%","±7.8","21,250","±825","4,888","±1,425","23.0%","±6.6","394,810","±3,960","185,016","±8,880","46.9%","±2.1","7,596","±779","2,096","±892","27.6%","±11.0","13,151","±897","4,247","±1,578","32.3%","±11.6","32,838","±1,292","9,458","±2,368","28.8%","±6.8","225,813","±3,702","84,905","±7,370","37.6%","±3.2","68,083","±2,410","29,393","±4,980","43.2%","±7.0","211,995","±2,895","72,684","±5,700","34.3%","±2.6","83,819","±1,679","33,533","±4,431","40.0%","±5.0","113,914","±2,004","38,257","±4,321","33.6%","±3.8","119,115","±2,340","52,387","±5,054","44.0%","±4.1","11,880","±909","8,654","±1,505","72.8%","±10.3","43,776","±1,988","5,104","±1,571","11.7%","±3.6","46,305","±1,831","17,266","±3,563","37.3%","±7.8","29,212","±1,413","6,402","±1,863","21.9%","±6.3","47,073","±1,691","18,045","±3,618","38.3%","±7.5","73,962","±1,981","20,004","±2,994","27.0%","±4.0","7,084","±1,521","2,215","±1,066","31.3%","±14.4","72,848","±1,610","26,780","±3,664","36.8%","±4.9","10,620","±999","3,848","±1,544","36.2%","±14.3","54,068,424","±63,346","19,618,243","±120,744","36.3%","±0.2"
"    19 to 25 years","51,052","±2,007","3,680","±1,357","7.2%","±2.6","13,452","±1,879","1,278","±757","9.5%","±5.9","43,588","±3,206","5,030","±1,785","11.5%","±3.9","151,264","±3,603","14,197","±2,703","9.4%","±1.7","8,955","±1,511","1,389","±659","15.5%","±7.1","8,842","±1,582","1,071","±748","12.1%","±8.3","15,875","±1,429","855","±551","5.4%","±3.4","26,338","±2,216","2,716","±1,295","10.3%","±5.1","5,943","±1,359","1,356","±726","22.8%","±11.5","77,212","±4,416","8,096","±1,666","10.5%","±2.2","27,534","±2,624","3,573","±995","13.0%","±3.6","7,374","±1,025","555","±335","7.5%","±4.3","12,444","±1,614","1,991","±1,095","16.0%","±8.1","7,527","±1,174","1,254","±636","16.7%","±8.2","129,758","±3,159","12,842","±2,356","9.9%","±1.8","8,820","±1,854","1,248","±1,122","14.1%","±11.1","23,931","±2,839","4,070","±1,541","17.0%","±6.1","51,617","±2,919","7,498","±2,326","14.5%","±4.2","60,035","±2,161","5,557","±1,366","9.3%","±2.2","27,620","±2,221","4,789","±1,479","17.3%","±5.0","22,380","±2,290","2,542","±972","11.4%","±4.3","8,875","±1,271","1,315","±915","14.8%","±9.2","228,885","±4,609","27,713","±3,267","12.1%","±1.4","4,329","±974","334","±405","7.7%","±9.0","4,099","±1,149","423","±388","10.3%","±9.8","15,344","±1,894","941","±523","6.1%","±3.5","153,201","±4,229","14,102","±3,501","9.2%","±2.3","38,321","±2,378","3,002","±1,290","7.8%","±3.4","113,119","±3,526","11,198","±2,272","9.9%","±1.9","39,440","±1,991","6,522","±1,647","16.5%","±4.1","69,680","±3,101","7,822","±2,352","11.2%","±3.3","61,695","±2,437","8,272","±1,892","13.4%","±3.0","5,188","±898","2,161","±857","41.7%","±16.6","20,865","±2,162","1,458","±764","7.0%","±3.4","24,559","±1,938","2,925","±1,518","11.9%","±6.1","13,437","±1,387","1,214","±732","9.0%","±5.4","26,809","±1,690","3,056","±1,264","11.4%","±4.5","38,619","±1,993","2,649","±894","6.9%","±2.3","3,471","±1,435","370","±460","10.7%","±12.1","43,104","±1,976","5,043","±1,679","11.7%","±3.8","4,439","±805","804","±533","18.1%","±12.6","29,667,712","±59,633","4,978,662","±43,422","16.8%","±0.1"
"    26 to 34 years","35,944","±1,836","4,142","±1,543","11.5%","±4.2","20,102","±1,851","4,519","±1,485","22.5%","±6.9","59,157","±2,672","8,117","±1,963","13.7%","±3.3","234,430","±3,369","21,802","±3,137","9.3%","±1.3","12,004","±1,625","2,776","±960","23.1%","±8.5","9,374","±1,446","2,857","±1,242","30.5%","±12.0","22,587","±1,954","3,194","±1,194","14.1%","±5.3","30,064","±2,057","1,826","±915","6.1%","±3.0","6,212","±943","1,374","±744","22.1%","±11.9","135,799","±3,679","19,993","±3,397","14.7%","±2.5","41,303","±2,038","7,287","±1,905","17.6%","±4.5","8,968","±1,344","989","±524","11.0%","±6.0","18,231","±1,587","4,585","±1,235","25.1%","±6.7","5,958","±1,054","2,039","±709","34.2%","±10.5","200,409","±3,259","24,414","±3,300","12.2%","±1.6","14,112","±2,797","588","±359","4.2%","±2.9","34,154","±3,938","4,973","±1,955","14.6%","±5.3","74,254","±2,365","13,324","±2,852","17.9%","±3.7","34,612","±1,725","4,204","±1,028","12.1%","±3.0","35,537","±2,059","6,191","±1,744","17.4%","±5.0","34,397","±2,957","5,693","±1,965","16.6%","±5.4","13,767","±2,228","1,225","±925","8.9%","±6.8","342,896","±4,006","32,548","±3,825","9.5%","±1.1","7,787","±1,183","761","±394","9.8%","±5.2","9,262","±955","1,451","±823","15.7%","±8.5","25,404","±2,506","2,416","±985","9.5%","±4.1","201,166","±3,624","22,550","±3,561","11.2%","±1.8","46,818","±2,506","8,257","±2,538","17.6%","±5.4","154,959","±2,838","14,251","±2,762","9.2%","±1.8","53,753","±1,933","8,399","±1,572","15.6%","±3.1","102,454","±2,637","10,119","±1,913","9.9%","±1.8","82,360","±2,424","12,356","±2,610","15.0%","±3.2","6,306","±1,001","1,935","±793","30.7%","±11.9","19,333","±1,568","2,175","±865","11.3%","±4.2","33,407","±3,139","4,480","±1,604","13.4%","±5.0","19,547","±1,412","2,449","±1,080","12.5%","±5.4","31,251","±1,430","2,312","±908","7.4%","±2.9","61,497","±1,692","6,161","±1,364","10.0%","±2.2","3,678","±1,332","1,126","±937","30.6%","±20.5","57,186","±1,868","9,536","±2,025","16.7%","±3.6","7,451","±972","2,290","±1,058","30.7%","±14.1","39,837,331","±52,474","7,043,779","±47,067","17.7%","±0.1"
"    35 to 44 years","30,663","±1,642","3,181","±1,034","10.4%","±3.3","19,861","±1,508","2,814","±1,379","14.2%","±6.8","62,112","±1,148","10,777","±2,468","17.4%","±3.9","259,252","±637","22,603","±2,689","8.7%","±1.0","14,100","±1,567","2,857","±1,525","20.3%","±9.8","11,593","±906","2,725","±1,128","23.5%","±9.7","28,242","±1,864","3,107","±1,322","11.0%","±4.6","36,396","±1,620","4,846","±1,971","13.3%","±5.3","6,967","±667","927","±714","13.3%","±9.7","121,275","±1,284","14,731","±2,432","12.1%","±2.0","32,402","±1,413","6,093","±1,567","18.8%","±4.8","10,767","±985","962","±567","8.9%","±5.2","19,280","±1,162","4,382","±1,198","22.7%","±6.3","9,657","±1,059","1,841","±885","19.1%","±8.6","201,023","±979","22,843","±3,292","11.4%","±1.6","14,664","±2,404","2,486","±1,204","17.0%","±7.7","40,101","±2,550","5,740","±1,839","14.3%","±4.4","79,726","±1,244","8,229","±2,044","10.3%","±2.6","30,980","±1,291","3,535","±818","11.4%","±2.8","40,620","±1,850","2,780","±985","6.8%","±2.5","34,927","±1,974","6,496","±1,785","18.6%","±4.7","13,211","±1,325","1,195","±864","9.0%","±6.3","365,777","±962","35,798","±3,905","9.8%","±1.1","8,441","±985","381","±325","4.5%","±3.9","8,961","±544","934","±520","10.4%","±5.7","23,017","±1,658","3,497","±1,232","15.2%","±4.9","198,188","±728","20,732","±3,614","10.5%","±1.8","57,875","±2,613","10,197","±3,042","17.6%","±5.2","169,464","±865","15,178","±2,602","9.0%","±1.5","69,279","±1,268","10,403","±2,601","15.0%","±3.8","105,948","±561","11,500","±2,405","10.9%","±2.3","84,787","±895","12,600","±2,294","14.9%","±2.7","7,938","±1,089","2,210","±762","27.8%","±9.6","34,480","±1,566","1,932","±1,006","5.6%","±2.9","38,107","±2,965","4,782","±1,744","12.5%","±4.5","20,301","±1,335","2,612","±988","12.9%","±4.8","35,523","±1,180","4,208","±1,643","11.8%","±4.6","65,675","±642","8,162","±2,559","12.4%","±3.9","5,996","±1,350","635","±420","10.6%","±7.2","58,113","±1,529","7,981","±1,632","13.7%","±2.8","9,555","±955","2,145","±1,060","22.4%","±11.9","41,051,376","±34,501","6,551,625","±51,313","16.0%","±0.1"
"    45 to 54 years","26,349","±1,396","4,784","±1,122","18.2%","±4.4","22,454","±1,464","3,126","±1,020","13.9%","±4.6","72,834","±809","11,059","±2,009","15.2%","±2.8","268,906","±908","25,194","±3,083","9.4%","±1.2","18,568","±1,065","3,939","±1,277","21.2%","±6.5","16,116","±896","3,641","±1,167","22.6%","±7.5","30,626","±1,941","4,780","±1,676","15.6%","±5.1","42,986","±1,300","3,796","±1,287","8.8%","±3.0","8,212","±725","1,748","±721","21.3%","±8.5","115,014","±837","18,366","±2,781","16.0%","±2.4","34,924","±1,240","6,489","±1,173","18.6%","±3.5","13,101","±967","1,715","±761","13.1%","±5.8","23,714","±1,058","5,155","±1,512","21.7%","±6.0","11,200","±1,350","2,286","±868","20.4%","±8.4","194,068","±940","28,726","±3,796","14.8%","±2.0","15,102","±1,326","2,881","±1,314","19.1%","±8.4","43,047","±2,240","7,881","±2,111","18.3%","±4.9","86,715","±925","9,800","±1,895","11.3%","±2.2","30,399","±1,138","3,865","±1,241","12.7%","±3.9","47,455","±1,822","3,315","±914","7.0%","±1.9","38,953","±1,747","8,007","±1,828","20.6%","±4.8","17,685","±926","905","±504","5.1%","±2.9","390,393","±632","38,239","±4,075","9.8%","±1.0","10,473","±1,025","675","±338","6.4%","±3.2","12,260","±1,019","1,465","±830","11.9%","±6.2","22,290","±1,459","4,684","±1,213","21.0%","±5.3","178,896","±686","19,891","±3,451","11.1%","±1.9","45,928","±1,474","5,801","±1,907","12.6%","±4.2","185,914","±481","19,313","±2,658","10.4%","±1.4","70,310","±853","8,229","±1,524","11.7%","±2.2","123,719","±698","15,691","±2,588","12.7%","±2.1","84,442","±600","16,058","±2,992","19.0%","±3.5","9,148","±1,027","1,207","±623","13.2%","±6.8","36,689","±1,361","3,609","±1,115","9.8%","±3.1","37,176","±2,763","5,977","±1,692","16.1%","±4.4","23,755","±1,359","5,213","±2,060","21.9%","±8.0","46,340","±1,162","4,859","±1,251","10.5%","±2.7","63,267","±238","7,686","±1,715","12.1%","±2.7","4,950","±1,572","1,770","±1,059","35.8%","±16.7","66,412","±1,533","10,506","±1,849","15.8%","±2.8","8,718","±558","784","±558","9.0%","±6.2","40,357,454","±36,371","6,481,034","±50,339","16.1%","±0.1"
"    55 to 64 years","28,503","±739","6,340","±1,329","22.2%","±4.5","26,125","±482","4,716","±1,025","18.1%","±3.9","98,100","±592","22,017","±3,279","22.4%","±3.3","263,513","±578","33,341","±2,921","12.7%","±1.1","32,103","±921","6,431","±1,474","20.0%","±4.5","24,174","±699","8,805","±1,470","36.4%","±6.0","30,652","±810","6,002","±1,532","19.6%","±5.0","52,332","±603","5,303","±1,282","10.1%","±2.5","9,850","±556","2,769","±864","28.1%","±8.5","121,704","±647","24,599","±2,816","20.2%","±2.3","42,923","±760","13,897","±1,694","32.4%","±3.9","17,986","±893","3,486","±1,103","19.4%","±6.2","27,579","±747","8,950","±1,513","32.5%","±5.3","14,802","±438","4,145","±964","28.0%","±6.6","177,927","±495","36,394","±3,449","20.5%","±1.9","24,382","±884","4,210","±1,187","17.3%","±4.7","50,573","±812","11,200","±2,193","22.1%","±4.4","108,706","±537","22,715","±2,655","20.9%","±2.4","31,008","±705","5,054","±1,144","16.3%","±3.6","58,878","±551","11,485","±1,746","19.5%","±3.0","49,331","±607","13,233","±1,593","26.8%","±3.3","25,641","±1,523","2,599","±990","10.1%","±3.9","342,963","±669","56,076","±4,313","16.4%","±1.3","11,992","±553","1,718","±675","14.3%","±5.7","13,498","±595","3,118","±1,066","23.1%","±7.4","28,176","±888","6,156","±1,456","21.8%","±5.2","157,216","±853","29,665","±3,014","18.9%","±1.9","40,829","±166","11,623","±1,970","28.5%","±4.8","198,826","±747","30,355","±2,823","15.3%","±1.4","74,765","±340","20,209","±1,951","27.0%","±2.6","156,320","±635","32,583","±3,116","20.8%","±2.0","87,077","±431","23,654","±2,228","27.2%","±2.6","11,436","±485","3,785","±1,104","33.1%","±9.7","36,822","±1,036","5,151","±1,833","14.0%","±4.8","45,951","±645","11,765","±2,094","25.6%","±4.5","24,653","±837","6,258","±1,446","25.4%","±5.7","67,347","±521","10,679","±1,634","15.9%","±2.4","61,534","±626","9,705","±1,461","15.8%","±2.4","16,295","±720","3,656","±1,141","22.4%","±7.1","85,102","±585","18,858","±2,289","22.2%","±2.7","11,929","±692","1,830","±969","15.3%","±8.3","42,073,956","±22,830","9,195,349","±47,462","21.9%","±0.1"
"    65 to 74 years","23,256","±909","22,035","±1,026","94.7%","±2.5","18,792","±860","18,367","±913","97.7%","±1.5","78,257","±945","74,811","±1,654","95.6%","±2.0","186,178","±581","164,660","±2,852","88.4%","±1.5","40,710","±994","39,715","±1,357","97.6%","±2.0","28,575","±509","27,731","±721","97.0%","±2.2","20,998","±948","20,301","±980","96.7%","±2.6","60,241","±953","57,257","±1,463","95.0%","±1.6","7,777","±526","7,742","±531","99.5%","±0.6","84,348","±1,133","77,747","±1,836","92.2%","±2.0","31,741","±826","30,380","±1,035","95.7%","±2.0","21,173","±1,087","20,331","±1,148","96.0%","±2.5","27,432","±776","26,980","±853","98.4%","±1.0","17,685","±674","16,542","±735","93.5%","±3.7","127,166","±892","117,430","±2,214","92.3%","±1.7","28,927","±998","27,933","±1,027","96.6%","±1.7","51,848","±1,509","50,720","±1,603","97.8%","±1.3","119,673","±615","115,738","±1,175","96.7%","±0.9","25,014","±564","22,862","±1,137","91.4%","±4.4","61,784","±1,202","58,290","±1,592","94.3%","±1.5","56,849","±1,078","55,141","±1,273","97.0%","±1.3","24,955","±1,124","23,935","±1,107","95.9%","±1.9","238,941","±656","215,570","±3,041","90.2%","±1.3","11,300","±463","10,241","±610","90.6%","±5.1","11,963","±395","11,625","±486","97.2%","±2.2","19,936","±785","19,543","±826","98.0%","±1.5","102,578","±512","93,005","±2,810","90.7%","±2.7","29,479","±1,189","27,766","±1,430","94.2%","±2.5","175,255","±775","162,968","±1,904","93.0%","±1.1","67,613","±738","65,743","±992","97.2%","±0.9","130,750","±532","124,880","±1,411","95.5%","±1.0","82,796","±720","79,645","±1,342","96.2%","±1.3","9,828","±435","9,521","±541","96.9%","±3.3","32,367","±790","30,073","±1,208","92.9%","±3.2","43,519","±1,079","41,894","±1,254","96.3%","±1.6","19,095","±932","18,279","±1,069","95.7%","±3.0","81,650","±836","78,683","±1,245","96.4%","±1.4","44,399","±704","42,100","±1,069","94.8%","±1.8","43,585","±1,184","43,397","±1,224","99.6%","±0.6","76,258","±441","73,801","±1,126","96.8%","±1.4","9,123","±481","9,103","±481","99.8%","±0.5","31,216,223","±24,889","29,391,999","±36,432","94.2%","±0.1"
"    75 years and over","14,947","±863","14,865","±854","99.5%","±0.9","12,759","±604","12,759","±604","100.0%","±1.8","65,933","±1,016","65,227","±1,100","98.9%","±0.7","144,900","±638","138,176","±1,503","95.4%","±1.0","36,138","±1,239","35,771","±1,254","99.0%","±0.7","25,914","±918","25,733","±935","99.3%","±0.7","14,075","±724","13,946","±708","99.1%","±1.1","65,704","±924","64,476","±973","98.1%","±1.2","5,067","±409","5,067","±409","100.0%","±4.4","50,789","±1,217","49,051","±1,346","96.6%","±1.6","21,068","±672","21,005","±669","99.7%","±0.4","14,469","±741","14,376","±736","99.4%","±1.1","25,528","±786","24,908","±923","97.6%","±2.9","19,158","±766","18,885","±810","98.6%","±1.3","84,454","±867","83,494","±998","98.9%","±0.5","25,265","±966","25,120","±975","99.4%","±0.8","46,123","±1,530","45,638","±1,527","98.9%","±0.8","103,360","±903","101,379","±1,193","98.1%","±0.9","14,829","±662","14,672","±705","98.9%","±1.3","50,913","±1,315","48,546","±1,860","95.4%","±3.1","48,408","±1,089","47,819","±1,314","98.8%","±1.3","25,732","±1,208","25,612","±1,237","99.5%","±0.6","205,243","±1,102","198,544","±2,064","96.7%","±0.8","6,202","±382","6,129","±362","98.8%","±2.3","8,528","±935","8,528","±935","100.0%","±2.6","14,050","±786","13,833","±808","98.5%","±1.5","65,142","±532","63,648","±771","97.7%","±1.0","20,606","±1,269","19,458","±1,796","94.4%","±6.3","184,217","±812","181,158","±1,418","98.3%","±0.6","55,825","±718","54,736","±807","98.0%","±1.0","111,201","±757","108,124","±2,343","97.2%","±2.1","64,028","±795","63,484","±863","99.2%","±0.5","7,441","±391","7,278","±408","97.8%","±2.2","22,535","±1,036","22,232","±1,071","98.7%","±1.4","36,895","±1,069","36,544","±1,160","99.0%","±1.2","11,662","±792","11,461","±740","98.3%","±1.9","77,236","±768","75,991","±1,009","98.4%","±0.9","29,212","±715","28,881","±688","98.9%","±0.8","34,444","±547","34,444","±547","100.0%","±0.7","57,868","±710","57,367","±745","99.1%","±0.5","5,503","±353","5,503","±353","100.0%","±4.0","21,566,194","±17,007","21,227,779","±20,794","98.4%","±0.1"
"COVERAGE ALONE","","","","","","","","","","","","","","","","","","","","","","","","","","","","","","","","","","","","","","","","","","","","","","","","","","","","","","","","","","","","","","","","","","","","","","","","","","","","","","","","","","","","","","","","","","","","","","","","","","","","","","","","","","","","","","","","","","","","","","","","","","","","","","","","","","","","","","","","","","","","","","","","","","","","","","","","","","","","","","","","","","","","","","","","","","","","","","","","","","","","","","","","","","","","","","","","","","","","","","","","","","","","","","","","","","","","","","","","","","","","","","","","","","","","","","","","","","","","","","","","","","","","","","","","","","","",""
"    Public health insurance alone","(X)","(X)","34,708","±4,707","13.0%","±1.8","(X)","(X)","29,941","±3,898","17.5%","±2.3","(X)","(X)","115,852","±8,300","19.4%","±1.4","(X)","(X)","379,725","±14,112","19.6%","±0.7","(X)","(X)","43,792","±4,001","23.5%","±2.2","(X)","(X)","38,166","±4,403","25.9%","±3.0","(X)","(X)","28,419","±4,176","13.1%","±1.9","(X)","(X)","76,693","±6,302","20.0%","±1.6","(X)","(X)","13,266","±2,385","19.9%","±3.5","(X)","(X)","180,449","±12,250","19.3%","±1.3","(X)","(X)","62,816","±5,030","20.9%","±1.6","(X)","(X)","22,078","±2,575","19.3%","±2.3","(X)","(X)","53,804","±4,535","28.0%","±2.4","(X)","(X)","28,356","±3,269","27.0%","±3.1","(X)","(X)","288,383","±14,157","19.8%","±1.0","(X)","(X)","36,899","±5,197","23.3%","±3.3","(X)","(X)","87,431","±8,081","24.0%","±2.2","(X)","(X)","164,358","±9,027","21.5%","±1.2","(X)","(X)","39,367","±4,311","13.6%","±1.5","(X)","(X)","97,640","±7,656","24.4%","±1.9","(X)","(X)","90,481","±7,547","25.4%","±2.1","(X)","(X)","25,521","±3,766","16.1%","±2.4","(X)","(X)","605,901","±15,401","22.5%","±0.6","(X)","(X)","11,569","±1,849","16.1%","±2.6","(X)","(X)","17,495","±3,307","20.1%","±3.8","(X)","(X)","28,260","±4,180","14.3%","±2.1","(X)","(X)","261,086","±12,144","18.9%","±0.9","(X)","(X)","84,129","±8,270","22.5%","±2.2","(X)","(X)","309,967","±11,219","20.9%","±0.8","(X)","(X)","128,277","±8,679","23.4%","±1.6","(X)","(X)","197,559","±8,651","20.5%","±0.9","(X)","(X)","171,394","±8,721","23.9%","±1.2","(X)","(X)","25,634","±3,147","34.9%","±4.3","(X)","(X)","30,775","±3,940","11.7%","±1.5","(X)","(X)","69,836","±7,197","21.5%","±2.2","(X)","(X)","27,055","±3,856","15.6%","±2.2","(X)","(X)","87,451","±5,727","20.3%","±1.3","(X)","(X)","76,258","±6,273","16.3%","±1.3","(X)","(X)","28,089","±3,934","23.0%","±3.2","(X)","(X)","118,632","±6,941","21.7%","±1.3","(X)","(X)","16,522","±3,437","22.8%","±4.8","(X)","(X)","66,648,290","±271,268","20.6%","±0.1"
"        Medicare coverage alone","(X)","(X)","13,433","±2,010","5.0%","±0.8","(X)","(X)","10,816","±2,061","6.3%","±1.2","(X)","(X)","55,008","±3,625","9.2%","±0.6","(X)","(X)","163,567","±6,064","8.4%","±0.3","(X)","(X)","25,638","±2,859","13.8%","±1.5","(X)","(X)","21,510","±2,465","14.6%","±1.7","(X)","(X)","10,400","±1,990","4.8%","±0.9","(X)","(X)","44,669","±3,425","11.7%","±0.9","(X)","(X)","3,849","±937","5.8%","±1.4","(X)","(X)","56,179","±5,116","6.0%","±0.5","(X)","(X)","16,596","±2,217","5.5%","±0.7","(X)","(X)","13,971","±1,981","12.2%","±1.7","(X)","(X)","22,986","±2,537","12.0%","±1.3","(X)","(X)","12,493","±1,623","11.9%","±1.6","(X)","(X)","89,651","±5,481","6.1%","±0.4","(X)","(X)","19,705","±2,296","12.4%","±1.4","(X)","(X)","40,839","±3,560","11.2%","±1.0","(X)","(X)","81,189","±4,915","10.6%","±0.6","(X)","(X)","10,692","±1,848","3.7%","±0.6","(X)","(X)","50,079","±4,211","12.5%","±1.1","(X)","(X)","45,537","±4,688","12.8%","±1.3","(X)","(X)","15,396","±2,251","9.7%","±1.4","(X)","(X)","211,435","±7,421","7.8%","±0.3","(X)","(X)","6,687","±954","9.3%","±1.3","(X)","(X)","8,056","±1,716","9.2%","±2.0","(X)","(X)","7,300","±1,376","3.7%","±0.7","(X)","(X)","78,231","±5,262","5.7%","±0.4","(X)","(X)","22,015","±3,149","5.9%","±0.8","(X)","(X)","151,603","±5,837","10.2%","±0.4","(X)","(X)","59,859","±3,319","10.9%","±0.6","(X)","(X)","108,674","±5,743","11.3%","±0.6","(X)","(X)","61,432","±4,138","8.6%","±0.6","(X)","(X)","8,101","±1,264","11.0%","±1.7","(X)","(X)","18,997","±2,186","7.2%","±0.8","(X)","(X)","30,918","±3,958","9.5%","±1.2","(X)","(X)","11,752","±1,864","6.8%","±1.1","(X)","(X)","55,788","±3,960","13.0%","±0.9","(X)","(X)","32,639","±2,821","7.0%","±0.6","(X)","(X)","22,527","±3,385","18.4%","±2.8","(X)","(X)","52,929","±3,570","9.7%","±0.7","(X)","(X)","5,270","±1,392","7.3%","±1.9","(X)","(X)","18,577,302","±74,794","5.7%","±0.1"
"        Medicaid/means tested coverage alone","(X)","(X)","19,075","±4,275","7.2%","±1.6","(X)","(X)","18,654","±3,444","10.9%","±2.0","(X)","(X)","56,931","±7,496","9.5%","±1.3","(X)","(X)","211,689","±12,344","10.9%","±0.6","(X)","(X)","17,394","±3,375","9.4%","±1.8","(X)","(X)","16,104","±3,959","10.9%","±2.7","(X)","(X)","16,952","±3,478","7.8%","±1.6","(X)","(X)","31,605","±4,852","8.2%","±1.3","(X)","(X)","8,735","±2,165","13.1%","±3.2","(X)","(X)","120,354","±10,118","12.9%","±1.1","(X)","(X)","44,572","±4,856","14.8%","±1.6","(X)","(X)","7,450","±1,847","6.5%","±1.6","(X)","(X)","28,940","±3,712","15.1%","±1.9","(X)","(X)","15,707","±2,757","15.0%","±2.6","(X)","(X)","191,934","±13,004","13.2%","±0.9","(X)","(X)","16,591","±4,776","10.5%","±3.0","(X)","(X)","44,457","±6,894","12.2%","±1.9","(X)","(X)","80,934","±7,125","10.6%","±0.9","(X)","(X)","26,732","±3,861","9.2%","±1.3","(X)","(X)","46,047","±5,168","11.5%","±1.3","(X)","(X)","42,157","±5,845","11.8%","±1.6","(X)","(X)","9,957","±2,419","6.3%","±1.5","(X)","(X)","390,582","±14,691","14.5%","±0.5","(X)","(X)","4,690","±1,544","6.5%","±2.2","(X)","(X)","9,274","±2,602","10.6%","±3.0","(X)","(X)","20,497","±3,915","10.4%","±2.0","(X)","(X)","180,025","±11,753","13.0%","±0.8","(X)","(X)","59,729","±7,205","16.0%","±1.9","(X)","(X)","156,312","±9,676","10.5%","±0.7","(X)","(X)","65,475","±7,228","11.9%","±1.3","(X)","(X)","83,064","±6,951","8.6%","±0.7","(X)","(X)","107,663","±7,715","15.0%","±1.1","(X)","(X)","17,165","±2,687","23.3%","±3.7","(X)","(X)","11,094","±3,050","4.2%","±1.2","(X)","(X)","37,710","±5,968","11.6%","±1.8","(X)","(X)","14,483","±3,318","8.3%","±1.9","(X)","(X)","30,322","±4,717","7.1%","±1.1","(X)","(X)","42,033","±5,868","9.0%","±1.3","(X)","(X)","5,387","±1,671","4.4%","±1.4","(X)","(X)","62,889","±5,868","11.5%","±1.1","(X)","(X)","10,513","±3,079","14.5%","±4.3","(X)","(X)","47,213,006","±239,196","14.6%","±0.1"
"        VA health care coverage alone","(X)","(X)","2,200","±1,005","0.8%","±0.4","(X)","(X)","471","±405","0.3%","±0.2","(X)","(X)","3,913","±1,473","0.7%","±0.2","(X)","(X)","4,469","±1,544","0.2%","±0.1","(X)","(X)","760","±548","0.4%","±0.3","(X)","(X)","552","±360","0.4%","±0.2","(X)","(X)","1,067","±1,150","0.5%","±0.5","(X)","(X)","419","±398","0.1%","±0.1","(X)","(X)","682","±457","1.0%","±0.7","(X)","(X)","3,916","±1,273","0.4%","±0.1","(X)","(X)","1,648","±908","0.5%","±0.3","(X)","(X)","657","±615","0.6%","±0.5","(X)","(X)","1,878","±733","1.0%","±0.4","(X)","(X)","156","±168","0.1%","±0.2","(X)","(X)","6,798","±3,014","0.5%","±0.2","(X)","(X)","603","±689","0.4%","±0.4","(X)","(X)","2,135","±1,055","0.6%","±0.3","(X)","(X)","2,235","±811","0.3%","±0.1","(X)","(X)","1,943","±1,045","0.7%","±0.4","(X)","(X)","1,514","±1,300","0.4%","±0.3","(X)","(X)","2,787","±1,267","0.8%","±0.4","(X)","(X)","168","±204","0.1%","±0.1","(X)","(X)","3,884","±1,416","0.1%","±0.1","(X)","(X)","192","±213","0.3%","±0.3","(X)","(X)","165","±165","0.2%","±0.2","(X)","(X)","463","±328","0.2%","±0.2","(X)","(X)","2,830","±999","0.2%","±0.1","(X)","(X)","2,385","±2,169","0.6%","±0.6","(X)","(X)","2,052","±840","0.1%","±0.1","(X)","(X)","2,943","±1,139","0.5%","±0.2","(X)","(X)","5,821","±1,713","0.6%","±0.2","(X)","(X)","2,299","±1,397","0.3%","±0.2","(X)","(X)","368","±403","0.5%","±0.5","(X)","(X)","684","±379","0.3%","±0.1","(X)","(X)","1,208","±914","0.4%","±0.3","(X)","(X)","820","±522","0.5%","±0.3","(X)","(X)","1,341","±627","0.3%","±0.1","(X)","(X)","1,586","±898","0.3%","±0.2","(X)","(X)","175","±235","0.1%","±0.2","(X)","(X)","2,814","±1,145","0.5%","±0.2","(X)","(X)","739","±737","1.0%","±1.0","(X)","(X)","857,982","±22,044","0.3%","±0.1"