"Label","Albemarle County, Virginia!!Total!!Estimate","Albemarle County, Virginia!!Total!!Margin of Error","Albemarle County, Virginia!!Public Coverage!!Estimate","Albemarle County, Virginia!!Public Coverage!!Margin of Error","Albemarle County, Virginia!!Percent Public Coverage!!Estimate","Albemarle County, Virginia!!Percent Public Coverage!!Margin of Error","Arlington County, Virginia!!Total!!Estimate","Arlington County, Virginia!!Total!!Margin of Error","Arlington County, Virginia!!Public Coverage!!Estimate","Arlington County, Virginia!!Public Coverage!!Margin of Error","Arlington County, Virginia!!Percent Public Coverage!!Estimate","Arlington County, Virginia!!Percent Public Coverage!!Margin of Error","Augusta County, Virginia!!Total!!Estimate","Augusta County, Virginia!!Total!!Margin of Error","Augusta County, Virginia!!Public Coverage!!Estimate","Augusta County, Virginia!!Public Coverage!!Margin of Error","Augusta County, Virginia!!Percent Public Coverage!!Estimate","Augusta County, Virginia!!Percent Public Coverage!!Margin of Error","Bedford County, Virginia!!Total!!Estimate","Bedford County, Virginia!!Total!!Margin of Error","Bedford County, Virginia!!Public Coverage!!Estimate","Bedford County, Virginia!!Public Coverage!!Margin of Error","Bedford County, Virginia!!Percent Public Coverage!!Estimate","Bedford County, Virginia!!Percent Public Coverage!!Margin of Error","Chesterfield County, Virginia!!Total!!Estimate","Chesterfield County, Virginia!!Total!!Margin of Error","Chesterfield County, Virginia!!Public Coverage!!Estimate","Chesterfield County, Virginia!!Public Coverage!!Margin of Error","Chesterfield County, Virginia!!Percent Public Coverage!!Estimate","Chesterfield County, Virginia!!Percent Public Coverage!!Margin of Error","Fairfax County, Virginia!!Total!!Estimate","Fairfax County, Virginia!!Total!!Margin of Error","Fairfax County, Virginia!!Public Coverage!!Estimate","Fairfax County, Virginia!!Public Coverage!!Margin of Error","Fairfax County, Virginia!!Percent Public Coverage!!Estimate","Fairfax County, Virginia!!Percent Public Coverage!!Margin of Error","Fauquier County, Virginia!!Total!!Estimate","Fauquier County, Virginia!!Total!!Margin of Error","Fauquier County, Virginia!!Public Coverage!!Estimate","Fauquier County, Virginia!!Public Coverage!!Margin of Error","Fauquier County, Virginia!!Percent Public Coverage!!Estimate","Fauquier County, Virginia!!Percent Public Coverage!!Margin of Error","Frederick County, Virginia!!Total!!Estimate","Frederick County, Virginia!!Total!!Margin of Error","Frederick County, Virginia!!Public Coverage!!Estimate","Frederick County, Virginia!!Public Coverage!!Margin of Error","Frederick County, Virginia!!Percent Public Coverage!!Estimate","Frederick County, Virginia!!Percent Public Coverage!!Margin of Error","Hanover County, Virginia!!Total!!Estimate","Hanover County, Virginia!!Total!!Margin of Error","Hanover County, Virginia!!Public Coverage!!Estimate","Hanover County, Virginia!!Public Coverage!!Margin of Error","Hanover County, Virginia!!Percent Public Coverage!!Estimate","Hanover County, Virginia!!Percent Public Coverage!!Margin of Error","Henrico County, Virginia!!Total!!Estimate","Henrico County, Virginia!!Total!!Margin of Error","Henrico County, Virginia!!Public Coverage!!Estimate","Henrico County, Virginia!!Public Coverage!!Margin of Error","Henrico County, Virginia!!Percent Public Coverage!!Estimate","Henrico County, Virginia!!Percent Public Coverage!!Margin of Error","James City County, Virginia!!Total!!Estimate","James City County, Virginia!!Total!!Margin of Error","James City County, Virginia!!Public Coverage!!Estimate","James City County, Virginia!!Public Coverage!!Margin of Error","James City County, Virginia!!Percent Public Coverage!!Estimate","James City County, Virginia!!Percent Public Coverage!!Margin of Error","Loudoun County, Virginia!!Total!!Estimate","Loudoun County, Virginia!!Total!!Margin of Error","Loudoun County, Virginia!!Public Coverage!!Estimate","Loudoun County, Virginia!!Public Coverage!!Margin of Error","Loudoun County, Virginia!!Percent Public Coverage!!Estimate","Loudoun County, Virginia!!Percent Public Coverage!!Margin of Error","Montgomery County, Virginia!!Total!!Estimate","Montgomery County, Virginia!!Total!!Margin of Error","Montgomery County, Virginia!!Public Coverage!!Estimate","Montgomery County, Virginia!!Public Coverage!!Margin of Error","Montgomery County, Virginia!!Percent Public Coverage!!Estimate","Montgomery County, Virginia!!Percent Public Coverage!!Margin of Error","Prince William County, Virginia!!Total!!Estimate","Prince William County, Virginia!!Total!!Margin of Error","Prince William County, Virginia!!Public Coverage!!Estimate","Prince William County, Virginia!!Public Coverage!!Margin of Error","Prince William County, Virginia!!Percent Public Coverage!!Estimate","Prince William County, Virginia!!Percent Public Coverage!!Margin of Error","Roanoke County, Virginia!!Total!!Estimate","Roanoke County, Virginia!!Total!!Margin of Error","Roanoke County, Virginia!!Public Coverage!!Estimate","Roanoke County, Virginia!!Public Coverage!!Margin of Error","Roanoke County, Virginia!!Percent Public Coverage!!Estimate","Roanoke County, Virginia!!Percent Public Coverage!!Margin of Error","Rockingham County, Virginia!!Total!!Estimate","Rockingham County, Virginia!!Total!!Margin of Error","Rockingham County, Virginia!!Public Coverage!!Estimate","Rockingham County, Virginia!!Public Coverage!!Margin of Error","Rockingham County, Virginia!!Percent Public Coverage!!Estimate","Rockingham County, Virginia!!Percent Public Coverage!!Margin of Error","Spotsylvania County, Virginia!!Total!!Estimate","Spotsylvania County, Virginia!!Total!!Margin of Error","Spotsylvania County, Virginia!!Public Coverage!!Estimate","Spotsylvania County, Virginia!!Public Coverage!!Margin of Error","Spotsylvania County, Virginia!!Percent Public Coverage!!Estimate","Spotsylvania County, Virginia!!Percent Public Coverage!!Margin of Error","Stafford County, Virginia!!Total!!Estimate","Stafford County, Virginia!!Total!!Margin of Error","Stafford County, Virginia!!Public Coverage!!Estimate","Stafford County, Virginia!!Public Coverage!!Margin of Error","Stafford County, Virginia!!Percent Public Coverage!!Estimate","Stafford County, Virginia!!Percent Public Coverage!!Margin of Error","York County, Virginia!!Total!!Estimate","York County, Virginia!!Total!!Margin of Error","York County, Virginia!!Public Coverage!!Estimate","York County, Virginia!!Public Coverage!!Margin of Error","York County, Virginia!!Percent Public Coverage!!Estimate","York County, Virginia!!Percent Public Coverage!!Margin of Error","Alexandria city, Virginia!!Total!!Estimate","Alexandria city, Virginia!!Total!!Margin of Error","Alexandria city, Virginia!!Public Coverage!!Estimate","Alexandria city, Virginia!!Public Coverage!!Margin of Error","Alexandria city, Virginia!!Percent Public Coverage!!Estimate","Alexandria city, Virginia!!Percent Public Coverage!!Margin of Error","Chesapeake city, Virginia!!Total!!Estimate","Chesapeake city, Virginia!!Total!!Margin of Error","Chesapeake city, Virginia!!Public Coverage!!Estimate","Chesapeake city, Virginia!!Public Coverage!!Margin of Error","Chesapeake city, Virginia!!Percent Public Coverage!!Estimate","Chesapeake city, Virginia!!Percent Public Coverage!!Margin of Error","Hampton city, Virginia!!Total!!Estimate","Hampton city, Virginia!!Total!!Margin of Error","Hampton city, Virginia!!Public Coverage!!Estimate","Hampton city, Virginia!!Public Coverage!!Margin of Error","Hampton city, Virginia!!Percent Public Coverage!!Estimate","Hampton city, Virginia!!Percent Public Coverage!!Margin of Error","Lynchburg city, Virginia!!Total!!Estimate","Lynchburg city, Virginia!!Total!!Margin of Error","Lynchburg city, Virginia!!Public Coverage!!Estimate","Lynchburg city, Virginia!!Public Coverage!!Margin of Error","Lynchburg city, Virginia!!Percent Public Coverage!!Estimate","Lynchburg city, Virginia!!Percent Public Coverage!!Margin of Error","Newport News city, Virginia!!Total!!Estimate","Newport News city, Virginia!!Total!!Margin of Error","Newport News city, Virginia!!Public Coverage!!Estimate","Newport News city, Virginia!!Public Coverage!!Margin of Error","Newport News city, Virginia!!Percent Public Coverage!!Estimate","Newport News city, Virginia!!Percent Public Coverage!!Margin of Error","Norfolk city, Virginia!!Total!!Estimate","Norfolk city, Virginia!!Total!!Margin of Error","Norfolk city, Virginia!!Public Coverage!!Estimate","Norfolk city, Virginia!!Public Coverage!!Margin of Error","Norfolk city, Virginia!!Percent Public Coverage!!Estimate","Norfolk city, Virginia!!Percent Public Coverage!!Margin of Error","Portsmouth city, Virginia!!Total!!Estimate","Portsmouth city, Virginia!!Total!!Margin of Error","Portsmouth city, Virginia!!Public Coverage!!Estimate","Portsmouth city, Virginia!!Public Coverage!!Margin of Error","Portsmouth city, Virginia!!Percent Public Coverage!!Estimate","Portsmouth city, Virginia!!Percent Public Coverage!!Margin of Error","Richmond city, Virginia!!Total!!Estimate","Richmond city, Virginia!!Total!!Margin of Error","Richmond city, Virginia!!Public Coverage!!Estimate","Richmond city, Virginia!!Public Coverage!!Margin of Error","Richmond city, Virginia!!Percent Public Coverage!!Estimate","Richmond city, Virginia!!Percent Public Coverage!!Margin of Error","Roanoke city, Virginia!!Total!!Estimate","Roanoke city, Virginia!!Total!!Margin of Error","Roanoke city, Virginia!!Public Coverage!!Estimate","Roanoke city, Virginia!!Public Coverage!!Margin of Error","Roanoke city, Virginia!!Percent Public Coverage!!Estimate","Roanoke city, Virginia!!Percent Public Coverage!!Margin of Error","Suffolk city, Virginia!!Total!!Estimate","Suffolk city, Virginia!!Total!!Margin of Error","Suffolk city, Virginia!!Public Coverage!!Estimate","Suffolk city, Virginia!!Public Coverage!!Margin of Error","Suffolk city, Virginia!!Percent Public Coverage!!Estimate","Suffolk city, Virginia!!Percent Public Coverage!!Margin of Error","Virginia Beach city, Virginia!!Total!!Estimate","Virginia Beach city, Virginia!!Total!!Margin of Error","Virginia Beach city, Virginia!!Public Coverage!!Estimate","Virginia Beach city, Virginia!!Public Coverage!!Margin of Error","Virginia Beach city, Virginia!!Percent Public Coverage!!Estimate","Virginia Beach city, Virginia!!Percent Public Coverage!!Margin of Error","United States!!Total!!Estimate","United States!!Total!!Margin of Error","United States!!Public Coverage!!Estimate","United States!!Public Coverage!!Margin of Error","United States!!Percent Public Coverage!!Estimate","United States!!Percent Public Coverage!!Margin of Error"
"Civilian noninstitutionalized population","107,798","±1,029","30,140","±2,703","28.0%","±2.5","231,652","±1,441","40,358","±3,974","17.4%","±1.7","70,347","±2,183","25,650","±2,049","36.5%","±3.1","78,658","±200","31,625","±2,792","40.2%","±3.5","349,587","±1,137","98,117","±4,845","28.1%","±1.4","1,131,979","±2,449","248,897","±8,889","22.0%","±0.8","70,793","±305","17,088","±1,841","24.1%","±2.6","88,159","±438","26,725","±2,313","30.3%","±2.6","107,504","±257","30,256","±2,514","28.1%","±2.3","328,119","±915","96,847","±6,200","29.5%","±1.9","74,716","±1,017","27,923","±2,376","37.4%","±3.2","411,654","±1,024","63,875","±4,730","15.5%","±1.1","97,820","±372","24,442","±3,033","25.0%","±3.1","462,205","±1,402","101,704","±5,633","22.0%","±1.2","92,347","±984","28,916","±2,202","31.3%","±2.4","81,512","±355","28,501","±1,601","35.0%","±1.9","134,977","±843","38,135","±2,638","28.3%","±2.0","147,226","±1,473","34,633","±3,138","23.5%","±2.2","64,226","±1,301","17,684","±1,777","27.5%","±2.9","155,298","±1,150","34,800","±3,140","22.4%","±2.0","232,910","±2,284","68,401","±4,571","29.4%","±1.9","127,175","±1,699","52,595","±3,766","41.4%","±2.9","80,666","±878","27,433","±3,575","34.0%","±4.4","168,900","±2,123","65,856","±4,739","39.0%","±2.8","212,766","±2,811","78,788","±4,413","37.0%","±2.1","88,329","±2,111","37,627","±3,351","42.6%","±3.4","228,222","±806","81,719","±5,084","35.8%","±2.2","98,137","±352","41,274","±3,649","42.1%","±3.7","89,660","±863","32,267","±3,080","36.0%","±3.4","423,796","±3,477","114,395","±5,987","27.0%","±1.4","323,120,678","±17,674","114,314,962","±222,364","35.4%","±0.1"
"COVERAGE ALONE OR IN COMBINATION","","","","","","","","","","","","","","","","","","","","","","","","","","","","","","","","","","","","","","","","","","","","","","","","","","","","","","","","","","","","","","","","","","","","","","","","","","","","","","","","","","","","","","","","","","","","","","","","","","","","","","","","","","","","","","","","","","","","","","","","","","","","","","","","","","","","","","","","","","","","","","","","","","","","","","","","","","","","","","","","","","","","","","","","","","","","","","","","","","","","","","","","","",""
"    Medicare coverage alone or in combination","(X)","(X)","21,594","±1,011","20.0%","±1.0","(X)","(X)","27,361","±2,364","11.8%","±1.0","(X)","(X)","17,693","±700","25.2%","±1.3","(X)","(X)","19,582","±1,059","24.9%","±1.3","(X)","(X)","55,739","±1,816","15.9%","±0.5","(X)","(X)","157,647","±2,985","13.9%","±0.3","(X)","(X)","12,076","±718","17.1%","±1.0","(X)","(X)","19,526","±1,393","22.1%","±1.6","(X)","(X)","20,820","±1,000","19.4%","±0.9","(X)","(X)","55,374","±2,040","16.9%","±0.6","(X)","(X)","20,180","±1,009","27.0%","±1.4","(X)","(X)","37,825","±1,353","9.2%","±0.3","(X)","(X)","17,016","±2,089","17.4%","±2.1","(X)","(X)","49,558","±1,939","10.7%","±0.4","(X)","(X)","21,758","±1,261","23.6%","±1.3","(X)","(X)","17,330","±945","21.3%","±1.2","(X)","(X)","22,404","±1,116","16.6%","±0.8","(X)","(X)","16,427","±925","11.2%","±0.7","(X)","(X)","11,509","±665","17.9%","±1.1","(X)","(X)","17,876","±1,215","11.5%","±0.8","(X)","(X)","37,520","±2,239","16.1%","±0.9","(X)","(X)","26,095","±1,486","20.5%","±1.2","(X)","(X)","12,681","±804","15.7%","±1.0","(X)","(X)","27,844","±1,343","16.5%","±0.8","(X)","(X)","32,466","±1,793","15.3%","±0.9","(X)","(X)","17,223","±1,265","19.5%","±1.4","(X)","(X)","36,497","±1,740","16.0%","±0.8","(X)","(X)","19,185","±1,256","19.5%","±1.3","(X)","(X)","15,689","±812","17.5%","±0.9","(X)","(X)","69,402","±1,909","16.4%","±0.4","(X)","(X)","58,327,219","±59,455","18.1%","±0.1"
"        Under 19","25,264","±1,000","0","±208","0.0%","±0.7","44,563","±749","1,715","±1,285","3.8%","±2.9","13,386","±791","29","±51","0.2%","±0.4","17,279","±752","44","±70","0.3%","±0.4","87,069","±957","256","±263","0.3%","±0.3","281,815","±1,644","3,080","±1,417","1.1%","±0.5","17,442","±485","27","±51","0.2%","±0.3","21,136","±447","845","±852","4.0%","±4.0","25,667","±848","411","±375","1.6%","±1.5","77,612","±945","239","±280","0.3%","±0.4","15,784","±630","0","±208","0.0%","±1.1","121,652","±1,517","295","±290","0.2%","±0.2","18,708","±1,048","1,341","±1,332","7.2%","±7.2","132,141","±1,171","325","±350","0.2%","±0.3","21,085","±825","0","±208","0.0%","±0.8","18,909","±408","0","±208","0.0%","±0.9","36,175","±967","0","±208","0.0%","±0.5","40,936","±539","33","±59","0.1%","±0.1","16,905","±429","0","±208","0.0%","±1.1","30,139","±592","116","±214","0.4%","±0.7","62,939","±1,492","847","±913","1.3%","±1.5","31,260","±1,357","195","±274","0.6%","±0.9","18,734","±1,139","0","±208","0.0%","±1.0","44,469","±786","746","±565","1.7%","±1.3","51,611","±1,107","334","±289","0.6%","±0.6","22,022","±457","197","±300","0.9%","±1.4","43,057","±1,017","433","±487","1.0%","±1.1","22,771","±977","38","±64","0.2%","±0.3","23,793","±670","254","±227","1.1%","±1.0","103,934","±1,075","333","±318","0.3%","±0.3","77,350,432","±52,527","475,670","±17,504","0.6%","±0.1"
"        19 to 64 years","61,669","±1,498","1,388","±496","2.3%","±0.8","161,585","±1,700","2,373","±1,080","1.5%","±0.7","40,334","±1,716","1,247","±507","3.1%","±1.3","44,327","±1,005","2,866","±920","6.5%","±2.1","208,659","±1,309","4,515","±1,335","2.2%","±0.6","691,021","±3,213","8,859","±1,755","1.3%","±0.3","41,446","±676","895","±450","2.2%","±1.1","51,174","±668","3,326","±1,089","6.5%","±2.1","62,380","±999","1,634","±640","2.6%","±1.0","197,819","±1,509","5,809","±1,490","2.9%","±0.8","39,103","±1,274","1,025","±613","2.6%","±1.5","250,250","±1,641","1,810","±728","0.7%","±0.3","66,553","±1,117","3,199","±1,088","4.8%","±1.6","281,764","±1,635","5,043","±1,378","1.8%","±0.5","51,041","±1,137","2,292","±980","4.5%","±1.9","46,792","±690","1,758","±749","3.8%","±1.6","79,095","±1,385","3,095","±928","3.9%","±1.2","90,086","±1,706","1,163","±619","1.3%","±0.7","36,377","±1,401","922","±340","2.5%","±0.9","107,053","±1,515","1,340","±656","1.3%","±0.6","137,522","±2,562","5,096","±1,749","3.7%","±1.3","74,748","±2,047","5,141","±1,413","6.9%","±1.9","50,969","±1,555","1,903","±648","3.7%","±1.2","100,632","±2,158","3,870","±1,097","3.8%","±1.1","133,587","±2,892","5,551","±1,362","4.2%","±1.0","52,361","±2,097","3,350","±1,014","6.4%","±1.9","154,137","±1,471","6,453","±1,629","4.2%","±1.1","59,608","±1,076","3,680","±1,135","6.2%","±1.9","52,281","±1,105","2,265","±685","4.3%","±1.3","254,457","±2,961","6,594","±1,357","2.6%","±0.5","192,987,829","±49,706","7,295,947","±48,655","3.8%","±0.1"
"        65 years and over","20,865","±700","20,206","±782","96.8%","±1.6","25,504","±909","23,273","±1,267","91.3%","±3.4","16,627","±551","16,417","±397","98.7%","±1.5","17,052","±669","16,672","±700","97.8%","±1.5","53,859","±617","50,968","±1,152","94.6%","±1.7","159,143","±668","145,708","±1,860","91.6%","±1.2","11,905","±429","11,154","±482","93.7%","±2.7","15,849","±334","15,355","±449","96.9%","±1.8","19,457","±443","18,775","±502","96.5%","±1.7","52,688","±991","49,326","±1,205","93.6%","±2.2","19,829","±639","19,155","±943","96.6%","±3.4","39,752","±293","35,720","±961","89.9%","±2.4","12,559","±361","12,476","±410","99.3%","±1.1","48,300","±382","44,190","±1,245","91.5%","±2.4","20,221","±685","19,466","±693","96.3%","±2.3","15,811","±480","15,572","±521","98.5%","±1.1","19,707","±513","19,309","±502","98.0%","±1.4","16,204","±494","15,231","±671","94.0%","±2.8","10,944","±588","10,587","±555","96.7%","±2.5","18,106","±861","16,420","±1,055","90.7%","±4.0","32,449","±699","31,577","±811","97.3%","±1.6","21,167","±332","20,759","±413","98.1%","±1.3","10,963","±277","10,778","±364","98.3%","±1.8","23,799","±581","23,228","±657","97.6%","±1.5","27,568","±697","26,581","±771","96.4%","±1.6","13,946","±439","13,676","±564","98.1%","±1.7","31,028","±830","29,611","±696","95.4%","±2.7","15,758","±543","15,467","±591","98.2%","±1.6","13,586","±251","13,170","±379","96.9%","±2.0","65,405","±502","62,475","±1,164","95.5%","±1.4","52,782,417","±26,301","50,555,602","±40,581","95.8%","±0.1"
"    Medicaid/means-tested public coverage alone or in combination","(X)","(X)","8,125","±2,471","7.5%","±2.3","(X)","(X)","13,777","±3,820","5.9%","±1.6","(X)","(X)","7,869","±1,921","11.2%","±2.7","(X)","(X)","13,640","±2,912","17.3%","±3.7","(X)","(X)","40,091","±4,513","11.5%","±1.3","(X)","(X)","91,505","±7,976","8.1%","±0.7","(X)","(X)","5,477","±1,652","7.7%","±2.3","(X)","(X)","8,425","±1,946","9.6%","±2.2","(X)","(X)","9,761","±2,272","9.1%","±2.1","(X)","(X)","45,748","±6,067","13.9%","±1.8","(X)","(X)","6,750","±2,101","9.0%","±2.8","(X)","(X)","25,517","±4,074","6.2%","±1.0","(X)","(X)","8,394","±2,579","8.6%","±2.6","(X)","(X)","45,838","±5,173","9.9%","±1.1","(X)","(X)","7,755","±2,049","8.4%","±2.2","(X)","(X)","12,288","±1,496","15.1%","±1.8","(X)","(X)","15,378","±2,473","11.4%","±1.8","(X)","(X)","14,120","±2,623","9.6%","±1.8","(X)","(X)","3,823","±1,358","6.0%","±2.1","(X)","(X)","17,089","±2,838","11.0%","±1.8","(X)","(X)","30,357","±4,156","13.0%","±1.7","(X)","(X)","26,424","±3,836","20.8%","±3.0","(X)","(X)","14,850","±3,460","18.4%","±4.3","(X)","(X)","38,217","±4,593","22.6%","±2.7","(X)","(X)","47,521","±4,301","22.3%","±2.0","(X)","(X)","22,263","±3,217","25.2%","±3.5","(X)","(X)","49,501","±4,884","21.7%","±2.2","(X)","(X)","24,360","±3,707","24.8%","±3.8","(X)","(X)","16,987","±2,954","18.9%","±3.3","(X)","(X)","40,653","±5,795","9.6%","±1.3","(X)","(X)","64,077,172","±247,116","19.8%","±0.1"
"        Under 19","25,264","±1,000","4,099","±1,356","16.2%","±5.4","44,563","±749","7,322","±2,352","16.4%","±5.2","13,386","±791","3,857","±1,264","28.8%","±9.4","17,279","±752","7,207","±1,639","41.7%","±9.2","87,069","±957","21,687","±3,109","24.9%","±3.6","281,815","±1,644","49,681","±5,166","17.6%","±1.8","17,442","±485","2,673","±1,034","15.3%","±6.0","21,136","±447","3,507","±1,146","16.6%","±5.4","25,667","±848","4,292","±1,496","16.7%","±5.6","77,612","±945","23,358","±3,779","30.1%","±4.8","15,784","±630","3,094","±1,313","19.6%","±8.2","121,652","±1,517","14,900","±2,984","12.2%","±2.4","18,708","±1,048","2,507","±918","13.4%","±5.0","132,141","±1,171","28,591","±3,735","21.6%","±2.8","21,085","±825","3,220","±1,162","15.3%","±5.5","18,909","±408","6,284","±1,013","33.2%","±5.3","36,175","±967","8,327","±1,777","23.0%","±4.8","40,936","±539","8,002","±1,982","19.5%","±4.8","16,905","±429","1,840","±838","10.9%","±4.9","30,139","±592","9,534","±2,194","31.6%","±7.2","62,939","±1,492","16,278","±2,712","25.9%","±4.3","31,260","±1,357","13,528","±2,571","43.3%","±7.7","18,734","±1,139","5,375","±1,682","28.7%","±9.1","44,469","±786","19,523","±2,803","43.9%","±6.2","51,611","±1,107","22,346","±2,333","43.3%","±4.5","22,022","±457","10,733","±1,734","48.7%","±7.6","43,057","±1,017","21,246","±2,812","49.3%","±6.4","22,771","±977","12,428","±2,486","54.6%","±10.9","23,793","±670","8,582","±1,810","36.1%","±7.3","103,934","±1,075","19,169","±3,606","18.4%","±3.4","77,350,432","±52,527","29,101,514","±162,736","37.6%","±0.2"
"        19 to 64 years","61,669","±1,498","3,417","±1,329","5.5%","±2.2","161,585","±1,700","5,076","±1,707","3.1%","±1.1","40,334","±1,716","3,107","±927","7.7%","±2.3","44,327","±1,005","4,888","±1,467","11.0%","±3.3","208,659","±1,309","15,857","±2,279","7.6%","±1.1","691,021","±3,213","28,390","±3,757","4.1%","±0.5","41,446","±676","1,919","±796","4.6%","±1.9","51,174","±668","3,734","±1,123","7.3%","±2.2","62,380","±999","4,287","±1,246","6.9%","±2.0","197,819","±1,509","17,274","±3,202","8.7%","±1.6","39,103","±1,274","3,145","±1,082","8.0%","±2.8","250,250","±1,641","7,253","±1,682","2.9%","±0.7","66,553","±1,117","5,097","±2,116","7.7%","±3.2","281,764","±1,635","13,233","±2,225","4.7%","±0.8","51,041","±1,137","3,651","±1,224","7.2%","±2.4","46,792","±690","4,537","±928","9.7%","±2.0","79,095","±1,385","5,921","±1,195","7.5%","±1.5","90,086","±1,706","5,122","±1,266","5.7%","±1.4","36,377","±1,401","1,557","±783","4.3%","±2.2","107,053","±1,515","5,718","±1,353","5.3%","±1.3","137,522","±2,562","11,894","±2,048","8.6%","±1.5","74,748","±2,047","10,601","±1,952","14.2%","±2.6","50,969","±1,555","8,674","±2,499","17.0%","±4.9","100,632","±2,158","15,587","±2,603","15.5%","±2.5","133,587","±2,892","20,661","±2,563","15.5%","±2.0","52,361","±2,097","9,556","±1,982","18.3%","±3.6","154,137","±1,471","24,221","±3,210","15.7%","±2.1","59,608","±1,076","10,432","±1,874","17.5%","±3.1","52,281","±1,105","6,899","±1,555","13.2%","±3.0","254,457","±2,961","17,549","±2,755","6.9%","±1.1","192,987,829","±49,706","27,752,633","±101,714","14.4%","±0.1"
"        65 years and over","20,865","±700","609","±339","2.9%","±1.6","25,504","±909","1,379","±696","5.4%","±2.8","16,627","±551","905","±563","5.4%","±3.3","17,052","±669","1,545","±732","9.1%","±4.2","53,859","±617","2,547","±744","4.7%","±1.4","159,143","±668","13,434","±1,684","8.4%","±1.1","11,905","±429","885","±398","7.4%","±3.3","15,849","±334","1,184","±534","7.5%","±3.4","19,457","±443","1,182","±534","6.1%","±2.8","52,688","±991","5,116","±1,374","9.7%","±2.6","19,829","±639","511","±412","2.6%","±2.1","39,752","±293","3,364","±829","8.5%","±2.1","12,559","±361","790","±728","6.3%","±5.8","48,300","±382","4,014","±1,090","8.3%","±2.3","20,221","±685","884","±423","4.4%","±2.1","15,811","±480","1,467","±586","9.3%","±3.6","19,707","±513","1,130","±591","5.7%","±3.0","16,204","±494","996","±372","6.1%","±2.3","10,944","±588","426","±237","3.9%","±2.1","18,106","±861","1,837","±719","10.1%","±3.7","32,449","±699","2,185","±690","6.7%","±2.1","21,167","±332","2,295","±726","10.8%","±3.4","10,963","±277","801","±398","7.3%","±3.6","23,799","±581","3,107","±977","13.1%","±4.1","27,568","±697","4,514","±935","16.4%","±3.4","13,946","±439","1,974","±561","14.2%","±3.9","31,028","±830","4,034","±1,017","13.0%","±3.4","15,758","±543","1,500","±663","9.5%","±4.2","13,586","±251","1,506","±495","11.1%","±3.6","65,405","±502","3,935","±932","6.0%","±1.4","52,782,417","±26,301","7,223,025","±47,156","13.7%","±0.1"
"    VA health care coverage alone or in combination","(X)","(X)","2,665","±849","2.5%","±0.8","(X)","(X)","3,868","±1,017","1.7%","±0.4","(X)","(X)","2,897","±910","4.1%","±1.3","(X)","(X)","2,303","±757","2.9%","±1.0","(X)","(X)","10,823","±2,264","3.1%","±0.6","(X)","(X)","22,110","±2,738","2.0%","±0.2","(X)","(X)","1,025","±407","1.4%","±0.6","(X)","(X)","2,618","±823","3.0%","±0.9","(X)","(X)","2,371","±1,090","2.2%","±1.0","(X)","(X)","5,704","±1,192","1.7%","±0.4","(X)","(X)","2,801","±833","3.7%","±1.1","(X)","(X)","6,567","±1,536","1.6%","±0.4","(X)","(X)","2,612","±872","2.7%","±0.9","(X)","(X)","14,984","±1,965","3.2%","±0.4","(X)","(X)","3,009","±919","3.3%","±1.0","(X)","(X)","2,332","±681","2.9%","±0.8","(X)","(X)","4,247","±961","3.1%","±0.7","(X)","(X)","6,990","±1,408","4.7%","±1.0","(X)","(X)","4,004","±1,133","6.2%","±1.8","(X)","(X)","3,518","±1,079","2.3%","±0.7","(X)","(X)","7,563","±1,378","3.2%","±0.6","(X)","(X)","7,513","±1,682","5.9%","±1.3","(X)","(X)","2,455","±1,164","3.0%","±1.4","(X)","(X)","8,193","±1,817","4.9%","±1.1","(X)","(X)","8,610","±1,310","4.0%","±0.6","(X)","(X)","3,821","±818","4.3%","±0.9","(X)","(X)","6,199","±1,168","2.7%","±0.5","(X)","(X)","2,708","±931","2.8%","±0.9","(X)","(X)","3,082","±842","3.4%","±0.9","(X)","(X)","16,682","±2,187","3.9%","±0.5","(X)","(X)","7,246,603","±56,543","2.2%","±0.1"
"        Under 19","25,264","±1,000","129","±175","0.5%","±0.7","44,563","±749","371","±422","0.8%","±1.0","13,386","±791","128","±227","1.0%","±1.7","17,279","±752","78","±120","0.5%","±0.7","87,069","±957","908","±726","1.0%","±0.8","281,815","±1,644","972","±592","0.3%","±0.2","17,442","±485","87","±145","0.5%","±0.8","21,136","±447","266","±244","1.3%","±1.2","25,667","±848","0","±208","0.0%","±0.7","77,612","±945","138","±185","0.2%","±0.2","15,784","±630","80","±132","0.5%","±0.8","121,652","±1,517","878","±554","0.7%","±0.5","18,708","±1,048","0","±208","0.0%","±1.0","132,141","±1,171","485","±353","0.4%","±0.3","21,085","±825","99","±148","0.5%","±0.7","18,909","±408","144","±205","0.8%","±1.1","36,175","±967","127","±200","0.4%","±0.6","40,936","±539","216","±214","0.5%","±0.5","16,905","±429","131","±235","0.8%","±1.4","30,139","±592","200","±247","0.7%","±0.8","62,939","±1,492","554","±748","0.9%","±1.2","31,260","±1,357","382","±450","1.2%","±1.4","18,734","±1,139","301","±389","1.6%","±2.1","44,469","±786","661","±504","1.5%","±1.1","51,611","±1,107","513","±395","1.0%","±0.8","22,022","±457","300","±287","1.4%","±1.3","43,057","±1,017","475","±346","1.1%","±0.8","22,771","±977","410","±338","1.8%","±1.5","23,793","±670","230","±209","1.0%","±0.9","103,934","±1,075","483","±405","0.5%","±0.4","77,350,432","±52,527","127,505","±8,949","0.2%","±0.1"
"        19 to 64 years","61,669","±1,498","1,222","±646","2.0%","±1.0","161,585","±1,700","2,621","±786","1.6%","±0.5","40,334","±1,716","1,234","±565","3.1%","±1.4","44,327","±1,005","1,143","±621","2.6%","±1.4","208,659","±1,309","6,343","±1,720","3.0%","±0.8","691,021","±3,213","15,794","±2,372","2.3%","±0.3","41,446","±676","505","±309","1.2%","±0.7","51,174","±668","658","±419","1.3%","±0.8","62,380","±999","1,802","±1,069","2.9%","±1.7","197,819","±1,509","3,690","±997","1.9%","±0.5","39,103","±1,274","1,597","±685","4.1%","±1.8","250,250","±1,641","4,100","±1,221","1.6%","±0.5","66,553","±1,117","1,717","±846","2.6%","±1.3","281,764","±1,635","11,061","±1,749","3.9%","±0.6","51,041","±1,137","1,033","±503","2.0%","±1.0","46,792","±690","1,068","±507","2.3%","±1.1","79,095","±1,385","3,032","±908","3.8%","±1.2","90,086","±1,706","5,704","±1,367","6.3%","±1.5","36,377","±1,401","3,268","±1,035","9.0%","±2.9","107,053","±1,515","2,249","±792","2.1%","±0.7","137,522","±2,562","4,912","±1,036","3.6%","±0.8","74,748","±2,047","4,824","±1,411","6.5%","±1.9","50,969","±1,555","1,254","±659","2.5%","±1.3","100,632","±2,158","5,074","±1,533","5.0%","±1.5","133,587","±2,892","5,592","±1,108","4.2%","±0.9","52,361","±2,097","2,304","±743","4.4%","±1.4","154,137","±1,471","3,144","±953","2.0%","±0.6","59,608","±1,076","1,227","±721","2.1%","±1.2","52,281","±1,105","1,968","±713","3.8%","±1.3","254,457","±2,961","11,101","±1,666","4.4%","±0.7","192,987,829","±49,706","3,239,267","±39,806","1.7%","±0.1"
"        65 years and over","20,865","±700","1,314","±505","6.3%","±2.4","25,504","±909","876","±424","3.4%","±1.7","16,627","±551","1,535","±626","9.2%","±3.8","17,052","±669","1,082","±430","6.3%","±2.5","53,859","±617","3,572","±784","6.6%","±1.5","159,143","±668","5,344","±942","3.4%","±0.6","11,905","±429","433","±191","3.6%","±1.6","15,849","±334","1,694","±670","10.7%","±4.2","19,457","±443","569","±256","2.9%","±1.3","52,688","±991","1,876","±688","3.6%","±1.3","19,829","±639","1,124","±520","5.7%","±2.6","39,752","±293","1,589","±531","4.0%","±1.3","12,559","±361","895","±456","7.1%","±3.6","48,300","±382","3,438","±721","7.1%","±1.5","20,221","±685","1,877","±645","9.3%","±3.3","15,811","±480","1,120","±403","7.1%","±2.5","19,707","±513","1,088","±410","5.5%","±2.0","16,204","±494","1,070","±417","6.6%","±2.6","10,944","±588","605","±413","5.5%","±3.8","18,106","±861","1,069","±501","5.9%","±2.7","32,449","±699","2,097","±697","6.5%","±2.1","21,167","±332","2,307","±655","10.9%","±3.1","10,963","±277","900","±387","8.2%","±3.5","23,799","±581","2,458","±732","10.3%","±3.1","27,568","±697","2,505","±713","9.1%","±2.5","13,946","±439","1,217","±394","8.7%","±2.8","31,028","±830","2,580","±675","8.3%","±2.2","15,758","±543","1,071","±393","6.8%","±2.5","13,586","±251","884","±322","6.5%","±2.4","65,405","±502","5,098","±1,135","7.8%","±1.7","52,782,417","±26,301","3,879,831","±34,202","7.4%","±0.1"
"PUBLIC HEALTH INSURANCE ALONE OR IN COMBINATION","","","","","","","","","","","","","","","","","","","","","","","","","","","","","","","","","","","","","","","","","","","","","","","","","","","","","","","","","","","","","","","","","","","","","","","","","","","","","","","","","","","","","","","","","","","","","","","","","","","","","","","","","","","","","","","","","","","","","","","","","","","","","","","","","","","","","","","","","","","","","","","","","","","","","","","","","","","","","","","","","","","","","","","","","","","","","","","","","","","","","","","","","",""
"    Below 138 percent of the poverty threshold","9,680","±2,337","4,500","±2,029","46.5%","±14.2","25,439","±4,775","12,662","±3,574","49.8%","±8.6","6,714","±1,768","4,185","±1,566","62.3%","±13.4","14,346","±3,424","9,826","±2,981","68.5%","±8.9","36,986","±6,181","20,619","±3,758","55.7%","±6.3","105,022","±12,303","47,972","±7,493","45.7%","±4.6","6,654","±2,365","2,486","±1,222","37.4%","±12.6","8,544","±2,670","5,897","±2,153","69.0%","±12.1","9,316","±2,421","4,955","±1,674","53.2%","±12.8","45,758","±6,401","30,178","±5,209","66.0%","±7.0","5,399","±1,777","3,385","±1,440","62.7%","±18.7","24,356","±5,144","11,877","±3,098","48.8%","±7.6","25,859","±4,179","6,785","±2,593","26.2%","±8.4","43,977","±7,015","20,086","±4,039","45.7%","±5.7","8,941","±2,225","5,830","±1,794","65.2%","±14.6","11,462","±2,900","7,061","±1,699","61.6%","±9.8","13,188","±3,077","8,490","±2,494","64.4%","±9.6","14,152","±3,690","7,233","±2,387","51.1%","±9.8","4,961","±1,616","3,412","±1,407","68.8%","±14.7","19,490","±3,771","11,506","±2,588","59.0%","±8.7","29,342","±5,393","16,338","±3,931","55.7%","±10.4","25,593","±4,419","18,720","±3,778","73.1%","±6.9","14,540","±3,264","7,151","±2,717","49.2%","±12.9","37,089","±5,791","26,581","±4,865","71.7%","±5.1","55,491","±4,440","33,677","±3,789","60.7%","±5.4","21,433","±3,992","14,790","±3,216","69.0%","±7.0","58,367","±6,477","35,852","±5,500","61.4%","±4.5","28,554","±3,835","18,169","±3,361","63.6%","±8.2","12,708","±3,137","10,527","±2,657","82.8%","±5.3","46,029","±5,377","22,761","±4,239","49.4%","±6.8","58,863,556","±320,047","37,755,246","±214,053","64.1%","±0.1"
"    At or above 138 percent of the poverty threshold","92,107","±2,480","24,919","±2,015","27.1%","±2.2","205,520","±4,901","27,471","±2,392","13.4%","±1.1","63,446","±2,608","21,402","±1,850","33.7%","±2.9","63,890","±3,422","21,394","±1,756","33.5%","±2.6","309,223","±6,163","76,954","±4,595","24.9%","±1.4","1,018,905","±12,713","198,507","±7,389","19.5%","±0.7","64,139","±2,370","14,602","±1,549","22.8%","±2.5","79,258","±2,672","20,647","±1,847","26.1%","±2.1","96,510","±2,543","24,721","±1,812","25.6%","±1.9","281,778","±6,330","66,368","±4,555","23.6%","±1.6","69,259","±2,019","24,480","±2,242","35.3%","±3.1","385,876","±5,292","51,202","±4,122","13.3%","±1.0","62,753","±3,650","17,121","±1,946","27.3%","±3.5","415,436","±7,740","79,405","±4,923","19.1%","±1.1","82,654","±2,514","23,035","±1,906","27.9%","±2.2","68,584","±2,952","21,105","±1,507","30.8%","±1.9","121,024","±3,415","29,087","±2,339","24.0%","±1.7","132,268","±4,145","27,081","±2,635","20.5%","±1.9","59,144","±1,876","14,151","±1,573","23.9%","±2.7","134,894","±3,780","22,738","±2,508","16.9%","±1.8","202,301","±5,580","51,460","±3,566","25.4%","±1.7","98,313","±4,436","33,387","±2,674","34.0%","±2.6","57,834","±3,486","19,432","±2,985","33.6%","±4.5","128,573","±5,950","39,159","±4,574","30.5%","±3.2","149,723","±5,025","43,094","±3,185","28.8%","±2.1","66,880","±4,010","22,821","±2,376","34.1%","±3.1","160,939","±6,395","43,702","±3,978","27.2%","±2.1","68,887","±3,846","22,965","±2,362","33.3%","±3.6","76,690","±3,289","21,693","±2,578","28.3%","±3.2","375,593","±6,257","90,834","±5,100","24.2%","±1.3","260,361,035","±323,117","75,602,901","±165,164","29.0%","±0.1"
"    Worked full-time, year-round (19-64 years)","36,305","±1,988","1,102","±571","3.0%","±1.6","113,284","±3,774","3,446","±1,011","3.0%","±0.9","24,996","±2,146","1,553","±582","6.2%","±2.4","26,498","±1,499","2,881","±1,053","10.9%","±3.9","126,973","±3,569","6,979","±1,402","5.5%","±1.1","436,555","±7,260","17,785","±2,259","4.1%","±0.5","25,847","±1,645","752","±371","2.9%","±1.4","29,867","±1,863","720","±405","2.4%","±1.4","38,687","±1,931","1,699","±687","4.4%","±1.8","126,765","±4,137","7,507","±1,754","5.9%","±1.4","23,888","±1,734","2,497","±840","10.5%","±3.3","169,690","±3,744","4,806","±1,563","2.8%","±0.9","28,650","±2,799","885","±508","3.1%","±1.8","170,497","±5,542","9,246","±1,511","5.4%","±0.9","33,550","±2,212","1,565","±746","4.7%","±2.2","27,830","±1,927","1,552","±627","5.6%","±2.2","48,019","±2,685","2,298","±758","4.8%","±1.6","54,520","±2,545","4,914","±1,286","9.0%","±2.4","22,209","±1,609","2,461","±817","11.1%","±3.8","75,550","±3,361","2,730","±909","3.6%","±1.2","79,291","±4,056","6,230","±1,431","7.9%","±1.8","41,956","±2,627","5,340","±1,290","12.7%","±3.0","26,590","±2,297","3,413","±1,178","12.8%","±4.4","59,933","±2,923","7,748","±1,704","12.9%","±2.8","67,710","±3,687","7,421","±1,180","11.0%","±1.7","28,039","±2,308","2,222","±652","7.9%","±2.4","82,549","±3,991","5,104","±1,291","6.2%","±1.6","35,775","±2,328","2,300","±753","6.4%","±2.1","31,849","±2,051","1,991","±773","6.3%","±2.4","153,559","±5,153","11,293","±1,859","7.4%","±1.2","109,214,198","±121,195","8,067,480","±59,599","7.4%","±0.1"
"    Under 6","6,237","±621","1,383","±613","22.2%","±9.1","15,190","±494","2,758","±1,022","18.2%","±6.8","4,331","±582","1,452","±724","33.5%","±16.1","4,840","±664","2,437","±851","50.4%","±15.0","25,200","±1,059","7,588","±1,360","30.1%","±5.2","84,375","±1,947","19,712","±3,245","23.4%","±3.7","4,503","±509","866","±515","19.2%","±11.2","6,013","±701","1,236","±609","20.6%","±9.0","5,666","±564","1,735","±740","30.6%","±12.5","21,636","±1,292","7,462","±2,194","34.5%","±9.5","4,561","±1,026","1,772","±981","38.9%","±16.9","33,918","±1,171","4,864","±1,462","14.3%","±4.2","4,625","±558","1,725","±856","37.3%","±16.7","40,046","±1,436","11,363","±2,389","28.4%","±5.6","5,263","±757","1,027","±566","19.5%","±11.1","5,762","±656","2,118","±666","36.8%","±11.3","10,914","±836","2,281","±711","20.9%","±6.0","12,191","±928","3,283","±1,290","26.9%","±10.2","4,885","±730","823","±632","16.8%","±12.5","11,895","±429","3,036","±1,211","25.5%","±9.9","19,319","±1,484","6,077","±1,688","31.5%","±7.5","8,952","±829","3,469","±928","38.8%","±10.4","5,925","±606","2,185","±738","36.9%","±11.9","15,555","±893","6,314","±1,338","40.6%","±8.2","18,831","±1,056","7,880","±1,358","41.8%","±7.0","8,064","±869","4,357","±1,171","54.0%","±13.8","15,858","±1,079","8,632","±1,273","54.4%","±7.2","7,620","±898","4,845","±1,271","63.6%","±14.2","7,108","±538","2,918","±830","41.1%","±11.5","34,054","±1,470","5,410","±1,605","15.9%","±4.7","23,282,008","±42,108","9,826,492","±73,182","42.2%","±0.3"
"    6 to 18 years","19,027","±1,150","2,845","±1,196","15.0%","±6.4","29,373","±940","5,700","±1,720","19.4%","±5.7","9,055","±797","2,533","±873","28.0%","±9.3","12,439","±1,067","4,848","±1,418","39.0%","±10.2","61,869","±1,299","14,879","±2,791","24.0%","±4.4","197,440","±2,677","33,428","±3,908","16.9%","±2.0","12,939","±696","1,921","±729","14.8%","±5.8","15,123","±807","3,110","±970","20.6%","±6.8","20,001","±1,093","2,802","±1,300","14.0%","±6.3","55,976","±1,668","15,963","±3,033","28.5%","±5.2","11,223","±1,189","1,402","±681","12.5%","±5.9","87,734","±1,822","10,914","±2,507","12.4%","±2.8","14,083","±1,082","2,046","±870","14.5%","±6.6","92,095","±1,697","18,038","±2,955","19.6%","±3.1","15,822","±1,002","2,292","±1,050","14.5%","±7.0","13,147","±767","4,310","±924","32.8%","±6.6","25,261","±1,111","6,173","±1,498","24.4%","±6.1","28,745","±1,109","4,785","±1,350","16.6%","±4.5","12,020","±869","1,148","±702","9.6%","±5.8","18,244","±704","6,652","±1,838","36.5%","±9.6","43,620","±2,221","11,268","±2,607","25.8%","±5.8","22,308","±1,574","10,372","±2,093","46.5%","±8.3","12,809","±971","3,491","±1,308","27.3%","±10.2","28,914","±1,160","13,977","±2,229","48.3%","±7.3","32,780","±1,514","14,975","±1,981","45.7%","±5.5","13,958","±1,137","6,475","±1,275","46.4%","±7.7","27,199","±1,351","12,953","±2,184","47.6%","±7.8","15,151","±1,032","7,683","±1,987","50.7%","±13.3","16,685","±871","6,067","±1,480","36.4%","±8.4","69,880","±1,888","14,538","±2,957","20.8%","±4.2","54,068,424","±63,346","19,618,243","±120,744","36.3%","±0.2"
"    19 to 25 years","11,029","±1,160","788","±401","7.1%","±3.6","21,705","±1,558","736","±468","3.4%","±2.1","5,277","±784","564","±412","10.7%","±7.5","5,866","±1,259","720","±569","12.3%","±8.8","29,402","±1,154","2,887","±1,086","9.8%","±3.7","94,121","±2,438","6,747","±1,446","7.2%","±1.6","5,377","±697","380","±314","7.1%","±5.9","6,261","±1,135","836","±617","13.4%","±9.3","8,369","±809","1,113","±509","13.3%","±6.1","25,373","±2,040","2,403","±995","9.5%","±4.0","5,257","±1,002","684","±428","13.0%","±7.6","28,725","±1,710","1,473","±848","5.1%","±2.9","24,157","±1,509","973","±722","4.0%","±3.0","40,876","±2,212","3,578","±1,196","8.8%","±2.8","5,411","±957","89","±133","1.6%","±2.5","7,188","±1,082","1,283","±487","17.8%","±5.9","10,672","±927","981","±521","9.2%","±4.6","13,507","±1,524","1,296","±558","9.6%","±4.2","3,688","±1,215","326","±290","8.8%","±7.0","9,388","±1,254","1,116","±631","11.9%","±6.3","19,547","±2,045","1,428","±791","7.3%","±4.0","11,406","±1,626","2,402","±927","21.1%","±8.2","18,819","±1,475","3,614","±1,490","19.2%","±8.0","17,183","±1,786","3,551","±1,170","20.7%","±6.0","28,295","±2,429","4,764","±1,291","16.8%","±4.5","7,946","±1,216","1,072","±628","13.5%","±8.2","29,225","±1,953","5,077","±1,245","17.4%","±3.9","9,935","±1,451","1,538","±801","15.5%","±8.0","6,343","±824","1,258","±556","19.8%","±8.2","33,795","±2,375","2,715","±872","8.0%","±2.4","29,667,712","±59,633","4,978,662","±43,422","16.8%","±0.1"
"    26 to 34 years","11,699","±913","1,383","±790","11.8%","±6.6","49,667","±1,695","1,738","±747","3.5%","±1.5","6,470","±804","820","±429","12.7%","±6.5","7,098","±838","1,918","±1,017","27.0%","±13.7","38,835","±1,252","5,416","±1,277","13.9%","±3.3","133,407","±2,353","10,171","±1,873","7.6%","±1.4","7,202","±670","868","±401","12.1%","±5.3","9,554","±892","1,493","±710","15.6%","±7.3","9,437","±691","1,805","±925","19.1%","±9.6","43,716","±2,085","5,068","±1,600","11.6%","±3.6","6,178","±875","1,741","±709","28.2%","±11.1","43,027","±1,066","1,756","±810","4.1%","±1.9","12,251","±949","1,509","±741","12.3%","±6.2","52,432","±1,858","5,034","±1,221","9.6%","±2.4","9,934","±869","1,651","±696","16.6%","±7.2","8,335","±875","961","±472","11.5%","±5.6","13,909","±1,406","1,766","±587","12.7%","±3.9","14,895","±1,585","2,030","±934","13.6%","±6.3","6,184","±1,117","789","±515","12.8%","±7.9","30,713","±1,540","2,388","±834","7.8%","±2.8","23,514","±2,025","2,413","±983","10.3%","±4.1","16,912","±1,295","3,297","±905","19.5%","±5.4","10,519","±1,229","2,032","±737","19.3%","±6.6","24,270","±1,592","5,676","±1,522","23.4%","±6.3","31,098","±1,680","7,559","±1,644","24.3%","±5.2","11,620","±1,285","2,703","±1,064","23.3%","±8.7","44,683","±1,792","9,339","±2,024","20.9%","±4.3","12,323","±1,440","2,212","±963","18.0%","±7.6","10,570","±1,273","2,049","±747","19.4%","±7.2","56,048","±2,358","5,468","±1,103","9.8%","±1.9","39,837,331","±52,474","7,043,779","±47,067","17.7%","±0.1"
"    35 to 44 years","12,159","±722","939","±449","7.7%","±3.7","38,378","±993","2,269","±945","5.9%","±2.4","8,285","±963","1,215","±669","14.7%","±7.9","8,220","±450","1,317","±673","16.0%","±8.0","47,157","±807","6,023","±1,944","12.8%","±4.1","160,047","±1,372","10,972","±2,026","6.9%","±1.3","8,653","±862","376","±303","4.3%","±3.6","10,049","±754","832","±492","8.3%","±4.9","13,790","±1,011","957","±554","6.9%","±4.1","44,044","±1,166","5,460","±1,246","12.4%","±2.8","8,045","±1,080","1,236","±767","15.4%","±8.7","69,762","±667","3,060","±1,075","4.4%","±1.5","10,161","±742","2,358","±893","23.2%","±9.1","68,430","±754","5,505","±1,509","8.0%","±2.2","11,082","±714","1,114","±503","10.1%","±4.5","9,677","±879","1,590","±553","16.4%","±6.0","18,486","±1,088","2,485","±746","13.4%","±4.0","22,438","±1,154","2,281","±886","10.2%","±3.9","7,824","±1,470","1,072","±556","13.7%","±7.1","28,894","±1,446","1,209","±486","4.2%","±1.7","31,420","±1,799","4,976","±1,432","15.8%","±4.5","14,822","±902","3,467","±1,020","23.4%","±6.4","7,401","±713","2,021","±683","27.3%","±9.0","20,253","±955","4,854","±1,209","24.0%","±6.0","25,151","±1,226","4,815","±882","19.1%","±3.7","11,928","±678","3,358","±922","28.2%","±7.4","28,658","±1,165","4,030","±1,098","14.1%","±3.8","12,289","±1,416","2,886","±911","23.5%","±7.6","11,326","±1,016","2,319","±845","20.5%","±7.6","56,196","±1,674","6,745","±1,558","12.0%","±2.7","41,051,376","±34,501","6,551,625","±51,313","16.0%","±0.1"
"    45 to 54 years","12,711","±647","873","±434","6.9%","±3.4","28,559","±710","1,567","±853","5.5%","±3.0","9,131","±839","1,153","±626","12.6%","±6.4","10,234","±362","728","±444","7.1%","±4.3","46,656","±858","4,523","±1,222","9.7%","±2.6","157,403","±857","10,040","±2,130","6.4%","±1.4","9,594","±711","843","±547","8.8%","±5.7","12,300","±644","834","±446","6.8%","±3.7","14,385","±638","588","±470","4.1%","±3.1","43,090","±906","5,602","±1,493","13.0%","±3.5","8,760","±798","667","±475","7.6%","±5.4","64,634","±378","3,263","±1,063","5.0%","±1.6","10,191","±719","658","±446","6.5%","±4.3","66,085","±480","5,536","±1,102","8.4%","±1.7","11,999","±654","1,247","±677","10.4%","±5.7","10,487","±441","1,147","±354","10.9%","±3.3","18,033","±944","1,720","±660","9.5%","±3.7","21,036","±339","3,190","±936","15.2%","±4.4","8,655","±1,373","1,333","±547","15.4%","±7.1","19,670","±1,301","1,551","±656","7.9%","±3.4","31,323","±950","5,044","±1,222","16.1%","±4.0","13,603","±333","3,781","±954","27.8%","±6.8","6,434","±416","1,220","±483","19.0%","±7.6","17,930","±771","3,166","±875","17.7%","±4.8","22,663","±1,058","5,003","±1,150","22.1%","±5.0","9,670","±479","3,322","±837","34.4%","±8.8","23,837","±720","3,864","±1,056","16.2%","±4.4","12,012","±1,441","2,895","±1,018","24.1%","±8.1","11,666","±479","1,674","±673","14.3%","±5.7","52,339","±734","7,487","±1,618","14.3%","±3.1","40,357,454","±36,371","6,481,034","±50,339","16.1%","±0.1"
"    55 to 64 years","14,071","±704","1,723","±627","12.2%","±4.6","23,276","±808","2,258","±878","9.7%","±3.7","11,171","±323","1,496","±519","13.4%","±4.6","12,909","±662","2,985","±855","23.1%","±6.2","46,609","±521","5,701","±1,384","12.2%","±3.0","146,043","±424","12,119","±1,918","8.3%","±1.3","10,620","±513","680","±328","6.4%","±3.1","13,010","±859","3,029","±1,028","23.3%","±8.1","16,399","±340","2,481","±894","15.1%","±5.4","41,596","±942","5,441","±1,273","13.1%","±3.1","10,863","±777","1,266","±548","11.7%","±4.8","44,102","±157","2,779","±778","6.3%","±1.8","9,793","±505","2,697","±1,231","27.5%","±12.4","53,941","±396","8,309","±1,467","15.4%","±2.7","12,615","±452","2,030","±685","16.1%","±5.4","11,105","±312","1,501","±508","13.5%","±4.6","17,995","±454","3,420","±940","19.0%","±5.2","18,210","±490","2,482","±791","13.6%","±4.3","10,026","±537","1,606","±433","16.0%","±4.5","18,388","±805","2,428","±732","13.2%","±4.0","31,718","±550","5,618","±1,151","17.7%","±3.7","18,005","±357","5,048","±1,190","28.0%","±6.6","7,796","±276","2,092","±615","26.8%","±8.0","20,996","±533","4,988","±1,167","23.8%","±5.5","26,380","±479","6,981","±1,162","26.5%","±4.4","11,197","±766","2,664","±809","23.8%","±7.0","27,734","±523","8,213","±1,332","29.6%","±4.8","13,049","±294","3,678","±908","28.2%","±7.2","12,376","±240","2,812","±626","22.7%","±5.1","56,079","±414","9,469","±1,265","16.9%","±2.3","42,073,956","±22,830","9,195,349","±47,462","21.9%","±0.1"
"    65 to 74 years","12,267","±739","11,608","±831","94.6%","±2.8","15,609","±932","13,497","±1,113","86.5%","±5.3","9,495","±514","9,285","±328","97.8%","±2.5","9,975","±389","9,684","±456","97.1%","±2.1","34,682","±611","32,041","±1,074","92.4%","±2.5","95,850","±399","84,954","±1,626","88.6%","±1.7","7,373","±424","6,654","±462","90.2%","±4.2","9,229","±270","8,735","±371","94.6%","±3.1","11,422","±473","10,740","±561","94.0%","±2.9","30,985","±950","28,346","±929","91.5%","±3.7","11,379","±538","10,768","±848","94.6%","±5.7","24,449","±452","21,152","±892","86.5%","±3.1","7,275","±199","7,192","±239","98.9%","±1.9","31,168","±795","27,589","±1,322","88.5%","±3.2","12,077","±450","11,442","±494","94.7%","±3.3","8,761","±297","8,566","±355","97.8%","±2.1","12,160","±533","11,856","±497","97.5%","±1.8","10,341","±632","9,755","±754","94.3%","±3.3","6,364","±615","6,194","±584","97.3%","±2.8","11,459","±879","10,076","±1,041","87.9%","±5.9","20,383","±602","19,801","±686","97.1%","±2.1","12,313","±333","11,966","±391","97.2%","±2.1","6,303","±487","6,132","±558","97.3%","±3.1","14,282","±501","13,813","±496","96.7%","±2.3","16,958","±578","16,201","±590","95.5%","±2.1","8,171","±283","7,901","±417","96.7%","±2.9","18,908","±496","17,850","±492","94.4%","±3.1","10,012","±729","9,791","±753","97.8%","±2.3","8,338","±247","8,008","±369","96.0%","±3.1","38,896","±852","36,291","±915","93.3%","±2.2","31,216,223","±24,889","29,391,999","±36,432","94.2%","±0.1"
"    75 years and over","8,598","±403","8,598","±403","100.0%","±2.1","9,895","±813","9,835","±825","99.4%","±0.9","7,132","±309","7,132","±309","100.0%","±2.5","7,077","±541","6,988","±550","98.7%","±2.0","19,177","±533","19,059","±519","99.4%","±0.7","63,293","±519","60,754","±923","96.0%","±1.3","4,532","±371","4,500","±369","99.3%","±1.3","6,620","±328","6,620","±328","100.0%","±2.7","8,035","±472","8,035","±472","100.0%","±2.2","21,703","±882","21,102","±831","97.2%","±2.5","8,450","±464","8,387","±475","99.3%","±1.3","15,303","±486","14,614","±588","95.5%","±3.0","5,284","±340","5,284","±340","100.0%","±3.3","17,132","±777","16,752","±771","97.8%","±2.1","8,144","±453","8,024","±421","98.5%","±1.8","7,050","±303","7,025","±305","99.6%","±0.6","7,547","±572","7,453","±585","98.8%","±2.0","5,863","±579","5,531","±595","94.3%","±4.8","4,580","±395","4,393","±368","95.9%","±3.7","6,647","±806","6,344","±763","95.4%","±4.4","12,066","±467","11,776","±464","97.6%","±2.4","8,854","±242","8,793","±262","99.3%","±1.1","4,660","±534","4,646","±534","99.7%","±0.5","9,517","±295","9,517","±295","100.0%","±1.9","10,610","±370","10,610","±370","100.0%","±1.7","5,775","±239","5,775","±239","100.0%","±3.1","12,120","±670","11,761","±409","97.0%","±4.1","5,746","±742","5,746","±742","100.0%","±3.1","5,248","±251","5,162","±274","98.4%","±2.0","26,509","±940","26,272","±997","99.1%","±0.9","21,566,194","±17,007","21,227,779","±20,794","98.4%","±0.1"
"COVERAGE ALONE","","","","","","","","","","","","","","","","","","","","","","","","","","","","","","","","","","","","","","","","","","","","","","","","","","","","","","","","","","","","","","","","","","","","","","","","","","","","","","","","","","","","","","","","","","","","","","","","","","","","","","","","","","","","","","","","","","","","","","","","","","","","","","","","","","","","","","","","","","","","","","","","","","","","","","","","","","","","","","","","","","","","","","","","","","","","","","","","","","","","","","","","","",""
"    Public health insurance alone","(X)","(X)","13,447","±2,780","12.5%","±2.6","(X)","(X)","15,043","±3,375","6.5%","±1.4","(X)","(X)","11,064","±1,963","15.7%","±2.9","(X)","(X)","15,716","±2,897","20.0%","±3.7","(X)","(X)","48,942","±4,714","14.0%","±1.3","(X)","(X)","107,626","±8,694","9.5%","±0.8","(X)","(X)","6,288","±1,513","8.9%","±2.1","(X)","(X)","12,056","±2,224","13.7%","±2.5","(X)","(X)","13,555","±2,285","12.6%","±2.1","(X)","(X)","48,996","±5,174","14.9%","±1.6","(X)","(X)","9,670","±2,787","12.9%","±3.7","(X)","(X)","26,625","±3,839","6.5%","±0.9","(X)","(X)","12,589","±2,626","12.9%","±2.7","(X)","(X)","48,680","±4,921","10.5%","±1.1","(X)","(X)","12,485","±2,436","13.5%","±2.7","(X)","(X)","13,349","±1,830","16.4%","±2.2","(X)","(X)","16,986","±2,346","12.6%","±1.8","(X)","(X)","14,418","±2,674","9.8%","±1.8","(X)","(X)","6,875","±1,729","10.7%","±2.7","(X)","(X)","17,122","±2,772","11.0%","±1.8","(X)","(X)","32,975","±4,544","14.2%","±1.9","(X)","(X)","25,595","±3,703","20.1%","±2.9","(X)","(X)","17,388","±3,226","21.6%","±4.0","(X)","(X)","41,986","±4,710","24.9%","±2.8","(X)","(X)","47,415","±4,116","22.3%","±1.9","(X)","(X)","22,128","±2,924","25.1%","±3.1","(X)","(X)","52,467","±5,101","23.0%","±2.3","(X)","(X)","28,051","±3,831","28.6%","±3.9","(X)","(X)","17,984","±3,094","20.1%","±3.4","(X)","(X)","44,711","±5,172","10.6%","±1.2","(X)","(X)","66,648,290","±271,268","20.6%","±0.1"
"        Medicare coverage alone","(X)","(X)","6,390","±1,401","5.9%","±1.3","(X)","(X)","5,056","±1,162","2.2%","±0.5","(X)","(X)","5,462","±1,092","7.8%","±1.6","(X)","(X)","6,710","±1,257","8.5%","±1.6","(X)","(X)","16,906","±2,139","4.8%","±0.6","(X)","(X)","35,499","±3,546","3.1%","±0.3","(X)","(X)","2,547","±804","3.6%","±1.1","(X)","(X)","6,195","±1,514","7.0%","±1.7","(X)","(X)","6,602","±1,391","6.1%","±1.3","(X)","(X)","14,525","±1,950","4.4%","±0.6","(X)","(X)","4,303","±1,405","5.8%","±1.9","(X)","(X)","8,971","±1,513","2.2%","±0.4","(X)","(X)","6,792","±1,902","6.9%","±1.9","(X)","(X)","12,108","±1,769","2.6%","±0.4","(X)","(X)","6,520","±1,482","7.1%","±1.6","(X)","(X)","4,428","±859","5.4%","±1.1","(X)","(X)","5,901","±1,304","4.4%","±1.0","(X)","(X)","3,136","±847","2.1%","±0.6","(X)","(X)","3,260","±883","5.1%","±1.4","(X)","(X)","3,432","±1,009","2.2%","±0.6","(X)","(X)","9,344","±2,257","4.0%","±1.0","(X)","(X)","5,828","±1,146","4.6%","±0.9","(X)","(X)","5,588","±1,110","6.9%","±1.4","(X)","(X)","8,842","±1,533","5.2%","±0.9","(X)","(X)","9,128","±1,278","4.3%","±0.6","(X)","(X)","5,883","±1,224","6.7%","±1.4","(X)","(X)","12,512","±2,082","5.5%","±0.9","(X)","(X)","8,054","±1,455","8.2%","±1.5","(X)","(X)","3,315","±694","3.7%","±0.8","(X)","(X)","16,217","±1,816","3.8%","±0.4","(X)","(X)","18,577,302","±74,794","5.7%","±0.1"
"        Medicaid/means tested coverage alone","(X)","(X)","6,311","±2,159","5.9%","±2.0","(X)","(X)","9,596","±3,210","4.1%","±1.4","(X)","(X)","5,126","±1,481","7.3%","±2.1","(X)","(X)","8,748","±2,541","11.1%","±3.2","(X)","(X)","30,475","±4,225","8.7%","±1.2","(X)","(X)","67,299","±7,615","5.9%","±0.7","(X)","(X)","3,446","±1,148","4.9%","±1.6","(X)","(X)","5,648","±1,476","6.4%","±1.7","(X)","(X)","6,953","±2,098","6.5%","±2.0","(X)","(X)","33,435","±5,064","10.2%","±1.5","(X)","(X)","5,169","±2,020","6.9%","±2.7","(X)","(X)","16,852","±3,531","4.1%","±0.9","(X)","(X)","4,996","±1,840","5.1%","±1.9","(X)","(X)","35,614","±4,703","7.7%","±1.0","(X)","(X)","5,866","±1,816","6.4%","±2.0","(X)","(X)","8,534","±1,522","10.5%","±1.9","(X)","(X)","10,598","±2,324","7.9%","±1.7","(X)","(X)","10,496","±2,505","7.1%","±1.7","(X)","(X)","2,749","±1,241","4.3%","±1.9","(X)","(X)","13,250","±2,690","8.5%","±1.7","(X)","(X)","22,976","±3,833","9.9%","±1.6","(X)","(X)","18,738","±3,421","14.7%","±2.6","(X)","(X)","11,636","±3,085","14.4%","±3.8","(X)","(X)","31,424","±4,223","18.6%","±2.5","(X)","(X)","36,731","±3,987","17.3%","±1.9","(X)","(X)","15,446","±2,719","17.5%","±3.0","(X)","(X)","39,143","±4,287","17.2%","±1.9","(X)","(X)","19,221","±3,647","19.6%","±3.7","(X)","(X)","13,928","±2,772","15.5%","±3.1","(X)","(X)","26,656","±4,747","6.3%","±1.1","(X)","(X)","47,213,006","±239,196","14.6%","±0.1"
"        VA health care coverage alone","(X)","(X)","746","±481","0.7%","±0.4","(X)","(X)","391","±318","0.2%","±0.1","(X)","(X)","476","±356","0.7%","±0.5","(X)","(X)","258","±253","0.3%","±0.3","(X)","(X)","1,561","±752","0.4%","±0.2","(X)","(X)","4,828","±1,557","0.4%","±0.1","(X)","(X)","295","±274","0.4%","±0.4","(X)","(X)","213","±262","0.2%","±0.3","(X)","(X)","0","±208","0.0%","±0.2","(X)","(X)","1,036","±623","0.3%","±0.2","(X)","(X)","198","±313","0.3%","±0.4","(X)","(X)","802","±598","0.2%","±0.1","(X)","(X)","801","±799","0.8%","±0.8","(X)","(X)","958","±448","0.2%","±0.1","(X)","(X)","99","±148","0.1%","±0.2","(X)","(X)","387","±321","0.5%","±0.4","(X)","(X)","487","±380","0.4%","±0.3","(X)","(X)","786","±537","0.5%","±0.4","(X)","(X)","866","±620","1.3%","±1.0","(X)","(X)","440","±285","0.3%","±0.2","(X)","(X)","655","±755","0.3%","±0.3","(X)","(X)","1,029","±540","0.8%","±0.4","(X)","(X)","164","±180","0.2%","±0.2","(X)","(X)","1,720","±950","1.0%","±0.6","(X)","(X)","1,556","±662","0.7%","±0.3","(X)","(X)","799","±419","0.9%","±0.5","(X)","(X)","812","±460","0.4%","±0.2","(X)","(X)","776","±644","0.8%","±0.7","(X)","(X)","741","±478","0.8%","±0.5","(X)","(X)","1,838","±682","0.4%","±0.2","(X)","(X)","857,982","±22,044","0.3%","±0.1"