"Label","Canadian County, Oklahoma!!Total!!Estimate","Canadian County, Oklahoma!!Insured!!Estimate","Canadian County, Oklahoma!!Percent Insured!!Estimate","Canadian County, Oklahoma!!Uninsured!!Estimate","Canadian County, Oklahoma!!Percent Uninsured!!Estimate","Cleveland County, Oklahoma!!Total!!Estimate","Cleveland County, Oklahoma!!Insured!!Estimate","Cleveland County, Oklahoma!!Percent Insured!!Estimate","Cleveland County, Oklahoma!!Uninsured!!Estimate","Cleveland County, Oklahoma!!Percent Uninsured!!Estimate","Comanche County, Oklahoma!!Total!!Estimate","Comanche County, Oklahoma!!Insured!!Estimate","Comanche County, Oklahoma!!Percent Insured!!Estimate","Comanche County, Oklahoma!!Uninsured!!Estimate","Comanche County, Oklahoma!!Percent Uninsured!!Estimate","Creek County, Oklahoma!!Total!!Estimate","Creek County, Oklahoma!!Insured!!Estimate","Creek County, Oklahoma!!Percent Insured!!Estimate","Creek County, Oklahoma!!Uninsured!!Estimate","Creek County, Oklahoma!!Percent Uninsured!!Estimate","Muskogee County, Oklahoma!!Total!!Estimate","Muskogee County, Oklahoma!!Insured!!Estimate","Muskogee County, Oklahoma!!Percent Insured!!Estimate","Muskogee County, Oklahoma!!Uninsured!!Estimate","Muskogee County, Oklahoma!!Percent Uninsured!!Estimate","Oklahoma County, Oklahoma!!Total!!Estimate","Oklahoma County, Oklahoma!!Insured!!Estimate","Oklahoma County, Oklahoma!!Percent Insured!!Estimate","Oklahoma County, Oklahoma!!Uninsured!!Estimate","Oklahoma County, Oklahoma!!Percent Uninsured!!Estimate","Payne County, Oklahoma!!Total!!Estimate","Payne County, Oklahoma!!Insured!!Estimate","Payne County, Oklahoma!!Percent Insured!!Estimate","Payne County, Oklahoma!!Uninsured!!Estimate","Payne County, Oklahoma!!Percent Uninsured!!Estimate","Pottawatomie County, Oklahoma!!Total!!Estimate","Pottawatomie County, Oklahoma!!Insured!!Estimate","Pottawatomie County, Oklahoma!!Percent Insured!!Estimate","Pottawatomie County, Oklahoma!!Uninsured!!Estimate","Pottawatomie County, Oklahoma!!Percent Uninsured!!Estimate","Rogers County, Oklahoma!!Total!!Estimate","Rogers County, Oklahoma!!Insured!!Estimate","Rogers County, Oklahoma!!Percent Insured!!Estimate","Rogers County, Oklahoma!!Uninsured!!Estimate","Rogers County, Oklahoma!!Percent Uninsured!!Estimate","Tulsa County, Oklahoma!!Total!!Estimate","Tulsa County, Oklahoma!!Insured!!Estimate","Tulsa County, Oklahoma!!Percent Insured!!Estimate","Tulsa County, Oklahoma!!Uninsured!!Estimate","Tulsa County, Oklahoma!!Percent Uninsured!!Estimate","Wagoner County, Oklahoma!!Total!!Estimate","Wagoner County, Oklahoma!!Insured!!Estimate","Wagoner County, Oklahoma!!Percent Insured!!Estimate","Wagoner County, Oklahoma!!Uninsured!!Estimate","Wagoner County, Oklahoma!!Percent Uninsured!!Estimate","United States!!Total!!Estimate","United States!!Insured!!Estimate","United States!!Percent Insured!!Estimate","United States!!Uninsured!!Estimate","United States!!Percent Uninsured!!Estimate"
"Civilian noninstitutionalized population","146,012","130,799","89.6%","15,213","10.4%","278,119","255,789","92.0%","22,330","8.0%","106,861","92,422","86.5%","14,439","13.5%","70,760","63,103","89.2%","7,657","10.8%","65,051","55,548","85.4%","9,503","14.6%","785,041","674,210","85.9%","110,831","14.1%","80,165","70,131","87.5%","10,034","12.5%","70,658","60,173","85.2%","10,485","14.8%","91,324","80,840","88.5%","10,484","11.5%","646,052","552,977","85.6%","93,075","14.4%","80,967","71,263","88.0%","9,704","12.0%","323,120,678","293,482,006","90.8%","29,638,672","9.2%"
"    AGE","","","","","","","","","","","","","","","","","","","","","","","","","","","","","","","","","","","","","","","","","","","","","","","","","","","","","","","","","","","",""
"        Under 6 years","11,236","10,826","96.4%","410","3.6%","17,469","16,643","95.3%","826","4.7%","9,565","9,132","95.5%","433","4.5%","5,032","4,909","97.6%","123","2.4%","5,317","4,960","93.3%","357","6.7%","70,595","66,038","93.5%","4,557","6.5%","4,995","3,833","76.7%","1,162","23.3%","5,156","4,955","96.1%","201","3.9%","6,428","5,636","87.7%","792","12.3%","54,990","50,622","92.1%","4,368","7.9%","5,969","5,492","92.0%","477","8.0%","23,282,008","22,199,355","95.3%","1,082,653","4.7%"
"        6 to 18 years","29,311","28,232","96.3%","1,079","3.7%","48,019","45,386","94.5%","2,633","5.5%","19,475","18,429","94.6%","1,046","5.4%","12,457","11,930","95.8%","527","4.2%","12,552","11,857","94.5%","695","5.5%","141,272","129,018","91.3%","12,254","8.7%","13,167","12,189","92.6%","978","7.4%","13,246","11,805","89.1%","1,441","10.9%","15,550","14,252","91.7%","1,298","8.3%","116,312","106,397","91.5%","9,915","8.5%","14,764","13,529","91.6%","1,235","8.4%","54,068,424","50,775,975","93.9%","3,292,449","6.1%"
"        19 to 25 years","12,167","10,638","87.4%","1,529","12.6%","39,611","34,370","86.8%","5,241","13.2%","10,220","7,804","76.4%","2,416","23.6%","5,707","4,123","72.2%","1,584","27.8%","5,037","3,412","67.7%","1,625","32.3%","73,102","56,732","77.6%","16,370","22.4%","19,170","17,324","90.4%","1,846","9.6%","6,372","4,356","68.4%","2,016","31.6%","8,395","6,900","82.2%","1,495","17.8%","57,082","43,822","76.8%","13,260","23.2%","6,370","4,807","75.5%","1,563","24.5%","29,667,712","25,238,072","85.1%","4,429,640","14.9%"
"        26 to 34 years","18,275","14,704","80.5%","3,571","19.5%","35,831","31,890","89.0%","3,941","11.0%","14,838","10,545","71.1%","4,293","28.9%","7,442","6,127","82.3%","1,315","17.7%","7,253","4,978","68.6%","2,275","31.4%","107,020","83,077","77.6%","23,943","22.4%","10,307","8,062","78.2%","2,245","21.8%","7,391","5,802","78.5%","1,589","21.5%","10,493","8,349","79.6%","2,144","20.4%","86,539","62,708","72.5%","23,831","27.5%","9,137","7,114","77.9%","2,023","22.1%","39,837,331","33,424,276","83.9%","6,413,055","16.1%"
"        35 to 44 years","21,945","16,539","75.4%","5,406","24.6%","35,262","32,450","92.0%","2,812","8.0%","13,342","11,229","84.2%","2,113","15.8%","8,323","7,160","86.0%","1,163","14.0%","8,023","6,418","80.0%","1,605","20.0%","102,181","80,056","78.3%","22,125","21.7%","7,805","6,250","80.1%","1,555","19.9%","9,112","6,887","75.6%","2,225","24.4%","11,026","8,722","79.1%","2,304","20.9%","83,856","67,452","80.4%","16,404","19.6%","10,610","9,112","85.9%","1,498","14.1%","41,051,376","35,276,912","85.9%","5,774,464","14.1%"
"        45 to 54 years","16,930","15,117","89.3%","1,813","10.7%","31,632","27,709","87.6%","3,923","12.4%","10,919","9,317","85.3%","1,602","14.7%","9,258","7,494","80.9%","1,764","19.1%","7,241","5,669","78.3%","1,572","21.7%","87,983","69,708","79.2%","18,275","20.8%","6,361","5,280","83.0%","1,081","17.0%","8,439","7,091","84.0%","1,348","16.0%","11,921","10,595","88.9%","1,326","11.1%","75,666","62,094","82.1%","13,572","17.9%","10,175","8,286","81.4%","1,889","18.6%","40,357,454","35,699,527","88.5%","4,657,927","11.5%"
"        55 to 64 years","16,721","15,316","91.6%","1,405","8.4%","31,430","28,580","90.9%","2,850","9.1%","14,735","12,367","83.9%","2,368","16.1%","9,828","8,647","88.0%","1,181","12.0%","8,718","7,354","84.4%","1,364","15.6%","93,306","80,940","86.7%","12,366","13.3%","7,240","6,073","83.9%","1,167","16.1%","9,362","7,720","82.5%","1,642","17.5%","12,864","11,848","92.1%","1,016","7.9%","77,626","67,316","86.7%","10,310","13.3%","10,460","9,461","90.4%","999","9.6%","42,073,956","38,497,142","91.5%","3,576,814","8.5%"
"        65 to 74 years","12,201","12,201","100.0%","0","0.0%","23,130","23,026","99.6%","104","0.4%","8,341","8,173","98.0%","168","2.0%","7,594","7,594","100.0%","0","0.0%","6,726","6,716","99.9%","10","0.1%","66,671","65,973","99.0%","698","1.0%","5,874","5,874","100.0%","0","0.0%","6,659","6,636","99.7%","23","0.3%","8,587","8,478","98.7%","109","1.3%","56,712","55,962","98.7%","750","1.3%","8,035","8,015","99.8%","20","0.2%","31,216,223","30,913,049","99.0%","303,174","1.0%"
"        75 years and older","7,226","7,226","100.0%","0","0.0%","15,735","15,735","100.0%","0","0.0%","5,426","5,426","100.0%","0","0.0%","5,119","5,119","100.0%","0","0.0%","4,184","4,184","100.0%","0","0.0%","42,911","42,668","99.4%","243","0.6%","5,246","5,246","100.0%","0","0.0%","4,921","4,921","100.0%","0","0.0%","6,060","6,060","100.0%","0","0.0%","37,269","36,604","98.2%","665","1.8%","5,447","5,447","100.0%","0","0.0%","21,566,194","21,457,698","99.5%","108,496","0.5%"
"        Under 19 years","40,547","39,058","96.3%","1,489","3.7%","65,488","62,029","94.7%","3,459","5.3%","29,040","27,561","94.9%","1,479","5.1%","17,489","16,839","96.3%","650","3.7%","17,869","16,817","94.1%","1,052","5.9%","211,867","195,056","92.1%","16,811","7.9%","18,162","16,022","88.2%","2,140","11.8%","18,402","16,760","91.1%","1,642","8.9%","21,978","19,888","90.5%","2,090","9.5%","171,302","157,019","91.7%","14,283","8.3%","20,733","19,021","91.7%","1,712","8.3%","77,350,432","72,975,330","94.3%","4,375,102","5.7%"
"        19 to 64 years","86,038","72,314","84.0%","13,724","16.0%","173,766","154,999","89.2%","18,767","10.8%","64,054","51,262","80.0%","12,792","20.0%","40,558","33,551","82.7%","7,007","17.3%","36,272","27,831","76.7%","8,441","23.3%","463,592","370,513","79.9%","93,079","20.1%","50,883","42,989","84.5%","7,894","15.5%","40,676","31,856","78.3%","8,820","21.7%","54,699","46,414","84.9%","8,285","15.1%","380,769","303,392","79.7%","77,377","20.3%","46,752","38,780","82.9%","7,972","17.1%","192,987,829","168,135,929","87.1%","24,851,900","12.9%"
"        65 years and older","19,427","19,427","100.0%","0","0.0%","38,865","38,761","99.7%","104","0.3%","13,767","13,599","98.8%","168","1.2%","12,713","12,713","100.0%","0","0.0%","10,910","10,900","99.9%","10","0.1%","109,582","108,641","99.1%","941","0.9%","11,120","11,120","100.0%","0","0.0%","11,580","11,557","99.8%","23","0.2%","14,647","14,538","99.3%","109","0.7%","93,981","92,566","98.5%","1,415","1.5%","13,482","13,462","99.9%","20","0.1%","52,782,417","52,370,747","99.2%","411,670","0.8%"
"    SEX","","","","","","","","","","","","","","","","","","","","","","","","","","","","","","","","","","","","","","","","","","","","","","","","","","","","","","","","","","","",""
"        Male","71,328","63,937","89.6%","7,391","10.4%","136,832","124,969","91.3%","11,863","8.7%","51,956","42,820","82.4%","9,136","17.6%","34,876","30,546","87.6%","4,330","12.4%","31,670","26,847","84.8%","4,823","15.2%","380,878","320,772","84.2%","60,106","15.8%","39,483","35,313","89.4%","4,170","10.6%","34,494","28,958","84.0%","5,536","16.0%","44,960","39,849","88.6%","5,111","11.4%","315,321","267,898","85.0%","47,423","15.0%","40,352","35,509","88.0%","4,843","12.0%","157,833,027","141,745,190","89.8%","16,087,837","10.2%"
"        Female","74,684","66,862","89.5%","7,822","10.5%","141,287","130,820","92.6%","10,467","7.4%","54,905","49,602","90.3%","5,303","9.7%","35,884","32,557","90.7%","3,327","9.3%","33,381","28,701","86.0%","4,680","14.0%","404,163","353,438","87.4%","50,725","12.6%","40,682","34,818","85.6%","5,864","14.4%","36,164","31,215","86.3%","4,949","13.7%","46,364","40,991","88.4%","5,373","11.6%","330,731","285,079","86.2%","45,652","13.8%","40,615","35,754","88.0%","4,861","12.0%","165,287,651","151,736,816","91.8%","13,550,835","8.2%"
"    RACE AND HISPANIC OR LATINO ORIGIN","","","","","","","","","","","","","","","","","","","","","","","","","","","","","","","","","","","","","","","","","","","","","","","","","","","","","","","","","","","",""
"        White alone","119,535","106,906","89.4%","12,629","10.6%","217,209","201,879","92.9%","15,330","7.1%","67,033","59,540","88.8%","7,493","11.2%","55,732","50,548","90.7%","5,184","9.3%","37,290","32,742","87.8%","4,548","12.2%","543,284","469,335","86.4%","73,949","13.6%","63,726","56,859","89.2%","6,867","10.8%","54,020","47,100","87.2%","6,920","12.8%","68,137","61,562","90.4%","6,575","9.6%","453,298","393,702","86.9%","59,596","13.1%","60,082","54,069","90.0%","6,013","10.0%","233,212,096","213,846,646","91.7%","19,365,450","8.3%"
"        Black or African American alone","N","N","N","N","N","12,736","11,886","93.3%","850","6.7%","16,910","15,419","91.2%","1,491","8.8%","N","N","N","N","N","6,693","6,072","90.7%","621","9.3%","116,720","101,325","86.8%","15,395","13.2%","2,801","2,451","87.5%","350","12.5%","2,268","1,969","86.8%","299","13.2%","N","N","N","N","N","64,068","53,537","83.6%","10,531","16.4%","2,959","2,673","90.3%","286","9.7%","40,702,085","36,578,046","89.9%","4,124,039","10.1%"
"        American Indian and Alaska Native alone","6,938","6,230","89.8%","708","10.2%","12,322","9,308","75.5%","3,014","24.5%","5,487","4,030","73.4%","1,457","26.6%","9,245","7,868","85.1%","1,377","14.9%","11,520","8,699","75.5%","2,821","24.5%","25,706","21,556","83.9%","4,150","16.1%","3,116","2,174","69.8%","942","30.2%","10,002","7,040","70.4%","2,962","29.6%","12,009","9,401","78.3%","2,608","21.7%","35,107","28,742","81.9%","6,365","18.1%","7,712","5,903","76.5%","1,809","23.5%","2,777,677","2,247,099","80.9%","530,578","19.1%"
"        Asian alone","N","N","N","N","N","13,178","11,695","88.7%","1,483","11.3%","N","N","N","N","N","N","N","N","N","N","N","N","N","N","N","28,083","24,729","88.1%","3,354","11.9%","N","N","N","N","N","N","N","N","N","N","N","N","N","N","N","23,436","20,572","87.8%","2,864","12.2%","N","N","N","N","N","18,534,191","17,315,729","93.4%","1,218,462","6.6%"
"        Native Hawaiian and Other Pacific Islander alone","N","N","N","N","N","N","N","N","N","N","N","N","N","N","N","N","N","N","N","N","N","N","N","N","N","N","N","N","N","N","N","N","N","N","N","N","N","N","N","N","N","N","N","N","N","N","N","N","N","N","N","N","N","N","N","612,857","537,523","87.7%","75,334","12.3%"
"        Some other race alone","N","N","N","N","N","N","N","N","N","N","N","N","N","N","N","N","N","N","N","N","N","N","N","N","N","24,288","16,666","68.6%","7,622","31.4%","N","N","N","N","N","N","N","N","N","N","N","N","N","N","N","17,635","11,885","67.4%","5,750","32.6%","1,770","1,270","71.8%","500","28.2%","16,143,634","12,711,066","78.7%","3,432,568","21.3%"
"        Two or more races","7,735","6,903","89.2%","832","10.8%","18,437","17,516","95.0%","921","5.0%","12,245","8,895","72.6%","3,350","27.4%","3,967","2,966","74.8%","1,001","25.2%","7,134","6,083","85.3%","1,051","14.7%","46,298","40,061","86.5%","6,237","13.5%","5,589","4,772","85.4%","817","14.6%","3,772","3,529","93.6%","243","6.4%","8,295","7,436","89.6%","859","10.4%","51,666","43,778","84.7%","7,888","15.3%","7,144","6,048","84.7%","1,096","15.3%","11,138,138","10,245,897","92.0%","892,241","8.0%"
"        Hispanic or Latino (of any race)","14,306","11,295","79.0%","3,011","21.0%","25,587","22,389","87.5%","3,198","12.5%","14,217","12,233","86.0%","1,984","14.0%","3,292","2,385","72.4%","907","27.6%","4,144","3,454","83.3%","690","16.7%","141,806","96,033","67.7%","45,773","32.3%","3,747","2,971","79.3%","776","20.7%","3,660","3,181","86.9%","479","13.1%","4,618","3,669","79.4%","949","20.6%","86,198","61,791","71.7%","24,407","28.3%","5,459","3,979","72.9%","1,480","27.1%","59,686,770","48,551,702","81.3%","11,135,068","18.7%"
"        White alone, not Hispanic or Latino","109,688","99,316","90.5%","10,372","9.5%","197,353","184,441","93.5%","12,912","6.5%","60,029","53,533","89.2%","6,496","10.8%","53,149","48,619","91.5%","4,530","8.5%","36,184","31,855","88.0%","4,329","12.0%","434,215","396,563","91.3%","37,652","8.7%","61,737","55,016","89.1%","6,721","10.9%","51,192","44,641","87.2%","6,551","12.8%","64,970","59,104","91.0%","5,866","9.0%","393,602","351,077","89.2%","42,525","10.8%","57,066","51,936","91.0%","5,130","9.0%","194,023,129","181,892,205","93.7%","12,130,924","6.3%"
"    LIVING ARRANGEMENTS","","","","","","","","","","","","","","","","","","","","","","","","","","","","","","","","","","","","","","","","","","","","","","","","","","","","","","","","","","","",""
"        In family households","130,214","117,456","90.2%","12,758","9.8%","213,290","197,005","92.4%","16,285","7.6%","89,230","77,897","87.3%","11,333","12.7%","61,488","55,014","89.5%","6,474","10.5%","54,332","47,022","86.5%","7,310","13.5%","630,588","544,923","86.4%","85,665","13.6%","53,999","45,318","83.9%","8,681","16.1%","59,383","50,887","85.7%","8,496","14.3%","78,667","70,020","89.0%","8,647","11.0%","523,922","451,776","86.2%","72,146","13.8%","71,029","62,540","88.0%","8,489","12.0%","263,940,213","240,098,070","91.0%","23,842,143","9.0%"
"            In married couple families","96,293","89,222","92.7%","7,071","7.3%","168,337","158,187","94.0%","10,150","6.0%","56,630","51,537","91.0%","5,093","9.0%","45,228","41,403","91.5%","3,825","8.5%","36,618","31,843","87.0%","4,775","13.0%","422,902","378,307","89.5%","44,595","10.5%","43,728","37,274","85.2%","6,454","14.8%","43,279","38,386","88.7%","4,893","11.3%","63,725","57,683","90.5%","6,042","9.5%","373,282","331,669","88.9%","41,613","11.1%","57,726","51,598","89.4%","6,128","10.6%","190,121,888","176,180,183","92.7%","13,941,705","7.3%"
"            In other families","33,921","28,234","83.2%","5,687","16.8%","44,953","38,818","86.4%","6,135","13.6%","32,600","26,360","80.9%","6,240","19.1%","16,260","13,611","83.7%","2,649","16.3%","17,714","15,179","85.7%","2,535","14.3%","207,686","166,616","80.2%","41,070","19.8%","10,271","8,044","78.3%","2,227","21.7%","16,104","12,501","77.6%","3,603","22.4%","14,942","12,337","82.6%","2,605","17.4%","150,640","120,107","79.7%","30,533","20.3%","13,303","10,942","82.3%","2,361","17.7%","73,818,325","63,917,887","86.6%","9,900,438","13.4%"
"                Male reference person, no spouse present","9,756","7,521","77.1%","2,235","22.9%","15,667","12,869","82.1%","2,798","17.9%","6,634","5,707","86.0%","927","14.0%","5,278","4,476","84.8%","802","15.2%","3,142","2,744","87.3%","398","12.7%","64,300","48,480","75.4%","15,820","24.6%","3,488","2,899","83.1%","589","16.9%","3,877","3,193","82.4%","684","17.6%","5,297","4,033","76.1%","1,264","23.9%","47,505","37,070","78.0%","10,435","22.0%","3,587","2,805","78.2%","782","21.8%","21,227,309","17,829,442","84.0%","3,397,867","16.0%"
"                Female reference person, no spouse present","24,165","20,713","85.7%","3,452","14.3%","29,286","25,949","88.6%","3,337","11.4%","25,966","20,653","79.5%","5,313","20.5%","10,982","9,135","83.2%","1,847","16.8%","14,572","12,435","85.3%","2,137","14.7%","143,386","118,136","82.4%","25,250","17.6%","6,783","5,145","75.9%","1,638","24.1%","12,227","9,308","76.1%","2,919","23.9%","9,645","8,304","86.1%","1,341","13.9%","103,135","83,037","80.5%","20,098","19.5%","9,716","8,137","83.7%","1,579","16.3%","52,591,016","46,088,445","87.6%","6,502,571","12.4%"
"        In non-family households and other living arrangements","15,798","13,343","84.5%","2,455","15.5%","64,829","58,784","90.7%","6,045","9.3%","17,631","14,525","82.4%","3,106","17.6%","9,272","8,089","87.2%","1,183","12.8%","10,719","8,526","79.5%","2,193","20.5%","154,453","129,287","83.7%","25,166","16.3%","26,166","24,813","94.8%","1,353","5.2%","11,275","9,286","82.4%","1,989","17.6%","12,657","10,820","85.5%","1,837","14.5%","122,130","101,201","82.9%","20,929","17.1%","9,938","8,723","87.8%","1,215","12.2%","59,180,465","53,383,936","90.2%","5,796,529","9.8%"
"    NATIVITY AND U.S. CITIZENSHIP STATUS","","","","","","","","","","","","","","","","","","","","","","","","","","","","","","","","","","","","","","","","","","","","","","","","","","","","","","","","","","","",""
"        Native born","139,354","125,488","90.0%","13,866","10.0%","258,359","239,543","92.7%","18,816","7.3%","101,354","87,244","86.1%","14,110","13.9%","70,049","62,807","89.7%","7,242","10.3%","63,246","54,257","85.8%","8,989","14.2%","704,553","627,242","89.0%","77,311","11.0%","73,403","64,307","87.6%","9,096","12.4%","69,956","59,600","85.2%","10,356","14.8%","88,566","78,817","89.0%","9,749","11.0%","587,100","513,810","87.5%","73,290","12.5%","77,979","69,098","88.6%","8,881","11.4%","278,548,300","257,788,435","92.5%","20,759,865","7.5%"
"        Foreign born","6,658","5,311","79.8%","1,347","20.2%","19,760","16,246","82.2%","3,514","17.8%","5,507","5,178","94.0%","329","6.0%","711","296","41.6%","415","58.4%","1,805","1,291","71.5%","514","28.5%","80,488","46,968","58.4%","33,520","41.6%","6,762","5,824","86.1%","938","13.9%","702","573","81.6%","129","18.4%","2,758","2,023","73.4%","735","26.6%","58,952","39,167","66.4%","19,785","33.6%","2,988","2,165","72.5%","823","27.5%","44,572,378","35,693,571","80.1%","8,878,807","19.9%"
"            Naturalized","4,322","4,040","93.5%","282","6.5%","10,609","9,654","91.0%","955","9.0%","3,346","3,280","98.0%","66","2.0%","229","204","89.1%","25","10.9%","926","798","86.2%","128","13.8%","30,677","25,074","81.7%","5,603","18.3%","2,152","2,139","99.4%","13","0.6%","306","209","68.3%","97","31.7%","1,296","1,136","87.7%","160","12.3%","25,343","21,012","82.9%","4,331","17.1%","1,752","1,576","90.0%","176","10.0%","23,002,416","21,041,210","91.5%","1,961,206","8.5%"
"            Not a citizen","2,336","1,271","54.4%","1,065","45.6%","9,151","6,592","72.0%","2,559","28.0%","2,161","1,898","87.8%","263","12.2%","482","92","19.1%","390","80.9%","879","493","56.1%","386","43.9%","49,811","21,894","44.0%","27,917","56.0%","4,610","3,685","79.9%","925","20.1%","396","364","91.9%","32","8.1%","1,462","887","60.7%","575","39.3%","33,609","18,155","54.0%","15,454","46.0%","1,236","589","47.7%","647","52.3%","21,569,962","14,652,361","67.9%","6,917,601","32.1%"
"    DISABILITY STATUS","","","","","","","","","","","","","","","","","","","","","","","","","","","","","","","","","","","","","","","","","","","","","","","","","","","","","","","","","","","",""
"        With a disability","21,197","18,900","89.2%","2,297","10.8%","37,310","35,161","94.2%","2,149","5.8%","21,704","18,727","86.3%","2,977","13.7%","11,057","10,338","93.5%","719","6.5%","12,785","11,318","88.5%","1,467","11.5%","109,280","97,665","89.4%","11,615","10.6%","11,056","9,565","86.5%","1,491","13.5%","11,857","10,574","89.2%","1,283","10.8%","14,588","12,623","86.5%","1,965","13.5%","78,915","69,532","88.1%","9,383","11.9%","12,606","11,770","93.4%","836","6.6%","41,089,958","38,758,402","94.3%","2,331,556","5.7%"
"        No disability","124,815","111,899","89.7%","12,916","10.3%","240,809","220,628","91.6%","20,181","8.4%","85,157","73,695","86.5%","11,462","13.5%","59,703","52,765","88.4%","6,938","11.6%","52,266","44,230","84.6%","8,036","15.4%","675,761","576,545","85.3%","99,216","14.7%","69,109","60,566","87.6%","8,543","12.4%","58,801","49,599","84.4%","9,202","15.6%","76,736","68,217","88.9%","8,519","11.1%","567,137","483,445","85.2%","83,692","14.8%","68,361","59,493","87.0%","8,868","13.0%","282,030,720","254,723,604","90.3%","27,307,116","9.7%"
"    EDUCATIONAL ATTAINMENT","","","","","","","","","","","","","","","","","","","","","","","","","","","","","","","","","","","","","","","","","","","","","","","","","","","","","","","","","","","",""
"        Civilian noninstitutionalized population 26 years and over","93,298","81,103","86.9%","12,195","13.1%","173,020","159,390","92.1%","13,630","7.9%","67,601","57,057","84.4%","10,544","15.6%","47,564","42,141","88.6%","5,423","11.4%","42,145","35,319","83.8%","6,826","16.2%","500,072","422,422","84.5%","77,650","15.5%","42,833","36,785","85.9%","6,048","14.1%","45,884","39,057","85.1%","6,827","14.9%","60,951","54,052","88.7%","6,899","11.3%","417,668","352,136","84.3%","65,532","15.7%","53,864","47,435","88.1%","6,429","11.9%","216,102,534","195,268,604","90.4%","20,833,930","9.6%"
"            Less than high school graduate","10,780","7,029","65.2%","3,751","34.8%","13,000","10,788","83.0%","2,212","17.0%","6,655","3,932","59.1%","2,723","40.9%","5,583","4,475","80.2%","1,108","19.8%","5,552","4,487","80.8%","1,065","19.2%","60,976","36,970","60.6%","24,006","39.4%","2,426","1,714","70.7%","712","29.3%","5,214","3,858","74.0%","1,356","26.0%","5,305","3,906","73.6%","1,399","26.4%","42,922","28,635","66.7%","14,287","33.3%","4,846","3,760","77.6%","1,086","22.4%","24,366,390","18,999,096","78.0%","5,367,294","22.0%"
"            High school graduate (includes equivalency)","29,865","25,385","85.0%","4,480","15.0%","41,089","36,310","88.4%","4,779","11.6%","23,444","20,050","85.5%","3,394","14.5%","19,063","16,575","86.9%","2,488","13.1%","12,930","10,106","78.2%","2,824","21.8%","130,212","104,268","80.1%","25,944","19.9%","11,974","9,744","81.4%","2,230","18.6%","17,025","13,780","80.9%","3,245","19.1%","18,533","16,053","86.6%","2,480","13.4%","103,746","81,012","78.1%","22,734","21.9%","17,691","15,177","85.8%","2,514","14.2%","57,696,941","50,447,775","87.4%","7,249,166","12.6%"
"            Some college or associate's degree","26,708","23,430","87.7%","3,278","12.3%","56,551","52,400","92.7%","4,151","7.3%","22,821","19,229","84.3%","3,592","15.7%","14,520","13,045","89.8%","1,475","10.2%","14,220","11,835","83.2%","2,385","16.8%","144,868","125,803","86.8%","19,065","13.2%","11,381","9,270","81.5%","2,111","18.5%","14,182","12,603","88.9%","1,579","11.1%","22,335","19,973","89.4%","2,362","10.6%","128,660","108,754","84.5%","19,906","15.5%","18,892","16,660","88.2%","2,232","11.8%","61,702,996","56,353,545","91.3%","5,349,451","8.7%"
"            Bachelor's degree or higher","25,945","25,259","97.4%","686","2.6%","62,380","59,892","96.0%","2,488","4.0%","14,681","13,846","94.3%","835","5.7%","8,398","8,046","95.8%","352","4.2%","9,443","8,891","94.2%","552","5.8%","164,016","155,381","94.7%","8,635","5.3%","17,052","16,057","94.2%","995","5.8%","9,463","8,816","93.2%","647","6.8%","14,778","14,120","95.5%","658","4.5%","142,340","133,735","94.0%","8,605","6.0%","12,435","11,838","95.2%","597","4.8%","72,336,207","69,468,188","96.0%","2,868,019","4.0%"
"    EMPLOYMENT STATUS","","","","","","","","","","","","","","","","","","","","","","","","","","","","","","","","","","","","","","","","","","","","","","","","","","","","","","","","","","","",""
"        Civilian noninstitutionalized population 19 to 64 years","86,038","72,314","84.0%","13,724","16.0%","173,766","154,999","89.2%","18,767","10.8%","64,054","51,262","80.0%","12,792","20.0%","40,558","33,551","82.7%","7,007","17.3%","36,272","27,831","76.7%","8,441","23.3%","463,592","370,513","79.9%","93,079","20.1%","50,883","42,989","84.5%","7,894","15.5%","40,676","31,856","78.3%","8,820","21.7%","54,699","46,414","84.9%","8,285","15.1%","380,769","303,392","79.7%","77,377","20.3%","46,752","38,780","82.9%","7,972","17.1%","192,987,829","168,135,929","87.1%","24,851,900","12.9%"
"            In labor force","69,652","60,806","87.3%","8,846","12.7%","136,401","123,677","90.7%","12,724","9.3%","46,620","37,290","80.0%","9,330","20.0%","28,903","25,054","86.7%","3,849","13.3%","25,145","19,918","79.2%","5,227","20.8%","359,568","292,526","81.4%","67,042","18.6%","35,626","30,383","85.3%","5,243","14.7%","28,834","23,304","80.8%","5,530","19.2%","43,686","37,247","85.3%","6,439","14.7%","305,100","248,274","81.4%","56,826","18.6%","36,574","30,914","84.5%","5,660","15.5%","151,909,747","133,276,510","87.7%","18,633,237","12.3%"
"                Employed","67,737","60,033","88.6%","7,704","11.4%","130,853","120,239","91.9%","10,614","8.1%","43,840","35,722","81.5%","8,118","18.5%","28,047","24,555","87.5%","3,492","12.5%","23,613","18,817","79.7%","4,796","20.3%","344,838","284,232","82.4%","60,606","17.6%","34,393","29,759","86.5%","4,634","13.5%","27,253","22,892","84.0%","4,361","16.0%","42,379","36,612","86.4%","5,767","13.6%","291,404","241,009","82.7%","50,395","17.3%","34,648","29,804","86.0%","4,844","14.0%","145,378,445","128,593,858","88.5%","16,784,587","11.5%"
"                Unemployed","1,915","773","40.4%","1,142","59.6%","5,548","3,438","62.0%","2,110","38.0%","2,780","1,568","56.4%","1,212","43.6%","856","499","58.3%","357","41.7%","1,532","1,101","71.9%","431","28.1%","14,730","8,294","56.3%","6,436","43.7%","1,233","624","50.6%","609","49.4%","1,581","412","26.1%","1,169","73.9%","1,307","635","48.6%","672","51.4%","13,696","7,265","53.0%","6,431","47.0%","1,926","1,110","57.6%","816","42.4%","6,531,302","4,682,652","71.7%","1,848,650","28.3%"
"            Not in labor force","16,386","11,508","70.2%","4,878","29.8%","37,365","31,322","83.8%","6,043","16.2%","17,434","13,972","80.1%","3,462","19.9%","11,655","8,497","72.9%","3,158","27.1%","11,127","7,913","71.1%","3,214","28.9%","104,024","77,987","75.0%","26,037","25.0%","15,257","12,606","82.6%","2,651","17.4%","11,842","8,552","72.2%","3,290","27.8%","11,013","9,167","83.2%","1,846","16.8%","75,669","55,118","72.8%","20,551","27.2%","10,178","7,866","77.3%","2,312","22.7%","41,078,082","34,859,419","84.9%","6,218,663","15.1%"
"    WORK EXPERIENCE","","","","","","","","","","","","","","","","","","","","","","","","","","","","","","","","","","","","","","","","","","","","","","","","","","","","","","","","","","","",""
"        Civilian noninstitutionalized population 19 to 64 years","86,038","72,314","84.0%","13,724","16.0%","173,766","154,999","89.2%","18,767","10.8%","64,054","51,262","80.0%","12,792","20.0%","40,558","33,551","82.7%","7,007","17.3%","36,272","27,831","76.7%","8,441","23.3%","463,592","370,513","79.9%","93,079","20.1%","50,883","42,989","84.5%","7,894","15.5%","40,676","31,856","78.3%","8,820","21.7%","54,699","46,414","84.9%","8,285","15.1%","380,769","303,392","79.7%","77,377","20.3%","46,752","38,780","82.9%","7,972","17.1%","192,987,829","168,135,929","87.1%","24,851,900","12.9%"
"            Worked full-time, year round in the past 12 months","56,052","50,355","89.8%","5,697","10.2%","100,691","94,083","93.4%","6,608","6.6%","33,244","28,604","86.0%","4,640","14.0%","23,141","20,421","88.2%","2,720","11.8%","18,497","15,615","84.4%","2,882","15.6%","270,852","228,100","84.2%","42,752","15.8%","21,739","18,809","86.5%","2,930","13.5%","21,210","18,820","88.7%","2,390","11.3%","33,118","29,108","87.9%","4,010","12.1%","224,445","190,573","84.9%","33,872","15.1%","27,944","24,799","88.7%","3,145","11.3%","109,214,198","98,095,694","89.8%","11,118,504","10.2%"
"            Worked less than full-time, year round in the past 12 months","15,647","11,621","74.3%","4,026","25.7%","42,090","36,097","85.8%","5,993","14.2%","15,164","10,914","72.0%","4,250","28.0%","7,457","5,766","77.3%","1,691","22.7%","7,289","4,651","63.8%","2,638","36.2%","97,686","70,899","72.6%","26,787","27.4%","18,467","15,907","86.1%","2,560","13.9%","9,114","5,761","63.2%","3,353","36.8%","11,923","9,663","81.0%","2,260","19.0%","86,300","62,449","72.4%","23,851","27.6%","9,193","6,492","70.6%","2,701","29.4%","46,115,530","38,369,726","83.2%","7,745,804","16.8%"
"            Did not work","14,339","10,338","72.1%","4,001","27.9%","30,985","24,819","80.1%","6,166","19.9%","15,646","11,744","75.1%","3,902","24.9%","9,960","7,364","73.9%","2,596","26.1%","10,486","7,565","72.1%","2,921","27.9%","95,054","71,514","75.2%","23,540","24.8%","10,677","8,273","77.5%","2,404","22.5%","10,352","7,275","70.3%","3,077","29.7%","9,658","7,643","79.1%","2,015","20.9%","70,024","50,370","71.9%","19,654","28.1%","9,615","7,489","77.9%","2,126","22.1%","37,658,101","31,670,509","84.1%","5,987,592","15.9%"
"    HOUSEHOLD INCOME (IN 2019 INFLATION-ADJUSTED DOLLARS)","","","","","","","","","","","","","","","","","","","","","","","","","","","","","","","","","","","","","","","","","","","","","","","","","","","","","","","","","","","",""
"        Total household population","145,593","130,403","89.6%","15,190","10.4%","271,745","249,523","91.8%","22,222","8.2%","106,553","92,201","86.5%","14,352","13.5%","70,695","63,038","89.2%","7,657","10.8%","64,108","54,622","85.2%","9,486","14.8%","777,997","667,895","85.8%","110,102","14.2%","73,123","63,229","86.5%","9,894","13.5%","69,369","59,126","85.2%","10,243","14.8%","91,025","80,541","88.5%","10,484","11.5%","642,362","549,862","85.6%","92,500","14.4%","80,961","71,257","88.0%","9,704","12.0%","319,261,418","289,929,027","90.8%","29,332,391","9.2%"
"            Under $25,000","10,274","7,455","72.6%","2,819","27.4%","31,150","26,282","84.4%","4,868","15.6%","20,141","16,315","81.0%","3,826","19.0%","10,160","8,657","85.2%","1,503","14.8%","14,614","11,230","76.8%","3,384","23.2%","118,213","89,700","75.9%","28,513","24.1%","18,110","14,217","78.5%","3,893","21.5%","12,368","9,639","77.9%","2,729","22.1%","9,440","7,908","83.8%","1,532","16.2%","95,312","73,598","77.2%","21,714","22.8%","8,047","6,560","81.5%","1,487","18.5%","40,323,295","34,899,277","86.5%","5,424,018","13.5%"
"            $25,000 to $49,999","27,341","23,436","85.7%","3,905","14.3%","47,292","39,237","83.0%","8,055","17.0%","26,103","22,678","86.9%","3,425","13.1%","15,286","12,255","80.2%","3,031","19.8%","18,044","15,558","86.2%","2,486","13.8%","162,653","133,153","81.9%","29,500","18.1%","20,134","17,200","85.4%","2,934","14.6%","11,232","9,556","85.1%","1,676","14.9%","16,344","12,897","78.9%","3,447","21.1%","133,668","106,762","79.9%","26,906","20.1%","14,014","11,648","83.1%","2,366","16.9%","56,551,992","48,692,982","86.1%","7,859,010","13.9%"
"            $50,000 to $74,999","26,697","24,507","91.8%","2,190","8.2%","51,345","47,204","91.9%","4,141","8.1%","21,232","17,188","81.0%","4,044","19.0%","15,040","13,246","88.1%","1,794","11.9%","11,884","9,924","83.5%","1,960","16.5%","153,902","128,673","83.6%","25,229","16.4%","10,852","9,019","83.1%","1,833","16.9%","17,397","14,496","83.3%","2,901","16.7%","20,027","17,355","86.7%","2,672","13.3%","117,741","98,490","83.6%","19,251","16.4%","16,334","13,916","85.2%","2,418","14.8%","54,772,904","48,508,928","88.6%","6,263,976","11.4%"
"            $75,000 to $99,999","30,807","26,361","85.6%","4,446","14.4%","44,908","42,476","94.6%","2,432","5.4%","13,599","12,349","90.8%","1,250","9.2%","11,372","10,749","94.5%","623","5.5%","5,698","5,133","90.1%","565","9.9%","103,512","94,570","91.4%","8,942","8.6%","9,913","9,485","95.7%","428","4.3%","11,385","9,906","87.0%","1,479","13.0%","15,038","13,721","91.2%","1,317","8.8%","87,376","78,122","89.4%","9,254","10.6%","14,406","12,663","87.9%","1,743","12.1%","44,885,818","41,020,936","91.4%","3,864,882","8.6%"
"            $100,000 and over","50,474","48,644","96.4%","1,830","3.6%","97,050","94,324","97.2%","2,726","2.8%","25,478","23,671","92.9%","1,807","7.1%","18,837","18,131","96.3%","706","3.7%","13,868","12,777","92.1%","1,091","7.9%","239,717","221,799","92.5%","17,918","7.5%","14,114","13,308","94.3%","806","5.7%","16,987","15,529","91.4%","1,458","8.6%","30,176","28,660","95.0%","1,516","5.0%","208,265","192,890","92.6%","15,375","7.4%","28,160","26,470","94.0%","1,690","6.0%","122,727,409","116,806,904","95.2%","5,920,505","4.8%"
"    RATIO OF INCOME TO POVERTY LEVEL IN THE PAST 12 MONTHS","","","","","","","","","","","","","","","","","","","","","","","","","","","","","","","","","","","","","","","","","","","","","","","","","","","","","","","","","","","",""
"        Civilian noninstitutionalized population for whom poverty status is determined","145,125","130,195","89.7%","14,930","10.3%","271,790","249,521","91.8%","22,269","8.2%","106,311","91,913","86.5%","14,398","13.5%","70,464","62,807","89.1%","7,657","10.9%","64,107","54,604","85.2%","9,503","14.8%","778,473","668,091","85.8%","110,382","14.2%","72,776","62,834","86.3%","9,942","13.7%","69,382","59,150","85.3%","10,232","14.7%","90,860","80,376","88.5%","10,484","11.5%","640,518","548,093","85.6%","92,425","14.4%","80,542","71,022","88.2%","9,520","11.8%","319,224,591","289,833,878","90.8%","29,390,713","9.2%"
"            Below 138 percent of the poverty threshold","20,399","15,840","77.7%","4,559","22.3%","44,828","35,459","79.1%","9,369","20.9%","30,238","24,781","82.0%","5,457","18.0%","14,018","11,334","80.9%","2,684","19.1%","21,532","17,185","79.8%","4,347","20.2%","176,483","132,507","75.1%","43,976","24.9%","23,351","17,999","77.1%","5,352","22.9%","13,976","10,317","73.8%","3,659","26.2%","14,391","10,473","72.8%","3,918","27.2%","138,956","104,210","75.0%","34,746","25.0%","10,592","8,209","77.5%","2,383","22.5%","58,863,556","49,529,372","84.1%","9,334,184","15.9%"
"            138 to 399 percent of the poverty threshold","65,488","57,457","87.7%","8,031","12.3%","115,634","106,213","91.9%","9,421","8.1%","47,771","40,239","84.2%","7,532","15.8%","31,200","27,092","86.8%","4,108","13.2%","24,457","20,763","84.9%","3,694","15.1%","328,135","279,305","85.1%","48,830","14.9%","30,767","27,179","88.3%","3,588","11.7%","35,299","30,330","85.9%","4,969","14.1%","39,796","34,623","87.0%","5,173","13.0%","268,644","225,063","83.8%","43,581","16.2%","37,295","32,157","86.2%","5,138","13.8%","128,036,509","113,085,314","88.3%","14,951,195","11.7%"
"            At or above 400 percent of the poverty threshold","59,238","56,898","96.0%","2,340","4.0%","111,328","107,849","96.9%","3,479","3.1%","28,302","26,893","95.0%","1,409","5.0%","25,246","24,381","96.6%","865","3.4%","18,118","16,656","91.9%","1,462","8.1%","273,855","256,279","93.6%","17,576","6.4%","18,658","17,656","94.6%","1,002","5.4%","20,107","18,503","92.0%","1,604","8.0%","36,673","35,280","96.2%","1,393","3.8%","232,918","218,820","93.9%","14,098","6.1%","32,655","30,656","93.9%","1,999","6.1%","132,324,526","127,219,192","96.1%","5,105,334","3.9%"
"            Below 100 percent of the poverty threshold","12,658","9,050","71.5%","3,608","28.5%","32,285","26,053","80.7%","6,232","19.3%","19,417","15,027","77.4%","4,390","22.6%","9,409","7,578","80.5%","1,831","19.5%","15,355","12,204","79.5%","3,151","20.5%","116,442","84,854","72.9%","31,588","27.1%","18,837","14,402","76.5%","4,435","23.5%","9,802","6,942","70.8%","2,860","29.2%","10,428","7,220","69.2%","3,208","30.8%","91,962","66,594","72.4%","25,368","27.6%","5,908","4,270","72.3%","1,638","27.7%","39,464,064","33,166,119","84.0%","6,297,945","16.0%"